datetime,underlying_price,NIFTY27JAN2625200CE,NIFTY27JAN2625300CE,NIFTY27JAN2625400CE,NIFTY27JAN2625500CE,NIFTY27JAN2625600CE,NIFTY27JAN2625700CE,NIFTY27JAN2625800CE,NIFTY27JAN2625900CE,NIFTY27JAN2626000CE,NIFTY27JAN2626100CE,NIFTY27JAN2626200CE,NIFTY27JAN2626300CE,NIFTY27JAN2626400CE,NIFTY27JAN2626500CE,NIFTY27JAN2623800PE,NIFTY27JAN2623900PE,NIFTY27JAN2624000PE,NIFTY27JAN2624100PE,NIFTY27JAN2624200PE,NIFTY27JAN2624300PE,NIFTY27JAN2624400PE,NIFTY27JAN2624500PE,NIFTY27JAN2624600PE,NIFTY27JAN2624700PE,NIFTY27JAN2624800PE,NIFTY27JAN2624900PE,NIFTY27JAN2625000PE,NIFTY27JAN2625100PE
07-01-2026 09:15,26111.65,0.12662,0.1233,0.11741,0.11374820690980414,0.11005,0.10576,0.10144203354138881,0.09724,0.0957,0.09397,0.09187,0.09041,0.08908,0.08795,0.1784,0.17237,0.16928,0.1634301857848186,0.1576,0.1524,0.14697,0.14105,0.13613,0.13085,0.1264,0.12142,0.11631,0.1115
07-01-2026 09:20,26141.4,0.08632,0.10052286939097103,0.10878341468485829,0.11779,0.11197,0.11028,0.10879847459727898,0.10200114221964962,0.09837,0.09619,0.09413,0.09236,0.09057,0.08925,0.17962,0.17477,0.17205574073516008,0.16534,0.15939917295463382,0.1542,0.14753,0.14274,0.13849,0.13282,0.1286024477575542,0.12363,0.11843115480098873,0.11353
07-01-2026 09:25,26139.35,0.09147,0.0954863290615147,0.09514,0.09933,0.09599,0.09204,0.09216,0.08954,0.08996,0.08861,0.08697,0.08627,0.08541,0.08497733333332379,0.1801,0.17574,0.17154,0.16567,0.15927,0.15448417442390724,0.14919,0.14245,0.13806,0.13242,0.12877,0.12349,0.11817,0.11290799999996846
07-01-2026 09:30,26128.95,0.1086,0.10842,0.1115,0.12248,0.10715,0.11098,0.10345,0.09945824882648885,0.09864,0.09511,0.09304,0.09123,0.08973006628702716,0.08843,0.18174,0.17595224875664037,0.17206,0.16502,0.15755,0.1525641813763848,0.14691,0.14209,0.13721,0.13184,0.12722,0.12252,0.11729,0.112
07-01-2026 09:35,26131.9,0.10462,0.10538,0.12459,0.12051,0.11225,0.11294,0.10544,0.10077749952957965,0.09896,0.09652382452283603,0.09412,0.09136,0.09014,0.08885,0.18193,0.17623774714708026,0.17226,0.16522,0.15924,0.15334,0.14784,0.1423,0.13752019763662723,0.13219,0.12733,0.12295,0.11707,0.11126313589204127
07-01-2026 09:40,26145.15,0.07079,0.07639,0.08313,0.08523,0.08695616809966178,0.08734,0.08718742487093892,0.08401757064617704,0.0845,0.08386,0.08355106987346327,0.08301,0.08262,0.08249,0.18277,0.1782,0.17265,0.16631,0.15883,0.15343,0.14961,0.14337,0.1382,0.13313,0.12864,0.12374,0.11872,0.11374067254929726
07-01-2026 09:45,26113.1,0.1315363796570687,0.11837,0.10826,0.11514,0.1083,0.1055,0.10226,0.09817854509216267,0.09741,0.09438,0.09237,0.09075,0.08932577820169157,0.08809,0.18107,0.17468,0.1704,0.16426,0.157,0.15289,0.14697,0.14089,0.13571,0.13075,0.12599,0.12096,0.11556581775066445,0.11071
07-01-2026 09:50,26110.0,0.13450770625007033,0.12087,0.10978,0.11574914450205381,0.10805725038265408,0.10476,0.09939,0.0968,0.09542,0.09316,0.09122,0.08945,0.08816360750724911,0.08699,0.1796030564946523,0.1745,0.17045,0.16386,0.15681,0.15155,0.14694,0.14082665460537588,0.13566,0.13068,0.12601,0.12111042311259852,0.11607,0.11095
07-01-2026 09:55,26108.9,0.13029,0.12175,0.13487,0.13172209170139743,0.12009,0.11328,0.110392931735033,0.10656221751558546,0.10426,0.10032,0.09739,0.09479,0.09256,0.09083,0.18084,0.17444,0.16945,0.16358,0.15675,0.15160592441336757,0.14636,0.14063,0.1353,0.1302189838178436,0.12571,0.12047,0.11499448386397554,0.10983
07-01-2026 10:00,26140.3,0.09239,0.0877,0.115,0.11531,0.11123,0.10752,0.10161,0.09834035036796891,0.09747,0.0947810243121228,0.09255,0.09062,0.08911,0.08803470431988768,0.1828,0.17745,0.1717,0.16515,0.16067,0.15356,0.1481,0.14259,0.13735898399588248,0.13216,0.12774,0.12248,0.11715361159773352,0.1122
07-01-2026 10:05,26142.95,0.06263870440377194,0.08237,0.11304,0.1169801862498843,0.11037,0.11308,0.11004,0.10336,0.10275,0.09909,0.09616,0.09389869331043103,0.09181,0.09023,0.18298,0.17622,0.1714,0.16534,0.15961,0.15374,0.14828,0.14278,0.13766,0.13236,0.12794,0.12247,0.11739,0.11183
07-01-2026 10:10,26159.15,0.10591,0.11189,0.09886,0.10570196275187345,0.10347091706880757,0.10716296692407674,0.10588,0.10219479070916224,0.10101360569588666,0.09746,0.09524,0.09264,0.09117,0.08945,0.1845209987737826,0.17762050828743714,0.17292,0.16683,0.16050757184313968,0.15501,0.14937,0.14421,0.13893,0.1335,0.12947,0.12462,0.11843,0.11309
07-01-2026 10:15,26183.8,0.12049,0.09722,0.11136,0.09406,0.09202,0.09475942220285245,0.09326,0.08786,0.08838,0.08718818359736981,0.08615531455870522,0.08527,0.08415,0.08380178236804234,0.18267,0.17754827524773464,0.17425,0.16842,0.16269,0.15663,0.15173,0.14572,0.14048,0.13536,0.13028,0.12548,0.12019,0.115
07-01-2026 10:20,26169.15,0.13492,0.11376,0.12267,0.11348771389828449,0.10785,0.10424048275473871,0.09695,0.09399,0.09285,0.09066237680051638,0.08918,0.08778,0.08646,0.08546,0.18381,0.17694,0.1733194078391473,0.1675,0.1615586077043251,0.15564419570736424,0.15024,0.14482597193464164,0.13994,0.13449,0.12949,0.12431,0.11901,0.11379
07-01-2026 10:25,26152.25,0.14819,0.11685,0.1055,0.10144,0.09497659970453293,0.09735109068548949,0.09325,0.09388,0.0911,0.08957195129003305,0.08801,0.08672,0.0857,0.08459,0.18279,0.1759,0.17144688772750055,0.16607029287687042,0.16026,0.15459,0.14949,0.14378,0.13834,0.13291,0.12889,0.1234,0.11784,0.11258
07-01-2026 10:30,26130.45,0.14045,0.13392,0.12199,0.11988089266230256,0.11059392053768281,0.10631,0.10164,0.09839,0.09654677047670995,0.09407,0.09186506113489283,0.08982526953569331,0.0883,0.08712,0.18145,0.17666,0.17139,0.16528,0.15910032337168956,0.15318,0.14805,0.14233,0.13686,0.1314,0.12709,0.1217,0.11602,0.1105331053555328
07-01-2026 10:35,26133.05,0.13848,0.13213,0.12061355595372845,0.11923185233023853,0.109,0.10357,0.10375,0.09754,0.09843,0.09586214453207137,0.09299,0.09104170112787696,0.08935,0.08769,0.18179638221276717,0.17607,0.17133,0.16478,0.15885314624947056,0.15317,0.1486,0.14238786605710907,0.13675,0.13159,0.12694,0.12169,0.11614897514218928,0.11086
07-01-2026 10:40,26144.05,0.12683536761233272,0.1239,0.11503971657774181,0.11069,0.105855400060992,0.10253,0.10202066171941362,0.09761,0.09496,0.09303341879260169,0.09067,0.08887286524011134,0.08738,0.08609,0.18288,0.1763687877887831,0.17204,0.1655,0.15977,0.15409,0.14898,0.14327,0.13781,0.13264,0.12761,0.12241240881587735,0.11697,0.11174638850277667
07-01-2026 10:45,26141.15,0.12448,0.11670017406802208,0.11456,0.114,0.10828,0.10332,0.10041,0.09745,0.09534311583518776,0.09195,0.09043,0.08885,0.08721927358351277,0.08575,0.18131,0.1766,0.17189631939510627,0.16533,0.15938,0.15392,0.14844,0.14292,0.13762,0.13204,0.12718,0.12241,0.11676,0.11120638850271895
07-01-2026 10:50,26146.85,0.15441,0.12166,0.12264,0.12576,0.11123439547266022,0.10062,0.1029264099374539,0.10421,0.10121,0.09751,0.09502,0.09229,0.09052,0.08866,0.18168,0.17583405479840938,0.17128,0.1657,0.15971488186026078,0.15411,0.14865,0.14331,0.13772,0.13245,0.12747,0.12241,0.11671,0.11127
07-01-2026 10:55,26168.55,0.11618,0.09908,0.10582,0.10846950080340576,0.10027,0.09883,0.09819,0.09465,0.09529,0.09256,0.0906,0.08877,0.08737,0.08584,0.18331,0.17727,0.17315,0.16687,0.16117,0.15543078328554183,0.1501,0.14478,0.13937,0.13411,0.12903,0.12381444052543233,0.11815,0.11277
07-01-2026 11:00,26160.15,0.14217,0.10926,0.12493,0.12832,0.11709,0.11632,0.11182,0.10649,0.10367,0.0996,0.09689,0.09419,0.09188,0.0897691729830257,0.18281,0.17727,0.17264,0.16635,0.16049446617655294,0.155,0.14973,0.1444,0.13896,0.1334,0.12844,0.12318,0.11743,0.11204
07-01-2026 11:05,26182.1,0.0433100000003833,0.06317,0.10803,0.11224,0.11009,0.10412,0.09991,0.09817,0.09557178287888397,0.0919,0.08995470247429323,0.08838,0.08688,0.0856,0.18446,0.17867,0.17404,0.16776,0.16186,0.15622296883548184,0.15102,0.14572,0.14038517345486973,0.13508,0.1301532878306101,0.12479,0.11928,0.11373
07-01-2026 11:10,26166.7,0.10117900000027248,0.10165,0.12041,0.11594161386360359,0.10432,0.09996571568108537,0.09653,0.0939540091809707,0.09205,0.08991,0.08867,0.0869112514425192,0.08535,0.08431,0.18353,0.1772,0.17284,0.16679,0.16173,0.15382,0.1494607619945339,0.14469,0.13988,0.13401,0.12927810244011184,0.1239,0.11804,0.11274
07-01-2026 11:15,26148.15,0.15103,0.12068,0.1274173430665857,0.11697,0.10479,0.10114,0.10383,0.10015,0.09801,0.09558935886382135,0.09307,0.09093874653235909,0.08902,0.08724,0.18212,0.17646,0.17197850553519511,0.16562,0.1597,0.15445,0.14843,0.14362,0.13802,0.13232,0.12761448441662637,0.12244,0.11685,0.11124
07-01-2026 11:20,26148.9,0.13325,0.11778975166447492,0.13221,0.10563,0.10438,0.09836087216205805,0.09484,0.09535,0.09336375253385935,0.0912,0.08892,0.08742,0.0862,0.08517,0.18169562100399375,0.17612,0.17222,0.16569,0.15975652602593526,0.15412,0.14849,0.14368,0.13808,0.13238,0.1278,0.12255039713967666,0.11682,0.11139
07-01-2026 11:25,26140.4,0.14019,0.12221946973574685,0.13724,0.11602,0.10911,0.10247988417789482,0.10048065644382845,0.09862848858268111,0.09665172706692514,0.09357,0.09108669412017018,0.08967,0.08807,0.08663,0.1809089543373237,0.17534,0.17146,0.16493,0.15901,0.15337,0.148018547314219,0.14296,0.13721,0.13166,0.1268741379445423,0.12146,0.1159,0.11031
07-01-2026 11:30,26144.45,0.13223,0.1238,0.13491,0.12795,0.10692,0.10959,0.11051,0.10497,0.10338,0.09905,0.0955,0.0933,0.09089,0.08913,0.18165,0.17587,0.17124,0.16588,0.1595,0.15380201283763237,0.1486407429177878,0.14324,0.13734,0.13195,0.12677,0.12154,0.11602,0.11071
07-01-2026 11:35,26160.05,0.1379,0.10954,0.12705,0.11342,0.1144,0.09898,0.09861,0.0955,0.09382,0.09112,0.08876,0.08738907341178885,0.08612,0.08473,0.18262,0.17686,0.17249,0.16689,0.16051,0.15488,0.14989,0.1443,0.13873,0.13333,0.12776,0.12275295874212797,0.11739,0.11192
07-01-2026 11:40,26147.1,0.12877925808492421,0.12168,0.13513,0.11628,0.12094,0.10735,0.10434,0.09993696120263323,0.09677,0.09297,0.09119,0.08937,0.08741,0.08616,0.18184,0.17607,0.1720533929231356,0.16608,0.15948,0.15385,0.14842,0.1430263425969931,0.13755,0.13244,0.12735,0.12187,0.11653,0.11076
07-01-2026 11:45,26136.15,0.15533,0.13021,0.12347,0.11221344420602541,0.11514253700918806,0.10719,0.10479,0.09917,0.09782,0.09505,0.09244,0.09021,0.08853273095957806,0.08711,0.18118,0.17565,0.1713480583299649,0.16517,0.15878,0.15314,0.14771,0.14255,0.13711,0.13168,0.12657,0.12108,0.11572272293465741,0.11045
07-01-2026 11:50,26138.65,0.15371,0.12839,0.12183,0.10693,0.11294,0.10361668537201386,0.09573,0.09332,0.09232,0.08996,0.08826,0.08661,0.0854958139032718,0.08458,0.18163,0.17566,0.17118911513410848,0.16488,0.15896,0.15312,0.1477,0.14256,0.13711363245163968,0.13173,0.127,0.12127,0.11611,0.11082
07-01-2026 11:55,26126.7,0.15202456898058936,0.13681,0.1314168024873371,0.11165,0.11006,0.10405,0.10053,0.0968,0.09586,0.09322230068672056,0.09077,0.08903891743908632,0.08749,0.08637,0.18119,0.17496498727876625,0.17019,0.16413,0.1582,0.15235,0.14692,0.14193,0.13603,0.13077,0.12604,0.12062,0.11541,0.11042
07-01-2026 12:00,26121.55,0.16447,0.14018,0.12062,0.11040274688918472,0.1122039524744075,0.10525,0.10099,0.09795,0.09557,0.09277,0.09077,0.08877,0.087203799614053,0.08587,0.18089,0.17468,0.17036,0.16382,0.15788,0.15198996955898214,0.14659,0.14131409754297833,0.13584,0.13042,0.12544,0.12036,0.11541,0.11002
07-01-2026 12:05,26110.95,0.17059,0.14512598501771606,0.12592,0.11854,0.11393,0.10904,0.10471,0.1006040960584332,0.09873933662540833,0.09505,0.09261,0.090460140801314,0.08873069347520424,0.08731,0.18024,0.17388,0.16946,0.16361,0.15766232340356257,0.1516264828115047,0.14608,0.14106,0.13542,0.13009,0.12564,0.12023,0.1149,0.10954
07-01-2026 12:10,26110.45,0.18352836364663144,0.14699,0.12624,0.12268,0.11624838843661822,0.10926,0.10682,0.10029,0.10023,0.09643,0.09378,0.09151,0.08936,0.08870649997023913,0.18051,0.17387,0.169454440002014,0.16336,0.15632,0.15152,0.14588,0.14087,0.13554,0.13007,0.12538,0.11999,0.11469,0.10926
07-01-2026 12:15,26107.4,0.1726,0.14568130825416487,0.1281,0.11874916156770757,0.116969871513123,0.11083,0.10355,0.10125,0.09722,0.09467,0.09205,0.09009,0.08853,0.08725,0.18033,0.17372,0.16902,0.16318,0.15679,0.1511355642350612,0.14568,0.14051,0.1352,0.13013,0.1254,0.11967,0.11389253064980806,0.10820771288991105
07-01-2026 12:20,26103.3,0.14749,0.15113,0.12846,0.12228,0.11176,0.1131,0.10716,0.10184,0.09835,0.09577809919366029,0.09375,0.09145,0.08962,0.0882,0.18064,0.17369,0.16911600105210203,0.16293,0.15675,0.15088,0.14558934093926418,0.14057,0.13537,0.12972,0.12512,0.1199,0.115,0.11008989222933228
07-01-2026 12:25,26106.55,0.14529,0.12760022434393903,0.12654,0.11526,0.11023,0.10932,0.10306,0.09924,0.09688,0.09433,0.09216,0.09023302186449754,0.08851,0.08719,0.18086,0.17367,0.16924,0.16338,0.15697,0.15111,0.14580193864364027,0.1408,0.13567653860248793,0.13048130326221885,0.12583,0.12057,0.11544,0.11046
07-01-2026 12:30,26108.85,0.13166043644928987,0.13189,0.12764,0.12135,0.11389,0.1097,0.1052,0.10143,0.09905,0.09602,0.09375,0.09157712162175911,0.08962,0.0881,0.18009824347114942,0.17382,0.16896021338214268,0.16302703217373216,0.15713,0.15127,0.14704,0.1416257501494334,0.13591477497342094,0.13053,0.12554,0.12044,0.11535,0.11008
07-01-2026 12:35,26106.25,0.13895,0.131538721380792,0.12241781227159965,0.11553,0.11035,0.10842,0.10552,0.10146,0.09871,0.09611,0.09355,0.0912670690280548,0.08912,0.08772289310428508,0.17976,0.17473,0.169,0.16316,0.15719,0.15237,0.14602,0.14097,0.13531,0.13035,0.12571,0.12036,0.11516,0.10996201909212108
07-01-2026 12:40,26103.5,0.11991,0.11696,0.11289,0.10667,0.10291,0.09938791806725614,0.09545,0.09235,0.0917,0.08965,0.08826,0.08653,0.0853,0.08439,0.1796,0.17457,0.16884,0.16299,0.15724,0.15153,0.14638,0.14079,0.13557,0.13083,0.12552,0.12089,0.11587,0.11085201909209094
07-01-2026 12:45,26084.3,0.13611,0.13107,0.1253,0.11451,0.11253,0.10675,0.10261908548855192,0.0982,0.09613,0.09317,0.09116,0.08921,0.08777010697914374,0.08642,0.17728498742629023,0.17193,0.1669607533270296,0.16086,0.156,0.15028,0.14511,0.1395,0.13425,0.12896,0.12449,0.11943174810005415,0.1142959198096527,0.10937
07-01-2026 12:50,26084.8,0.13576,0.13076,0.12502,0.11425,0.11181,0.10873,0.10386,0.09994,0.09747,0.09457,0.09258,0.09054558805471304,0.08887,0.08759,0.17985,0.17281,0.16768,0.16159,0.15605,0.15118,0.14533764891573364,0.13954,0.13415,0.1289418953002567,0.1243,0.1192,0.11391,0.10832182882813599
07-01-2026 12:55,26089.25,0.12995572723565468,0.12042368242143034,0.12235,0.1206,0.11469,0.10908,0.10466,0.10084,0.0984,0.0947,0.09279,0.09043,0.08873,0.08741,0.17916428544598037,0.1727906237149332,0.16774,0.16189,0.15657,0.15117,0.14577,0.13937,0.13418,0.1288,0.12429,0.11934,0.11381,0.10798182882811333
07-01-2026 13:00,26099.15,0.13774,0.12346432808796583,0.12114,0.11955,0.11469,0.10982,0.10532365576838945,0.10038,0.09815,0.09453,0.09202,0.09013,0.0883,0.087,0.17939,0.17435,0.16913271127747673,0.16276,0.15729,0.1513,0.14593119436993782,0.14022,0.13479293014153335,0.12951,0.12442,0.11914,0.1141,0.10896
07-01-2026 13:05,26103.3,0.12482158956847635,0.11724,0.1174034879109862,0.11697,0.11188,0.10731,0.1025,0.09934,0.09665,0.09358642942782977,0.09115,0.08926,0.0873,0.08606,0.17966,0.17376358184141197,0.16866,0.16285,0.15729,0.15201,0.14642,0.14034,0.13517,0.12960477446888347,0.12461,0.11956,0.11452,0.10938
07-01-2026 13:10,26105.85,0.13259,0.11512,0.11761995232906854,0.11921,0.10758,0.10426,0.10056,0.09671957934572642,0.09497,0.09178,0.08993,0.08809,0.08671626581918385,0.08572,0.1789,0.17454,0.16883,0.16274,0.15661,0.15176,0.1461579365981929,0.14036,0.13536,0.13005829356536508,0.12528,0.11997,0.11473,0.10925
07-01-2026 13:15,26097.2,0.13545,0.12209,0.11865653591457669,0.11998015022941583,0.11389,0.10920417017194674,0.10424947381310722,0.10025,0.09667,0.09342,0.0919,0.08937,0.08790490371166665,0.08674,0.17932,0.17401,0.16878,0.16261,0.15718,0.1512,0.14514,0.14012,0.13494369880233295,0.1298,0.1249,0.11945,0.11408,0.10916
07-01-2026 13:20,26097.45,0.13528,0.12192,0.12229,0.11051,0.10726,0.10272,0.09787,0.09553,0.0935,0.09048,0.08899,0.0872299820978108,0.08593,0.08506,0.17786,0.17271,0.16817693191426125,0.16248,0.15609,0.15123,0.14535,0.14000228638468498,0.1348,0.12982,0.12484101719819933,0.11945366572673213,0.11425492654528725,0.10935
07-01-2026 13:25,26076.35,0.13635,0.13632,0.13447,0.11507,0.11124,0.10481,0.10174,0.09783,0.09578,0.09306,0.09102,0.08847311879752423,0.08615627440672899,0.08466967789238655,0.17677,0.17141,0.16651,0.16114,0.15522928360948363,0.14992,0.14396,0.13872,0.13331908292786643,0.12796131819687642,0.12294,0.11771,0.11287,0.10790963434560115
07-01-2026 13:30,26070.0,0.14088,0.13340232680293357,0.13783,0.11987,0.11361,0.10826392710946303,0.10445572556443938,0.10029,0.09795,0.09434,0.09254,0.09022,0.08856,0.08735813064962049,0.17822,0.17166,0.16673749543609256,0.16075,0.15539,0.14993,0.14407684299797283,0.13846,0.13302678740330698,0.12764,0.12272,0.11752840636718022,0.11258,0.1072
07-01-2026 13:35,26074.55,0.1579962513028189,0.14358442483323666,0.13547,0.12112,0.1144,0.11189,0.10505,0.10046,0.09766,0.09457,0.09234,0.09017,0.0882,0.08695,0.17852,0.17232559337103392,0.16691,0.16108,0.15531317836593803,0.1503010166268067,0.14467,0.13862,0.1328,0.1281,0.12259,0.11738,0.11229,0.10705781328958136
07-01-2026 13:40,26074.2,0.13798,0.13149,0.13567,0.12103,0.11374,0.1091352170559169,0.104,0.10033,0.09781,0.0944858716683304,0.09207,0.09026,0.08842,0.08693,0.17851,0.17132,0.16666,0.16104,0.15485,0.14996247355268486,0.14464,0.13877,0.13308,0.12729,0.12293,0.11799,0.11276833589373708,0.10731
07-01-2026 13:45,26072.8,0.13691546742145846,0.1375,0.13804990243967277,0.12452,0.11755,0.1126,0.10713,0.10257,0.10008,0.09637,0.09394,0.09167,0.08976,0.08827,0.17844,0.17195958890203014,0.16658,0.16074,0.15487225016262535,0.14982,0.14267,0.13852,0.13267347418618547,0.1272,0.12272,0.11748,0.11227,0.10712
07-01-2026 13:50,26083.4,0.1311,0.13079,0.13071,0.11458,0.1109,0.10573,0.09955,0.09775,0.09571,0.09249,0.09049,0.08864,0.08724,0.086,0.17858807697859583,0.17201100353650003,0.16703,0.16133109042512606,0.15547,0.15029,0.14357,0.13909,0.13359,0.12796,0.1235,0.11838,0.11309,0.10797
07-01-2026 13:55,26079.6,0.13406,0.13102682428738605,0.13283,0.12454,0.11271,0.11314,0.1069003682476852,0.10267,0.09951,0.09595,0.09371,0.09128,0.08946160558981125,0.0879,0.17644,0.17088,0.1663,0.16097,0.15524,0.14995,0.1439500314345051,0.13868,0.13319,0.1277,0.12323,0.11758,0.11262,0.10757584748363228
07-01-2026 14:00,26088.65,0.12683,0.12726,0.12360646212665714,0.11292457378074433,0.10839,0.10736,0.10616,0.10171640867309975,0.09891,0.09497,0.09280339385384592,0.09048,0.08855,0.08723,0.17961410911241926,0.17262633654521026,0.16664,0.16202,0.15453,0.15055,0.14487,0.13898,0.13368,0.12808,0.12366,0.11826,0.11304,0.10766
07-01-2026 14:05,26096.3,0.11994,0.12171,0.11491,0.11938,0.10453,0.10799,0.10284,0.09892602800363307,0.09656665737050471,0.09296,0.09098,0.08879364357896673,0.0871,0.08586,0.17797,0.17139,0.1673087395281423,0.16253,0.155929119668896,0.15048,0.14489548475678987,0.13967,0.13406,0.1293,0.1241,0.11873,0.11363,0.10818
07-01-2026 14:10,26100.95,0.11527,0.11807,0.11166,0.11718,0.11077,0.10686,0.10024,0.09667,0.09492,0.09160503423477202,0.08973949266213885,0.08774,0.08629757790396841,0.08509,0.17783010902797908,0.17169,0.1676076457622353,0.16284,0.15557,0.15079,0.1446,0.14033,0.13485,0.1294453081613465,0.12445,0.11951,0.11389,0.10872
07-01-2026 14:15,26097.3,0.12401928937541346,0.12055,0.11426,0.11114,0.10499920362455557,0.10373,0.09785,0.09522186722401717,0.09355,0.09092,0.0891964468216799,0.08749,0.08602,0.08474,0.17776,0.17148,0.16773,0.16193,0.15535,0.15096,0.14437,0.13993,0.13446,0.12926,0.12455,0.11925,0.11381,0.10886
07-01-2026 14:20,26090.7,0.12516,0.12549,0.12022740479995693,0.11458,0.10805,0.1061206732774023,0.10217,0.09626,0.09463,0.09177,0.08988,0.08809890713804437,0.08632,0.0852,0.17706371621251177,0.17108,0.16806,0.16129,0.15707,0.15093,0.14504,0.13956671915339577,0.13371,0.12826,0.12397,0.11856,0.11323,0.10826
07-01-2026 14:25,26090.45,0.1254,0.12569,0.11976993790188449,0.11309,0.11201,0.1079198542355895,0.10202,0.09854563477309113,0.09695,0.09333,0.09125,0.08928818960761221,0.08744,0.08588,0.17707,0.17152150649464046,0.16806,0.16128,0.15769,0.14994,0.14486,0.14014,0.134,0.12826,0.12384,0.11834,0.11312,0.10767
07-01-2026 14:30,26098.65,0.11775,0.11997791804152114,0.11338,0.11283,0.108,0.10375,0.0957,0.09374,0.09245,0.08931,0.08759,0.08624729544011446,0.08508,0.08388,0.17759,0.1716,0.16859,0.16182,0.15844,0.15109,0.14578,0.14087,0.13488,0.12884,0.12420002593000709,0.11906,0.11385,0.10870143291658359
07-01-2026 14:35,26088.15,0.12742,0.12736,0.12038,0.12188,0.1129,0.10654,0.10546,0.10076,0.09843,0.09465,0.09268,0.09026,0.08821983010923166,0.08663888554563609,0.17696,0.17096,0.1673014951407671,0.16167355216155177,0.15715,0.15041,0.14503720133260645,0.14,0.13416,0.1285825129686521,0.12393,0.11829,0.11299247671003891,0.10792
07-01-2026 14:40,26097.55,0.11889,0.12046,0.12274232462018446,0.12266,0.10834,0.11052,0.10398,0.10004,0.0976,0.09418,0.09214779564920987,0.09003,0.08824,0.0868,0.1784437531397056,0.17267,0.16855,0.16282492860907571,0.15778,0.15104,0.14536,0.14082,0.13497,0.12892,0.12414,0.11889,0.11311,0.10756049601538327
07-01-2026 14:45,26107.25,0.12396,0.11763,0.1223,0.1067,0.10319,0.10394,0.09526,0.09287,0.09155,0.08889,0.08749,0.08584,0.08476,0.0837,0.17958541980638884,0.17329,0.16961522586795524,0.16401,0.15820981163480438,0.15169,0.14639,0.1411224833782876,0.13506,0.12989,0.12485,0.1195335495027077,0.11414,0.10918
07-01-2026 14:50,26098.4,0.13162,0.13675,0.12915,0.12292,0.11553315640124243,0.11258,0.10664,0.1023,0.0996,0.09579,0.09332,0.09112,0.08882496301816452,0.0870562020219905,0.17642,0.1713024103308686,0.16839,0.16346,0.15807,0.15112,0.14581,0.14057,0.1343,0.12831,0.1241,0.11862804274408026,0.1132,0.108
07-01-2026 14:55,26113.35,0.13149,0.12732,0.11988,0.1167,0.10902,0.10408,0.10127,0.09746935777149147,0.09552,0.09223,0.09015,0.08847581130786233,0.0865,0.08529,0.17946,0.1737,0.16935,0.16418879409066445,0.15885,0.15222070895288842,0.14645,0.14127,0.13523280315141295,0.12937,0.12507,0.11986,0.11433,0.10908
07-01-2026 15:00,26123.1,0.12276,0.11978,0.11306,0.11132,0.10302,0.10170807041637381,0.09855,0.0946,0.09314909650298427,0.09028,0.08881,0.08709,0.08575199941455099,0.08446,0.17827,0.17288078519068906,0.16948,0.1653,0.15908,0.15355,0.1473,0.14211,0.13767,0.13048,0.12578,0.12037,0.11508,0.11001737573882446
07-01-2026 15:05,26133.7,0.11118,0.11022,0.11189429004130647,0.11163,0.10334,0.10225,0.09753,0.09433,0.09283385417244057,0.08993,0.08822,0.08652,0.08530385067328057,0.08421,0.17893,0.175,0.16966,0.16599,0.15897976254789686,0.15163,0.14746,0.1421397587447314,0.13677,0.13081,0.12618,0.12072,0.11529,0.10998
07-01-2026 15:10,26142.1,0.09884,0.11876,0.11059,0.11222,0.10533,0.10244,0.09801,0.09482,0.09307,0.0906,0.08896,0.08737,0.08575,0.08492307287536711,0.17886621055627822,0.17441,0.17027587621039716,0.16564,0.16034,0.15424,0.1488123195138179,0.14345013931758457,0.13766,0.13155,0.12641,0.12179,0.11633,0.11055
07-01-2026 15:15,26147.8,0.10654,0.11355,0.10582,0.09637,0.09222434339495067,0.09213,0.08989,0.086,0.08722,0.08611,0.08507,0.08366,0.08305,0.08238,0.17951,0.1759,0.17108,0.16531,0.16035150040446922,0.15482,0.14842,0.14365,0.13775,0.13182,0.12758,0.12218070411812151,0.11657,0.11114640347461217
07-01-2026 15:20,26138.3,0.11792,0.12203,0.1136,0.10598,0.0986,0.09832,0.09507,0.09204082688037478,0.09046,0.08884,0.08713,0.08595939051296989,0.08502,0.08402,0.18137,0.1742,0.17198,0.16600780885455999,0.1599,0.15239,0.14836,0.14335,0.13727,0.13102,0.12552,0.12142,0.11616,0.11054
07-01-2026 15:25,26139.7,0.11638,0.12088,0.11254,0.10665653888941677,0.09944,0.09616,0.09398,0.09147,0.09192,0.08944646296349161,0.08703,0.08549,0.0831557415698199,0.08151453422630911,0.17936,0.17731,0.17159,0.16754,0.16085,0.15228,0.14936,0.14228,0.13722,0.13114904215802414,0.12627,0.12052,0.11608,0.11012
08-01-2026 09:15,26101.75,0.11678,0.1065359302162084,0.09164,0.11444,0.09806,0.1029,0.09933,0.0938,0.09226,0.09026,0.08847,0.08740083999970145,0.08673,0.08567,0.18174,0.17806,0.17069,0.1655832943370811,0.15934,0.15276309560087997,0.148,0.14234,0.13554,0.13056,0.12504,0.11964,0.11443,0.10894542975934796
08-01-2026 09:20,26109.7,0.10711,0.0956685713552572,0.0813,0.09165,0.09017,0.09083,0.08783,0.08621920062434231,0.0867021472802033,0.08478,0.08368,0.08269,0.08179802048991724,0.08137001494177692,0.1829703357656172,0.17724,0.17249,0.16628759849034083,0.15934,0.15404,0.14616,0.14272,0.13626,0.13099,0.12599414913661167,0.1207978471727289,0.11556,0.11016
08-01-2026 09:25,26087.55,0.10989,0.11130229835510311,0.10509,0.09447,0.09178,0.0908,0.08627,0.0861,0.08568,0.08435,0.08407534138801469,0.08332,0.0829560320827526,0.08234,0.18263,0.17661832010673212,0.17156,0.1656654289864278,0.15874331445318324,0.15257,0.14449,0.14138,0.13473,0.12985,0.12516,0.12037,0.11455,0.10927
08-01-2026 09:30,26063.1,0.13321,0.11121,0.10224,0.1061,0.09787,0.09834,0.09432,0.0918,0.091,0.08905,0.08776671853102305,0.08659340206906965,0.0856,0.0849,0.18109,0.17429,0.16925,0.1635855946277089,0.15695,0.15213,0.14305,0.14003,0.13411,0.12852747835727857,0.12373239511868013,0.11855109427318201,0.11329498584098464,0.10857
08-01-2026 09:35,26053.95,0.14005,0.1245582686361096,0.12688033002863397,0.1235,0.10269,0.11067,0.10566,0.10007,0.09883,0.09564212500141994,0.09326972900144317,0.0915,0.09,0.08805495961476383,0.17789,0.1728153099356228,0.16867,0.16301442666173635,0.15635,0.15153,0.14445973162761547,0.13941,0.13378,0.12774,0.12355,0.11742,0.11243,0.10685
08-01-2026 09:40,26092.65,0.04389547394482851,0.07222,0.10736,0.10182,0.09554,0.09745519589739625,0.09243,0.09023,0.08867,0.08688,0.08595163033587885,0.08526,0.08447511630232225,0.08339,0.18144650960518982,0.17621,0.17119,0.16453,0.15915,0.15415,0.14546,0.14211,0.13591,0.13053,0.1257123730558068,0.12025904896744442,0.11505834261091229,0.10987
08-01-2026 09:45,26077.7,0.12038,0.09884,0.11263302682913401,0.1063,0.09633,0.09896,0.09438,0.09253582867933376,0.09236,0.09023,0.08831,0.08718,0.08581,0.08521823651305119,0.18062,0.17472,0.17048,0.16608,0.15907742326107935,0.15256,0.14601,0.14108,0.13507379882989454,0.12961,0.12496,0.11967,0.11477,0.10919
08-01-2026 09:50,26070.8,0.12674,0.12348,0.12264,0.12141607063049939,0.11103474323783782,0.1098,0.10385,0.09989,0.09784,0.09522,0.09286,0.09054,0.08903721508546202,0.08742,0.1802,0.17457,0.1698,0.16429,0.15795,0.15191,0.1451123114499963,0.14061,0.13485,0.12954,0.12542,0.11937,0.11424,0.109326547661296
08-01-2026 09:55,26089.4,0.11893,0.11320831801386481,0.10995,0.10776,0.1017,0.09898,0.09518,0.09178,0.09061478628878059,0.0884,0.08700336469309865,0.08609,0.08468,0.08383,0.18197,0.17577,0.17225,0.16643,0.16000751026673063,0.15377,0.14812,0.14291,0.1369217858277526,0.1313,0.12645,0.12111,0.1159796369319574,0.11063872700050789
08-01-2026 10:00,26081.9,0.12612,0.11463,0.11541,0.09567,0.0905,0.09307,0.09216,0.08860643709893949,0.08683,0.08568119730725221,0.08459200445381942,0.08348,0.08295,0.08222,0.18152,0.17531,0.17055,0.16595,0.15977,0.15308,0.14762,0.1424,0.13619857169894123,0.13036,0.12591,0.12012,0.1156,0.1098
08-01-2026 10:05,26068.05,0.13746,0.12556,0.10291,0.10263502563866014,0.09975,0.09371,0.09103868286850302,0.08884,0.08790540265020587,0.08659,0.08564,0.08442,0.08374,0.08338184883080561,0.1829,0.17444,0.1704,0.16505,0.15844,0.15236,0.1465,0.14209,0.13589,0.13005,0.12536525879182916,0.11972,0.11452,0.10903
08-01-2026 10:10,26050.3,0.1536656534602068,0.13736,0.11243,0.11244,0.10571027578150705,0.10496,0.100259554535415,0.09617,0.09397,0.09127,0.08964,0.08765,0.08638766670574059,0.08499,0.18178,0.1745,0.16974,0.16390456272041404,0.15727,0.15117,0.1453,0.1407,0.1342,0.1289,0.1237,0.11806,0.11267614669192771,0.10669307476684178
08-01-2026 10:15,26055.25,0.12383,0.13428,0.109,0.10141,0.0969,0.09292621651438533,0.08956039489506183,0.0878,0.08731,0.08648,0.08509,0.08406,0.08321,0.08297660993253907,0.18044,0.17472,0.17055,0.16423,0.15803,0.15249,0.14583,0.14138,0.135,0.12954,0.12443,0.11939,0.11427,0.10906307476694035
08-01-2026 10:20,26034.9,0.11600025920898326,0.11514,0.11445,0.10932,0.10163,0.10165,0.09571,0.09396,0.09295,0.091,0.08918,0.08756,0.08649784222430439,0.08519,0.17801,0.17343,0.16923,0.16312,0.15709,0.15112,0.14533,0.14027,0.13414,0.12859,0.1235,0.11824,0.11347,0.10802
08-01-2026 10:25,26034.15,0.12374536153430357,0.12074,0.11495,0.11274265875037871,0.1045489975607902,0.10477670391556176,0.09973,0.09619,0.09422,0.09208574541098503,0.09026,0.08852,0.08737,0.08664545987183216,0.17913,0.17304596859186464,0.16936754133483928,0.1633,0.15706,0.15089,0.14499316594919737,0.14023,0.13396,0.1288,0.12374939246705781,0.11819,0.11307560224498261,0.10739947367148442
08-01-2026 10:30,26034.2,0.13043,0.12296,0.11721,0.11248,0.10654,0.10325,0.0989,0.09655,0.09478758109497501,0.09269,0.09096,0.08901,0.08756240020944438,0.08618545987179273,0.1791599877271246,0.17341,0.16972955769005066,0.16481,0.15625,0.15166,0.14532444793185068,0.1407369079017912,0.1344,0.12945,0.12358,0.11841,0.11343,0.10783
08-01-2026 10:35,26040.5,0.11556,0.1184,0.10955,0.10308,0.09929,0.09834,0.09448210285862711,0.0917,0.0908,0.08918,0.08801,0.08673557321539119,0.08555,0.0851693880669441,0.1804,0.17383,0.1705343920780143,0.16525,0.1581626442906774,0.15173,0.14627,0.14086,0.13472,0.12929,0.12429,0.119,0.11438,0.10882
08-01-2026 10:40,26027.15,0.12731,0.12778,0.11939,0.11385380848922075,0.10746,0.10523,0.09862,0.09565764056211604,0.09385,0.09185130236596066,0.09018,0.08844929245891689,0.08745368110574513,0.08618,0.17956,0.17298,0.1682663209971798,0.162,0.15683,0.1506575414443242,0.14466,0.13962,0.13434,0.12845,0.12352,0.11748,0.11288712501624888,0.10803
08-01-2026 10:45,26033.1,0.12173743551423284,0.12823944767251585,0.11577,0.10722,0.10244593524581672,0.10168,0.09616,0.09329,0.09228,0.0904,0.08908,0.08753,0.0864869490821105,0.08585012724926255,0.17855,0.17275376615511684,0.16848,0.1635,0.15713682790010708,0.15125,0.14402,0.1402,0.13407,0.12838,0.12398,0.11885,0.11398,0.10838
08-01-2026 10:50,26029.85,0.11819,0.12603,0.10632,0.1042445700448373,0.09795,0.09934,0.09491379802571784,0.09317,0.09208,0.09064582775987269,0.08927,0.08758,0.08634,0.08595179391597096,0.17836,0.1723405744006773,0.16804,0.16287,0.15642,0.15122,0.1454,0.14014,0.13441,0.1293,0.12408,0.11841,0.11399,0.10857
08-01-2026 10:55,26018.95,0.12741,0.13303,0.11679321814973921,0.10692,0.10160086056146402,0.10154,0.09625,0.09308,0.09332,0.09144,0.08964,0.08828,0.08684,0.08605,0.17825,0.1725,0.16774327053280338,0.16215,0.1557,0.15049,0.14465,0.13969,0.13433,0.1286806820431324,0.12335476196619487,0.11767,0.1138,0.10978035116327826
08-01-2026 11:00,26016.4,0.12889,0.11864,0.10849,0.11085,0.1006,0.10269,0.09771,0.0946,0.09377,0.09163,0.09026360464466146,0.08867,0.08761,0.08714544984553463,0.1797629555057594,0.17311221998901963,0.1685460185795126,0.16178,0.15696,0.15051614963560075,0.14414,0.13982,0.13417230158356272,0.12894,0.1245,0.11922,0.11446747630860096,0.10851035116317358
08-01-2026 11:05,26011.95,0.13223,0.12934,0.11839467450169046,0.11196,0.10841,0.1012,0.09888,0.09649,0.09489975261060228,0.09243,0.09095057425272993,0.08937303762112551,0.08817,0.08698,0.18256819360097978,0.1758,0.16808,0.16128,0.1555544426337638,0.15004,0.14406499328392405,0.13952,0.13506,0.12899,0.12436928796674529,0.11898,0.11392,0.1088
08-01-2026 11:10,26009.35,0.13653109496914967,0.13098,0.11365,0.10859,0.10242308581212038,0.10029,0.09856,0.09518584114490417,0.09388821162831211,0.09127,0.08993,0.08862,0.0876,0.08655,0.17986,0.17346,0.16742208303616252,0.16112,0.1554542546037174,0.14987,0.14433042746454325,0.14024,0.1352171731514985,0.1299468413152192,0.12544,0.11999,0.11509,0.10994
08-01-2026 11:15,26005.55,0.12891181758114986,0.12268,0.1073,0.10588,0.10003,0.09851,0.09432,0.09407,0.09316,0.09112,0.09026791449045699,0.08896,0.08817478314871308,0.08703,0.18067,0.17517,0.171,0.1652318037900265,0.15847121565324238,0.15248,0.14687,0.14114,0.13579,0.13133,0.12617,0.12080235481483337,0.11597,0.11087
08-01-2026 11:20,25984.4,0.14374,0.13566,0.11071,0.10416,0.09902,0.09871420669834999,0.09553,0.09345,0.09251,0.0916,0.09065,0.08947,0.08868831845383396,0.0881930751127183,0.17931,0.17519,0.17042,0.16514,0.1596,0.1542532573325333,0.14908,0.14263,0.13824,0.13264,0.12703,0.12199,0.11699,0.11194
08-01-2026 11:25,25968.0,0.13393,0.14451,0.12468584629876032,0.11621,0.10783,0.10532,0.10246,0.09972,0.09817,0.09555,0.0941430567042249,0.09258,0.0912,0.09028,0.17775107311597924,0.17343,0.16954,0.1644,0.15998,0.15399228119253114,0.14707411499346462,0.14131,0.13656,0.13075454009763587,0.12547,0.12017,0.11526,0.10994
08-01-2026 11:30,25968.05,0.14634047874759185,0.14451,0.1272849243768893,0.12008961287200264,0.10996,0.10584,0.10177166996555437,0.09904,0.09648934945006066,0.0945421837331975,0.09381,0.0924,0.09118,0.09058,0.18035773978280065,0.17458,0.17075,0.16523064612737298,0.15913505019886162,0.15315,0.14693,0.1421,0.13492,0.13068,0.12595,0.12068,0.11592,0.11084
08-01-2026 11:35,25971.65,0.12156821547956415,0.12392129247760693,0.12047,0.11888,0.11249,0.10861,0.10423,0.10083,0.09857,0.09641,0.09465,0.09281,0.09139,0.09045876149044177,0.180522739782583,0.17483,0.17042,0.16421265495226917,0.15823,0.15199,0.14603855658995007,0.1408525564667563,0.13508,0.12983943342267193,0.12493,0.11933603593070902,0.11426,0.10886
08-01-2026 11:40,25983.85,0.13538,0.11016,0.11307,0.10963,0.10351435342211307,0.10171,0.09907024100622225,0.09626,0.09523,0.09304,0.09174,0.0905,0.08937,0.08904,0.17934,0.17566,0.17105,0.16542982480177,0.1590873639439955,0.15302,0.1468624873778281,0.1413,0.13551,0.13019,0.12571,0.12023029565444958,0.11521,0.10985
08-01-2026 11:45,25973.8,0.12243,0.12497,0.10904,0.10981518177646563,0.10746,0.10034,0.09668,0.09512527866772968,0.0941,0.0923234151702915,0.09124,0.09009,0.08932,0.08911,0.1787,0.17567,0.17019,0.16335,0.1582112799633259,0.15249,0.14695,0.14125,0.13574,0.1303,0.12569,0.12043,0.11571,0.11036
08-01-2026 11:50,25958.25,0.13347,0.12051,0.1206,0.11501,0.10958,0.10662204685451906,0.10226102164817068,0.09931,0.09775,0.09542,0.0938,0.09237,0.09104,0.09044925554043547,0.17833744583050543,0.17465,0.16935,0.16471,0.15803,0.1514,0.14585,0.14052,0.13471,0.12923,0.12457,0.11926,0.11463,0.1092
08-01-2026 11:55,25958.05,0.12189,0.11063,0.10656158655964504,0.10429,0.09920740033495563,0.09719,0.09475583912209633,0.09325,0.09271,0.09138,0.09045,0.08941,0.08854,0.08892,0.18039,0.17443,0.17054,0.16471,0.15892176225841523,0.15281,0.14684,0.14193,0.13633,0.13112761574138748,0.12657,0.12119,0.11693,0.1123757153215584
08-01-2026 12:00,25936.15,0.12217,0.11547,0.10832,0.10627438949849241,0.10256,0.10034,0.09708,0.09569,0.09503,0.09382,0.0926,0.09168035129393215,0.09081,0.09107,0.18079,0.17552,0.17076,0.16496,0.156,0.15065,0.14638,0.14206538497894627,0.13743,0.13223195336304233,0.12748,0.12229,0.11796571941685016,0.1128
08-01-2026 12:05,25896.7,0.1448,0.13732308732154894,0.12976,0.1243,0.11772,0.11319,0.10931846926563749,0.10688179044971813,0.10487,0.10247,0.10057,0.09884,0.09755132564996273,0.09686,0.1799,0.17523,0.17067948008140635,0.16499,0.1561298571436287,0.14801,0.14378,0.1385837954702086,0.13335,0.12858,0.12484,0.11938543271044663,0.11452,0.10966
08-01-2026 12:10,25920.3,0.1311,0.12721,0.12316,0.11872,0.11304,0.10923,0.10565,0.10319,0.10149,0.09916,0.09766,0.09594,0.0951,0.09445,0.18108,0.17569,0.17078845464517914,0.16472,0.1588,0.15031,0.1458470631132753,0.14123,0.13549,0.1291,0.12563,0.12046,0.11531,0.10996
08-01-2026 12:15,25935.5,0.12692844055215471,0.12281,0.11612091580877242,0.11360540440334602,0.10827,0.10503523889190577,0.10135,0.09952,0.09774,0.09636,0.09485,0.09395,0.09295,0.09262,0.18318,0.17791,0.17292,0.16747389480032443,0.16035,0.1549,0.14938999516928228,0.14401,0.13794,0.13165,0.12804,0.1227,0.11781,0.11288
08-01-2026 12:20,25923.15,0.13462,0.12982,0.1211,0.11657,0.11259,0.10757,0.10419493455141494,0.10183,0.09983,0.09796,0.09661,0.09529575390466347,0.09427,0.09404,0.18674,0.17896,0.17478,0.16847,0.16299,0.15402,0.15118,0.1452,0.13893,0.13283,0.12864890944061053,0.1236,0.11875,0.11375
08-01-2026 12:25,25934.95,0.12705,0.12349,0.11508,0.11706,0.11002,0.1072107699665345,0.10373,0.1013,0.09956186371240838,0.09751,0.09629,0.09469,0.09344,0.09341,0.18718,0.17979,0.17429,0.16917569835819413,0.16228,0.15913,0.15208040832365605,0.1449,0.13854,0.13267,0.12842,0.12304819133928953,0.11803,0.11335
08-01-2026 12:30,25935.9,0.12309,0.12295,0.11958,0.10904,0.10503,0.10178187710323383,0.09853,0.09758,0.09630893414109087,0.09479,0.09357,0.09246,0.09168,0.09175,0.1855,0.17987,0.17521,0.17092,0.16445359148461045,0.15708777004669727,0.15083,0.14631,0.14015,0.13405,0.13004,0.12477,0.11989,0.11505812853505874
08-01-2026 12:35,25914.7,0.13927,0.13463,0.12629129833108566,0.12215196185416723,0.11617,0.11019,0.10684344504021538,0.10462,0.10226,0.09998995142498772,0.09814191010017989,0.09653,0.09498,0.09504,0.18467,0.18126,0.17357,0.16729,0.16143,0.15625,0.1514,0.14427,0.1375,0.13174,0.1272564375893963,0.12192,0.11703999390520538,0.11202
08-01-2026 12:40,25920.75,0.13641453112442434,0.13148,0.12465,0.11739,0.11421,0.11052,0.10652,0.10369,0.1017038652633655,0.09919,0.09712,0.0957,0.09428,0.0943,0.18451,0.1783,0.17334,0.1679557370112196,0.1613,0.15799,0.15098980398176357,0.1443,0.13768,0.1313,0.12713745039117574,0.12209,0.11711119877655209,0.11197
08-01-2026 12:45,25921.8,0.13509,0.1273382750687589,0.11644,0.11302,0.10968,0.10613,0.10347580051123992,0.10173,0.09984,0.09802,0.09662134964439004,0.09506478068416706,0.09385,0.09401,0.18459,0.1782,0.17427,0.16751,0.16183,0.15808,0.15142623269418257,0.14505,0.1386019297302458,0.13223,0.12851,0.12311,0.11818278053906896,0.11301
08-01-2026 12:50,25913.2,0.1312,0.13546,0.11517,0.12057,0.11447430837563478,0.11085,0.1067,0.10438,0.10171,0.09974,0.09825,0.09695700297944947,0.09551026689947682,0.09513,0.18374659107827587,0.17763,0.17466,0.16692,0.16249,0.15695,0.15086,0.14408,0.13762,0.13137,0.12726,0.12220460750972854,0.11699,0.11152
08-01-2026 12:55,25910.65,0.1328,0.13677,0.11648,0.11758,0.11238,0.10766,0.10469,0.10295,0.1008,0.09900686523881128,0.09733,0.09612,0.09476,0.0946,0.18504,0.17875,0.17514,0.16873,0.16244121509752718,0.15634151870113777,0.15002427709282884,0.14379,0.13734,0.13127,0.12722,0.12162,0.11703,0.1113
08-01-2026 13:00,25905.65,0.13583,0.13928,0.12537301444000812,0.12451,0.11087,0.11208,0.10822761391572906,0.10712,0.10472,0.10241,0.10025,0.09844,0.09673,0.09617,0.1849,0.17824,0.17416,0.16839,0.16188729789227496,0.15642,0.14973,0.14424388190770232,0.13793150030675344,0.13135282796903708,0.1265,0.12156,0.11691233218586541,0.11141707308125962
08-01-2026 13:05,25924.95,0.12353,0.12931,0.12087,0.11706,0.10851,0.10655019227287138,0.10404453692426226,0.10217,0.10000632388459443,0.09753162805712133,0.09581600728604535,0.09454022884620383,0.09364,0.09321,0.18565802824925753,0.17959,0.17537,0.16857,0.16325,0.15786,0.15166,0.14501,0.138430582148307,0.13215,0.12785,0.12213,0.11736,0.11212
08-01-2026 13:10,25922.25,0.13656,0.12639,0.12050141826774494,0.11962,0.10956,0.10807252592511812,0.10555587829257614,0.10381,0.10093,0.09887104497895859,0.09716046237197297,0.09566,0.09417,0.0937,0.18665,0.17942,0.17404,0.16809871920254402,0.1625,0.15598,0.14979,0.14416,0.13714,0.13092,0.12699,0.1215409688070283,0.11611,0.11058
08-01-2026 13:15,25921.8,0.13686,0.12666,0.12001,0.11462,0.10975,0.10641,0.10299,0.10140099529583764,0.09863,0.09725,0.09579,0.09445169111159264,0.09295,0.09277,0.18663,0.1794,0.17502,0.17019,0.16319,0.15817981631023711,0.15262,0.1448,0.13804,0.13155,0.12777,0.1221,0.11719436405622789,0.11163
08-01-2026 13:20,25914.55,0.14112,0.1278714422103135,0.12175038990216894,0.11617,0.10916,0.10646,0.10447,0.1013,0.09915,0.09761,0.09612617181410722,0.09483,0.09341,0.09347,0.18478829103934977,0.17892,0.17453199461470273,0.16863,0.16309,0.157,0.15109318748447562,0.14458,0.138,0.13155,0.12751,0.12179,0.11692701094547035,0.11148
08-01-2026 13:25,25911.75,0.14273,0.11662,0.1110178158197368,0.11105466405145217,0.10431,0.10172,0.09957,0.09790941828899648,0.0961637742123704,0.0953617969837388,0.09439,0.09305,0.09214,0.09239,0.18654,0.178,0.17609,0.17066,0.16372,0.15681,0.15234,0.14556,0.1390266676142002,0.13278,0.12901,0.12359391032420276,0.11871,0.1133
08-01-2026 13:30,25888.65,0.15494,0.12545,0.12737,0.12153,0.11407945628470724,0.11216235398923381,0.10803,0.1054,0.10268,0.10074883267701361,0.09919,0.09714,0.0957,0.09519197314290771,0.18496,0.17858,0.17384,0.1659,0.16123,0.1545468872376215,0.148827677202696,0.1423,0.1359,0.12941,0.12539,0.11989,0.11478,0.10939
08-01-2026 13:35,25907.5,0.13114,0.11468,0.11856,0.11656,0.10942,0.10737,0.10467,0.10234,0.09968,0.09784,0.09675,0.09513,0.09392,0.09367,0.18702,0.17624,0.17407,0.16726,0.16178,0.15753,0.149,0.14287,0.13666224263035295,0.13013492757042402,0.12669745721854722,0.1208182696809274,0.11563,0.11024
08-01-2026 13:40,25901.95,0.132,0.12082790736279292,0.12127,0.1177,0.11174307814338147,0.10928113068386154,0.10502,0.10332,0.10095414338932551,0.09908,0.09758331937882289,0.09561537290618348,0.09445,0.0942,0.18665,0.17587,0.17385,0.16734875583568823,0.16153,0.1547,0.14847,0.14279,0.13615,0.13003,0.1254998153721726,0.11982470877588297,0.11509,0.10991
08-01-2026 13:45,25914.15,0.12419,0.11049,0.12285,0.11764,0.11334160393574177,0.10996111160089822,0.10554,0.1032,0.10095,0.09865,0.09752,0.09555,0.09387,0.09366,0.18446,0.17653,0.17324,0.16776,0.161,0.15561,0.14841,0.14238,0.13630680992061475,0.12987183981614017,0.12515,0.11953,0.11462,0.10970930379821679
08-01-2026 13:50,25911.55,0.12595,0.12756,0.12328,0.11870025331479857,0.11156,0.1097,0.10648,0.1038,0.10147,0.09906,0.09742,0.0955,0.09384,0.09357,0.1843,0.17656,0.17239,0.16713,0.16083,0.15543,0.1476,0.14185,0.13522260981405357,0.12901,0.12495,0.11895,0.11414,0.10917
08-01-2026 13:55,25926.6,0.13464554972593334,0.12702,0.11579,0.11513,0.11104,0.10706996575287969,0.10242,0.10115,0.09911,0.09696,0.09542,0.0937,0.09229,0.09191,0.18372,0.1776,0.17346,0.16678,0.16157016656014117,0.15655,0.14783,0.14195,0.13551065329081116,0.12932,0.12499,0.11922,0.11449771409442983,0.10919
08-01-2026 14:00,25936.35,0.107,0.11921163344676487,0.11036677911824974,0.11052,0.10497,0.10471,0.10075,0.0988449940480465,0.09673037558567772,0.09476760893230497,0.09358158640884734,0.09206188532520308,0.09121,0.09073,0.18615707479018082,0.1779363652667596,0.17364,0.16748,0.16161,0.15728,0.14829,0.14293,0.13609,0.13009,0.12561,0.12019,0.11524,0.11019
08-01-2026 14:05,25930.35,0.11223,0.12330961498546351,0.11388,0.10824,0.10288,0.10302,0.09939,0.09783,0.09636776598526227,0.0946,0.09337859010179467,0.0916761880344361,0.0905,0.09036391709871262,0.18401,0.1770025554112633,0.17306,0.16707,0.16149,0.15425,0.14839,0.14246090396036504,0.13619,0.12993,0.12574,0.11978,0.11547,0.11007
08-01-2026 14:10,25918.0,0.12682234560744987,0.12794428045194503,0.11963,0.11897,0.11452,0.11086637840791264,0.10544,0.10303,0.10038,0.09775,0.09634,0.09436,0.09285,0.09241,0.18193,0.17706,0.17256,0.16621,0.16062,0.15337,0.14749,0.14216,0.13536,0.12937,0.1249250610215488,0.11915,0.11435293417878564,0.10909
08-01-2026 14:15,25928.1,0.13125322377000279,0.12166,0.11446,0.12067,0.11344181898910623,0.10934,0.10438,0.10159,0.09926,0.09686121417056166,0.09504,0.09328,0.09201925723353453,0.09133,0.18394966498408788,0.17777,0.17223,0.16661,0.1605189408626129,0.1541854904648563,0.14746,0.14187,0.13505,0.12877,0.12401,0.11844,0.1134810201546119,0.10785
08-01-2026 14:20,25935.4,0.13496,0.11721,0.12441,0.11023,0.1087,0.10443334045559485,0.09895,0.09649,0.09506,0.0934,0.09194,0.09027,0.08935660178720538,0.08901,0.18095,0.17527,0.17148,0.16355,0.15991,0.15465,0.14708,0.1414482060484902,0.13472,0.12884,0.12416,0.11825,0.11366801054089445,0.10851
08-01-2026 14:25,25922.75,0.13267712478061816,0.12481,0.13045,0.10787,0.10427834443699519,0.10105,0.09948,0.09628573198263672,0.09532553012642245,0.094,0.09245,0.09096,0.08972,0.08928,0.18314,0.17546,0.17224,0.16527,0.1604,0.15514,0.14826,0.14255,0.13585255107278243,0.12967,0.1251424075649189,0.11942,0.11485,0.10948
08-01-2026 14:30,25906.05,0.13827,0.13385,0.1379,0.12758,0.12218,0.11544,0.11051,0.10707,0.10419,0.10081,0.09850453941573546,0.09595,0.09296061170098308,0.09185358534494456,0.18033,0.17553,0.17091,0.16411,0.15937,0.15227,0.14627,0.14034015297642055,0.13373,0.12739,0.12271,0.11712,0.11207,0.10621
08-01-2026 14:35,25930.65,0.12256,0.12021,0.12677,0.11586,0.11047,0.10851,0.10262,0.09925,0.09721,0.09501167381822641,0.0933,0.09138,0.08976,0.08937,0.18112,0.17722,0.1712,0.16569,0.1605211842320242,0.15463,0.14743,0.14175,0.13484,0.12871,0.1240653833475286,0.11845,0.11364,0.10882077350759786
08-01-2026 14:40,25928.05,0.12441,0.11957398201545548,0.1200213667507612,0.11282006704406915,0.10867,0.10578,0.10106,0.09931,0.09753,0.09475,0.09336412435142988,0.0915016799280108,0.09002,0.08972,0.18119,0.17706,0.17122,0.16552,0.15982069004483865,0.15346,0.14686,0.14132,0.13473168460857257,0.12841,0.12388,0.11793,0.11323057271271393,0.10801
08-01-2026 14:45,25926.4,0.12557,0.12177495786253409,0.11923,0.11485,0.11037,0.10676188887821347,0.10178,0.09907,0.09678,0.09467,0.09333,0.09151,0.09017,0.0897,0.18282,0.17696,0.17063403044771597,0.16335,0.15887,0.15278,0.14648,0.14097,0.13398,0.12767140978016203,0.12295,0.11748,0.11258274560403661,0.10713
08-01-2026 14:50,25932.65,0.12118,0.11905,0.11469197778739873,0.10775985566392379,0.10319,0.09904,0.09626,0.09518,0.09367465057567168,0.09175,0.09069420975425554,0.08918,0.08805,0.08799,0.18086,0.17476,0.17156,0.16506442381147723,0.15964,0.1539717009056908,0.14722,0.14169,0.13492,0.12848,0.12409,0.11849,0.11391,0.10975836774753885
08-01-2026 14:55,25918.9,0.13056,0.12709,0.11701,0.11014,0.1061,0.10315,0.09977,0.09765,0.09557,0.09352,0.09229,0.09085961530915604,0.08947,0.08904,0.18171,0.17384,0.17044,0.16591,0.15867,0.15269,0.14649,0.14055,0.13422,0.12784,0.12326,0.1172,0.11302,0.10728
08-01-2026 15:00,25894.05,0.13332241643091453,0.11947,0.10472,0.10119,0.09642751758908409,0.0962396733367604,0.09391,0.09234,0.09109,0.08992,0.0891,0.08852099795301122,0.0876992887968866,0.08774,0.18089,0.17362238397178514,0.16915888714392785,0.16234,0.15753,0.15062,0.14532,0.13894,0.1332,0.12671,0.12274,0.11745907499714676,0.11307,0.10823332594175726
08-01-2026 15:05,25867.85,0.13369,0.12731,0.12359,0.11508,0.10997,0.10648,0.10299,0.10031,0.09823232846296603,0.09599875998008005,0.09487056865640886,0.09338,0.09204,0.09182,0.177,0.17062,0.16675,0.16034,0.15396,0.14916,0.14251747695505035,0.13662,0.13044,0.12476,0.12027728112583057,0.11442756557805851,0.11008,0.10543
08-01-2026 15:10,25878.85,0.12899,0.12152,0.115,0.11272,0.10769,0.10457516666567214,0.1008,0.09855,0.09645,0.09473574361088626,0.09346,0.09237545268497444,0.09113,0.0911114811550788,0.17776,0.1722,0.16766852040667446,0.1613,0.15528267649495295,0.14926,0.14305,0.13722,0.13113592340185914,0.12524,0.12102,0.11568,0.11072,0.10582637285102872
08-01-2026 15:15,25875.3,0.13029,0.11994,0.11446,0.11007221017554163,0.1063,0.10282,0.10033,0.09768,0.0959,0.09407252911676127,0.09259,0.09148,0.09008,0.09017,0.17687,0.17032,0.16729,0.16056,0.15484,0.14784,0.14306,0.13708,0.13093,0.12467,0.12063756806487792,0.11562,0.11074,0.10592637285103204
08-01-2026 15:20,25877.45,0.13005,0.12392,0.1134,0.10786,0.10323152178744892,0.10106,0.09813,0.09608,0.09453,0.09272315012838166,0.09119,0.09032,0.08851427187047392,0.08860439408327381,0.17703,0.17111,0.16829207434502227,0.16272,0.15578,0.14932,0.14283,0.13697545023528485,0.13088,0.12505,0.12104871904189342,0.11589,0.11113920431167833,0.10639
08-01-2026 15:25,25872.2,0.12803,0.11592,0.11061,0.10494,0.10007,0.09872,0.09561864106939956,0.09347,0.0934,0.09188919796195054,0.09086,0.0897,0.0883,0.08906,0.18261757656745706,0.17433,0.16747,0.1597315725364161,0.15205,0.14912666078752423,0.14626,0.13817,0.1320019973060018,0.12504,0.12242,0.11678,0.11259,0.10840038203390508
09-01-2026 09:15,25899.85,0.14298,0.12727,0.12291500285346281,0.12034371641990942,0.11599,0.11149,0.10695568967634662,0.10327,0.10051,0.09754,0.09616,0.09441997346180742,0.09254,0.09258,0.17626,0.17371,0.1685,0.16185,0.15604,0.15102,0.1454496944568483,0.13935,0.13353,0.12681,0.12252,0.11718,0.11259193038346622,0.10734
09-01-2026 09:20,25916.2,0.13305,0.10917172069385629,0.09457,0.09091,0.08856,0.08824,0.08706,0.08685,0.08565,0.08505,0.08477,0.08448,0.084,0.08518,0.17816,0.17484,0.16986,0.1642506786151756,0.15693843488477513,0.15175,0.14643,0.14073,0.13492,0.12918,0.12524597895418982,0.11994,0.11582940608163539,0.11126
09-01-2026 09:25,25858.55,0.13567,0.12722,0.11869580905486947,0.11184,0.10806,0.10555,0.10028,0.0978,0.096,0.09401180338159741,0.09284,0.09082,0.08988,0.09067,0.1768,0.17023,0.16645,0.16050469801801623,0.1546,0.14865,0.14395,0.137,0.13104,0.12573,0.12155,0.1165,0.11227656686821048,0.10728
09-01-2026 09:30,25855.3,0.11631,0.11430076687146322,0.11208106899067721,0.10938,0.10492,0.10179,0.09982,0.09624,0.09472,0.09308601766520717,0.09208,0.09097,0.09006653048456846,0.09032,0.17635,0.17114,0.16663,0.15894,0.15504,0.14879742848509925,0.14304,0.1373553374872718,0.13132246942396017,0.12588,0.12172,0.1166,0.1125,0.10776
09-01-2026 09:35,25832.05,0.13099,0.1306,0.12762,0.1166,0.11021,0.10683,0.10345,0.10058,0.09828505343280036,0.09572,0.09469138276766903,0.09351,0.09197,0.09299,0.17503,0.16911,0.1652,0.15805,0.15336,0.14717,0.14198,0.13561,0.12998,0.12431,0.12025157946303597,0.11504,0.1104,0.10589
09-01-2026 09:40,25822.35,0.14028,0.15544,0.14081,0.13677037079790444,0.13035012655188788,0.12542734282497295,0.11972,0.11463073181554678,0.10968,0.1066,0.10381,0.10112,0.09868,0.09897,0.17414,0.16845,0.16395,0.15682,0.15185,0.14647,0.14004,0.13288,0.12687,0.12082,0.11665,0.11089,0.10643,0.10141
09-01-2026 09:45,25853.6,0.12218,0.14562,0.14179,0.12956,0.1236619352342803,0.11759,0.11166,0.10742422555558884,0.10425,0.10106,0.09868,0.09701,0.09465,0.0947,0.1758,0.16972,0.1660692562693606,0.1598,0.15345,0.1474568029002837,0.14123385654032852,0.135,0.12908,0.12307010667709758,0.11879,0.1134342140014527,0.1084,0.10386
09-01-2026 09:50,25857.2,0.14752,0.1344126405688636,0.1292,0.12532,0.11880478585169278,0.11474,0.10985,0.10596,0.10278337690066602,0.09994569032524693,0.09786,0.09569,0.09406849881168612,0.0942,0.17726,0.16998,0.16583,0.1595159554761091,0.15389,0.14876,0.14244390247926156,0.13581,0.13016464269092864,0.12399892865060022,0.11946,0.11448608056728371,0.10996,0.10532
09-01-2026 09:55,25884.0,0.13193490928117313,0.13078,0.12877,0.1207,0.11479,0.11041,0.10683,0.10269,0.09982,0.09704,0.09541,0.09358,0.09172,0.09189,0.17843573502045532,0.17206,0.16751,0.16047,0.1539,0.15059,0.14326,0.13759,0.13157,0.12543,0.12073569300057774,0.11542477274108787,0.11132850410601924,0.10705
09-01-2026 10:00,25894.2,0.12583,0.11041,0.10847,0.10603285783536749,0.10376,0.10087,0.09838,0.09637,0.09421,0.0927124296511277,0.09171,0.0903,0.08883,0.08974,0.18005,0.17232,0.16905,0.16203863382221492,0.15589,0.15040444905526712,0.14373,0.13851,0.13249,0.12646,0.12252,0.11687,0.11256,0.10933067034471355
09-01-2026 10:05,25862.35,0.14485,0.12893,0.13607,0.12919,0.12089894489253322,0.11323,0.1088,0.10481,0.1016,0.09894735155901736,0.09707,0.0948,0.09299,0.09339,0.17742,0.17239,0.16723,0.15954,0.15396,0.14826,0.14211,0.1362224728594851,0.1305,0.12458,0.1200344941677892,0.11443,0.11017,0.10536
09-01-2026 10:10,25871.6,0.13977,0.1223,0.1204,0.10981,0.1064,0.10257,0.09915,0.09632,0.09445,0.0929,0.09191,0.09106173339175712,0.08963990945204565,0.08995,0.17901,0.17304,0.16769,0.1604,0.1555,0.14941,0.14344402145228088,0.1376,0.13158,0.12554,0.12159,0.11609,0.11181,0.10716
09-01-2026 10:15,25866.2,0.13361,0.12299,0.11845,0.1129,0.10812505799322424,0.10452,0.10083,0.09703,0.09536,0.09384,0.09268633501355243,0.09093946357249934,0.09015,0.09082,0.17772,0.17268,0.16713,0.16003,0.15512,0.14903,0.14257,0.13707,0.13106,0.12554,0.12071,0.11517,0.11127,0.10782191555621383
09-01-2026 10:20,25855.2,0.14959995115173583,0.13817,0.13246,0.12533,0.11987,0.11292729887381023,0.10634,0.10197,0.09926,0.09696,0.09535,0.09359,0.09239,0.09265,0.17907,0.1726570767140721,0.16851407449189806,0.16128,0.15434,0.14824,0.14161,0.13586,0.12998,0.12342,0.11918,0.11401,0.10936,0.10442
09-01-2026 10:25,25858.65,0.15299,0.14164,0.13545,0.128,0.12062725103058734,0.11408,0.10968,0.10496,0.10207,0.09932,0.09733999821420387,0.09509,0.09331,0.09319289623749985,0.17933,0.1743,0.1678,0.16154,0.1551195949592261,0.14896,0.1416,0.13626,0.13014,0.12433,0.11992,0.11431,0.11007804555739216,0.10487
09-01-2026 10:30,25876.25,0.14372,0.12319,0.12244,0.10581,0.10194,0.09806,0.09564,0.09339,0.09181,0.09045,0.08954,0.08862,0.0876,0.08862,0.18055,0.17554,0.16925,0.16352,0.15555,0.15037368825900124,0.14434,0.13813,0.13222,0.12616,0.12175,0.11673225722273725,0.11267,0.10792
09-01-2026 10:35,25856.25,0.13386,0.12186,0.11509,0.11409,0.11083,0.10442,0.10153,0.09794,0.09652,0.09387,0.0931,0.09162859293282989,0.09015,0.09111,0.17919,0.17291,0.16785,0.16049,0.15512,0.14948843082432653,0.14313,0.13699,0.13113,0.12489,0.1205233202393948,0.11514,0.11095,0.10594
09-01-2026 10:40,25848.5,0.13828,0.13072,0.12174,0.1157482931458996,0.11156,0.10677,0.10343,0.09947,0.09730818656370897,0.09533326174993076,0.09413,0.09245,0.09008403251881353,0.09089262257249978,0.177,0.17175,0.1670529557436579,0.1605,0.15457,0.14841,0.14173,0.13616,0.13031,0.12413741356706602,0.11965,0.11418,0.10999606720991595,0.10499
09-01-2026 10:45,25856.0,0.12796442158455465,0.12691,0.12128572852843696,0.11362253292567556,0.10894,0.10426,0.10107,0.09729,0.09535,0.09318,0.09212,0.09099134242842712,0.08965,0.09047,0.17921,0.17163,0.16709,0.16105,0.15497,0.14836,0.14231283822550064,0.13662,0.13056,0.12437,0.11984,0.11436,0.1101309637405693,0.10507
09-01-2026 10:50,25857.85,0.12575,0.12071,0.10942,0.1029,0.10115,0.09755,0.09519822113055684,0.092477666938649,0.09154684661604631,0.08997,0.08915,0.08859,0.08723449768192337,0.08915021499953281,0.17913,0.172,0.16724,0.16098847858014503,0.15511,0.14851,0.14315,0.13715,0.1306,0.12494,0.12071,0.11531,0.11159,0.10663
09-01-2026 10:55,25829.65,0.12173,0.13509,0.1134,0.11215,0.10597,0.10186,0.09907,0.0963,0.09507,0.09307,0.0924,0.09172072377274694,0.09028,0.09146,0.17594754356061462,0.17006,0.16565,0.15919,0.15275,0.14645,0.14105,0.13537,0.12942,0.1234767403189108,0.11907,0.11406571415045728,0.11001,0.10509
09-01-2026 11:00,25812.95,0.15739530315888953,0.14272,0.11773,0.11095,0.10633,0.10076740725336752,0.09881366443680051,0.09664,0.09499,0.09329,0.09252,0.09146,0.0908,0.09218,0.17375,0.16891,0.1641,0.15801,0.15038,0.14383,0.13952,0.13385,0.12801,0.12206,0.11785,0.11257830528393352,0.10867784217121532,0.10372
09-01-2026 11:05,25810.2,0.13273,0.1279339026967991,0.11842,0.11311346915527573,0.10914,0.10535953642822027,0.10222,0.0984,0.09696,0.09459,0.09354,0.09227,0.09127,0.09265,0.1731,0.16874,0.1643347818473248,0.15782,0.1536,0.14333,0.13870525390425614,0.1334,0.12724,0.12214,0.11763,0.11213,0.10826,0.10426630386887895
09-01-2026 11:10,25819.45,0.12515813554245567,0.11504,0.11078,0.10568358945405934,0.10212,0.09707,0.0951171280968648,0.09292,0.09129,0.09002,0.08973,0.08945,0.08886,0.09057,0.17655,0.16979705490825217,0.16439,0.1585,0.15188,0.14781,0.14072,0.13474,0.12887,0.12293780901526151,0.11867,0.11354,0.10999,0.10631630386886173
09-01-2026 11:15,25805.3,0.12636,0.11857,0.1129,0.11045,0.10525,0.10175036328516046,0.09905,0.09601,0.09436,0.0927,0.0923,0.09144,0.09092964424216775,0.09233,0.17514,0.16843,0.16398,0.1575,0.15224885743270383,0.14676,0.14006,0.1339,0.12799755024223877,0.12245,0.11782,0.11268,0.10864,0.10376
09-01-2026 11:20,25797.5,0.13097960233436468,0.12365,0.1158,0.11006135642267209,0.10532,0.10169,0.09969,0.0968,0.09541,0.09379,0.09248,0.09198,0.09139,0.09279,0.17105,0.17038,0.16344,0.15695,0.15129,0.1454,0.13908,0.13307,0.12716,0.12153,0.11701,0.11186,0.10775,0.10286
09-01-2026 11:25,25799.65,0.13192,0.12292,0.11743,0.11411,0.10966055133334675,0.10561,0.10227,0.09918,0.0971,0.09498,0.09443,0.09333,0.09254,0.0939,0.17363,0.17055,0.16436,0.15712,0.15146,0.14637,0.13926,0.13349,0.12733152138036966,0.12162,0.11711,0.11184,0.10764,0.10316477985497205
09-01-2026 11:30,25809.4,0.12855,0.12197542859216634,0.11577,0.10497,0.10617,0.09831,0.09527,0.09358,0.09225,0.09053,0.09033333684590278,0.08988,0.08972,0.09155,0.17384,0.16829,0.16348747719374276,0.1570574789000828,0.15186,0.14628,0.14001,0.1344705915037464,0.12837535384107904,0.12291,0.11795,0.11278962025866301,0.10933274279921766,0.10429
09-01-2026 11:35,25776.0,0.11778616452897375,0.11747609826279011,0.1124,0.10842,0.1043,0.10059797647300513,0.09827823412051129,0.09582,0.09455,0.09282,0.09248,0.09187,0.09137,0.09325,0.17295,0.16871,0.16379,0.15719711150434232,0.15116,0.14588,0.13918,0.13343,0.12754638104900076,0.12214,0.11801,0.11312,0.10927,0.10467
09-01-2026 11:40,25764.3,0.12402,0.11902373677236928,0.11266,0.10838,0.10458,0.10002,0.0977432125262514,0.09602735317701516,0.0949,0.09302,0.09277,0.09217,0.09178,0.09368,0.17327,0.1679,0.1635,0.15682,0.15015,0.14304,0.13917,0.13286,0.12754372613210288,0.12193302025430987,0.11762,0.11281,0.10916244217978852,0.10434
09-01-2026 11:45,25759.6,0.1246,0.1174,0.11296,0.10788,0.10384,0.10107,0.09909,0.09670589844852728,0.09554756009267631,0.09381,0.0935106836415786,0.09289,0.0925,0.09424384509808192,0.17404,0.16779,0.16335,0.15714,0.15348,0.1448,0.13781,0.13273,0.1273,0.12195,0.11783,0.11298,0.10925,0.10483
09-01-2026 11:50,25748.85,0.12046292884068109,0.1156,0.1121881378084025,0.10895401126717168,0.10639,0.10327,0.10085,0.09828,0.0969145069098192,0.09501,0.09427,0.09372,0.09334,0.09505051176474766,0.17309,0.16704,0.16363,0.15588,0.15184,0.14262,0.13909,0.13266,0.12732,0.12158,0.11764,0.11272,0.10911862166624291,0.10442
09-01-2026 11:55,25747.75,0.12476,0.12003,0.1141534844515755,0.10947,0.10646153117849973,0.10313,0.10036422492109019,0.09761,0.09638,0.09487,0.09399,0.0937199928846837,0.09347,0.09537,0.17387,0.16928,0.1649,0.15866,0.1525559097744426,0.14342037509682332,0.13755,0.13240005546800837,0.12762,0.12219,0.11814,0.11328039656260389,0.10922,0.10487
09-01-2026 12:00,25743.15,0.13228,0.12221,0.11891,0.11635,0.11192719520459349,0.10741,0.10407730636640232,0.10049,0.09866,0.09675,0.09587,0.09527558482276956,0.09475,0.0964,0.17225635301529452,0.16802,0.16358,0.15848,0.15158,0.14386,0.13763044707210656,0.13202,0.12579,0.12008,0.11577795506725104,0.11067,0.10671,0.10182
09-01-2026 12:05,25753.7,0.12165,0.12006,0.1133,0.10855235193877706,0.10417,0.10205,0.09949,0.09693,0.09571480959129348,0.09403,0.09353,0.09325,0.09313,0.09514426747339583,0.17411,0.16841,0.1647,0.15928,0.15238,0.14468,0.14064,0.13363,0.12769049886810085,0.12176,0.11758,0.11235,0.10889,0.10423
09-01-2026 12:10,25746.8,0.11672,0.11435,0.10901,0.10574259535780402,0.10277,0.10029,0.09794,0.09594227999573947,0.09496,0.09365,0.09328,0.09337599160914521,0.0935,0.09519,0.17406,0.1685,0.16421,0.15878,0.15303483140905763,0.14452204534697977,0.13886,0.13416,0.12796,0.12188,0.11816,0.11283,0.1091,0.10466
09-01-2026 12:15,25744.0,0.1284,0.11526,0.11042982151681466,0.10768329342965262,0.10388,0.10155,0.09892714552588312,0.09649640709054098,0.09568,0.09451,0.09268357974360035,0.09082377316554811,0.08848705051931059,0.08915151103371181,0.1756724314211774,0.16926,0.16352,0.15704297947370882,0.15051288084668948,0.14265200295719715,0.13744,0.13277,0.12678,0.12097,0.1169,0.11181,0.10814,0.1035
09-01-2026 12:20,25738.7,0.11805,0.11418,0.1091,0.10497,0.10187,0.09897,0.0973,0.09516,0.09412,0.09323,0.09295,0.0933,0.09377,0.09568,0.17311,0.16962,0.16342564169919507,0.15587,0.15058,0.14357,0.13789,0.13214,0.12587,0.12006264460001903,0.11670915304199918,0.1116,0.10799973588766876,0.10358
09-01-2026 12:25,25737.5,0.10941,0.10511,0.10629,0.09865,0.09742,0.09601,0.09433,0.09271,0.09196,0.0914,0.09129,0.09187,0.09267,0.0947,0.17366,0.16534,0.16391,0.1569,0.15080110715895395,0.14376,0.1380870334333864,0.13292,0.12678255171315292,0.12104,0.11744,0.11276,0.10923196343103769,0.10484
09-01-2026 12:30,25724.25,0.11536,0.11023,0.1069,0.10431,0.10061,0.09884,0.09649,0.09464,0.09402,0.09313,0.09304,0.09347,0.09429866987360487,0.09648,0.17014907744711932,0.16442,0.16377,0.15531,0.15051,0.14394,0.13775100994926254,0.13229,0.12577,0.12044,0.11671,0.11210938310451964,0.10843,0.10371
09-01-2026 12:35,25712.65,0.11323,0.10829,0.1045,0.10192,0.09951,0.09791531869980448,0.09626,0.09479,0.09436,0.09358,0.0939,0.09457,0.09558051636289651,0.0979,0.17528,0.16956,0.16529,0.15868351408482617,0.153,0.14556160942406984,0.13946,0.13458,0.12846,0.12323377158778484,0.11983,0.11539207656550644,0.11176,0.10717
09-01-2026 12:40,25689.45,0.11739,0.11336,0.10882,0.10546,0.10281,0.10124,0.09930135499409812,0.09745,0.0966,0.09593941886822713,0.09592,0.09656,0.0978,0.09994,0.1751,0.17006,0.16506,0.1581616006156974,0.15211,0.14599,0.13954,0.1342,0.12763,0.12249,0.11887,0.11394,0.11,0.10574
09-01-2026 12:45,25685.25,0.10932,0.10542781668079962,0.10217,0.1025,0.10058,0.09812,0.09718011634497384,0.09558045091844794,0.09528701322464456,0.09488,0.09577,0.09679,0.09800822756902654,0.10032,0.17535,0.16945610912601877,0.16505,0.15822996552799218,0.15203873269701862,0.14521,0.13911,0.13377,0.12754,0.12272,0.11887,0.11426,0.11071,0.10712247057060459
09-01-2026 12:50,25678.5,0.12829,0.12145767996182376,0.11553,0.11104982236201202,0.1072,0.10395,0.10167,0.09964,0.09878,0.09762,0.0979105066044571,0.09849,0.09949,0.10145,0.17623075875553887,0.17056,0.16233,0.1554224214274864,0.14938,0.14329,0.13477,0.13075,0.1244,0.11944,0.11544,0.11085,0.10704,0.10251
09-01-2026 12:55,25695.15,0.12027,0.11243,0.11052,0.10742,0.10444136803259244,0.10178859945310197,0.09972,0.09771,0.09703,0.09608,0.09627,0.0968,0.09761,0.09973,0.17501,0.17181,0.16434,0.15749611932608154,0.15145,0.14496,0.13844,0.13320030217303308,0.12703,0.12174,0.11780026160782037,0.11301,0.10916,0.10509
09-01-2026 13:00,25694.0,0.11841009795888388,0.11285,0.10979,0.10675,0.10389995736174387,0.10131,0.09968869054564132,0.09794,0.09704,0.09577,0.09623,0.09692,0.09779884149914367,0.09985,0.17567,0.17174,0.16532,0.15674,0.15117596577124257,0.14488,0.1389,0.1333,0.12729,0.12233,0.11798,0.11346552028426596,0.10973,0.10531
09-01-2026 13:05,25687.3,0.12321,0.11865,0.11451,0.10988,0.10627,0.10377,0.10167,0.09932,0.09824517927055981,0.09691,0.09726,0.09796,0.09813391352378922,0.10076773127450102,0.17521,0.16986259716022084,0.16483,0.15735833918112307,0.15176,0.14532114026318088,0.1385096749372637,0.13305,0.12682,0.12130362181669602,0.11760058347622383,0.11243034291951073,0.1090408149263554,0.10469
09-01-2026 13:10,25691.5,0.12107425416572644,0.11744,0.11545,0.10842,0.10596,0.10336,0.10088,0.09906982617939318,0.09821,0.09707139425490775,0.09704,0.09744,0.09831166036322472,0.10037,0.17552,0.16948,0.16466589537969334,0.1571909601345074,0.15197,0.1456479180533592,0.13936,0.13369,0.12693,0.12183,0.11751,0.11275,0.1095,0.1049
09-01-2026 13:15,25696.8,0.12103,0.1160336459913497,0.11193,0.10906,0.10638,0.10386721405914916,0.10175234595438115,0.09959048896233978,0.09865,0.09761847246018031,0.09762150964733346,0.09762,0.09831,0.10017,0.17556,0.16988,0.16483,0.15737245154483803,0.15176,0.14418,0.13850027123464476,0.13366,0.12696,0.12177,0.11768,0.11275,0.10916596482757339,0.10454
09-01-2026 13:20,25704.7,0.1224966923088986,0.11566,0.11049,0.10641,0.10372462225479792,0.10143,0.09899,0.09758,0.09689,0.09572,0.096,0.09672,0.09757,0.09942,0.17485,0.16771,0.16437,0.15766348184221401,0.15238,0.14601,0.13882,0.13355,0.1271,0.12201,0.11774,0.11275,0.10920369257410383,0.10466
09-01-2026 13:25,25701.95,0.12224,0.11636278591113716,0.11251,0.10795,0.10579,0.10305,0.10117,0.09904,0.09799,0.09694,0.09698486258373527,0.09733,0.09843,0.10009,0.17541,0.16753,0.16479,0.15654,0.15179,0.14545,0.13938,0.13385582364211351,0.12732,0.12201,0.11797,0.11302,0.10946,0.10702051530392373
09-01-2026 13:30,25705.5,0.11593,0.10972,0.10335,0.10307,0.10018,0.09862,0.09718,0.09591300016311416,0.09555,0.09465,0.09496,0.09588,0.09692065029843568,0.09903,0.17569,0.17073,0.16537,0.15682,0.15272,0.14626444633134222,0.14043,0.13508,0.12859,0.12355,0.11929,0.11474036852089906,0.11129,0.10651
09-01-2026 13:35,25704.05,0.12743,0.12147287881113587,0.11575775941213838,0.11167,0.10775,0.10526,0.10226,0.10040822988069104,0.09945,0.09808173929817046,0.09781,0.09816,0.09904,0.10073,0.17428,0.16831190649933708,0.16374,0.15641673229115746,0.15106,0.14576,0.138950989812437,0.13284,0.12644149908966118,0.12096,0.1165,0.11202,0.1086,0.10554525541687614
09-01-2026 13:40,25707.75,0.10972,0.10663570334388746,0.1037,0.10074481548523369,0.09823,0.09644,0.09503,0.0943,0.09393,0.09321,0.09384,0.095,0.09637,0.09938771519349571,0.17513,0.16888,0.16496,0.15582,0.15254,0.14654,0.1401,0.13446066981600208,0.12819,0.12362,0.11937264889705222,0.11463,0.11134,0.10841525541687762
09-01-2026 13:45,25683.75,0.11389614957232125,0.11147,0.11084,0.10705,0.10388,0.10133,0.09953,0.09777,0.0968992496380145,0.0957,0.09627,0.09717,0.09848,0.10032,0.17398,0.16798887396505066,0.16334,0.15566349271003682,0.1507,0.14476193385672234,0.13825798556522023,0.13275,0.12644,0.12138,0.11727,0.11252,0.10907,0.10425
09-01-2026 13:50,25682.0,0.11444,0.11369,0.10973642195959553,0.1056,0.10242,0.10013,0.0983570403590156,0.09695,0.09655,0.09575826117909642,0.09612,0.09718,0.0986,0.10046,0.17195930502358134,0.1658,0.16322,0.15392,0.15058,0.14454,0.13837,0.13319,0.1273435736917625,0.12223436354062163,0.11776,0.11325,0.10975,0.1051
09-01-2026 13:55,25665.25,0.13117,0.11883,0.11497950523762604,0.11289599288541625,0.10983,0.10688,0.10407,0.10189,0.10099,0.09943,0.09955,0.10003,0.10099896370044216,0.10274,0.1725,0.1646,0.16175365052017843,0.15528,0.14904,0.14288,0.13651,0.13106,0.12472,0.11955,0.11552,0.11076,0.10706,0.10236
09-01-2026 14:00,25689.05,0.11498,0.1132,0.10849,0.10546594836920799,0.10267,0.10027,0.09839705546902211,0.09693,0.09633694361878195,0.09531,0.0958,0.09696,0.09858,0.10034,0.17441,0.16895,0.16408,0.1571,0.15170370142829945,0.1454630229802102,0.13927322365760694,0.13398,0.12735,0.12225,0.11836,0.1135,0.11011,0.10547
09-01-2026 14:05,25678.55,0.1267346297723076,0.12009,0.11460820630563587,0.10995,0.1064,0.10305,0.10082,0.09954,0.09859,0.09715,0.09738,0.09828,0.09941,0.10108,0.17367,0.16886,0.16361,0.15609722373638962,0.15061,0.14467870747302058,0.13820526408870712,0.13275,0.12639,0.12141,0.11734,0.11256,0.10876,0.10422
09-01-2026 14:10,25674.05,0.11993,0.11320801635870964,0.10659,0.10482,0.10293,0.1001,0.09781,0.09679,0.09658,0.0955,0.09608,0.09574710661411878,0.09528980097061933,0.0963815131171841,0.17391,0.16854,0.16343,0.155,0.15065,0.1444295782477535,0.13852,0.13304,0.12686,0.12207305669732077,0.11832,0.11367,0.11005,0.10553
09-01-2026 14:15,25669.0,0.11382,0.11203,0.10784,0.10521887326631191,0.10262,0.10114,0.09873,0.09726,0.09676,0.09572,0.09619,0.09744,0.09886,0.10039,0.17392,0.17027,0.16336,0.157,0.1504,0.14252,0.13853,0.13282,0.12685,0.12213,0.11774,0.11297,0.10935,0.10483
09-01-2026 14:20,25668.65,0.11709150918549491,0.11177,0.10837685901625616,0.10614,0.10316,0.10092,0.09864,0.09734839338876869,0.09688,0.09562,0.09597,0.09731,0.09845,0.10029,0.17337,0.16979,0.16261,0.15560751968205752,0.15026,0.14406830803461443,0.13856091105707727,0.13298,0.12675,0.12182,0.11772,0.113,0.10959028200872946,0.10508
09-01-2026 14:25,25671.35,0.11449,0.11034538931215154,0.10674,0.1025,0.100275877987437,0.0984,0.09697,0.09582,0.09539,0.09442,0.09527,0.09626,0.09792,0.09983,0.17321,0.17,0.16342,0.15677444697194462,0.1514049370073554,0.14432989710446517,0.13865,0.13368,0.12757,0.12228,0.11872,0.11392,0.11039,0.10690735067645087
09-01-2026 14:30,25652.65,0.1269,0.12078,0.11398,0.11234,0.10794,0.10499,0.10242,0.1004292451703555,0.09938,0.09808,0.0983,0.0992039783022482,0.10044,0.102,0.17453,0.16863,0.1619253859208689,0.15484,0.14890521572331644,0.14255,0.13683,0.13149,0.12523,0.12042,0.11625,0.11135,0.10737,0.10319
09-01-2026 14:35,25659.1,0.12071,0.11683,0.1133,0.1082,0.10504,0.10241,0.10006792870589673,0.09844,0.09796,0.09651,0.09719,0.09831,0.09967,0.10142,0.17291,0.16652,0.16282,0.15575,0.15008792063261361,0.14318500403626405,0.13757,0.13231,0.12624042465468466,0.12136,0.11741,0.11274,0.10915,0.10462
09-01-2026 14:40,25650.4,0.12377935897093678,0.11901,0.11374,0.1103,0.10679342917889154,0.10393,0.10153,0.09964346517150761,0.09863,0.09756501249282058,0.098,0.09876,0.10008916092582358,0.10194,0.17278198931010103,0.1685,0.16305,0.15801,0.15037,0.14286,0.13719,0.13241,0.12612,0.12102,0.11697,0.11206,0.10843,0.10422
09-01-2026 14:45,25668.25,0.11893,0.11493480797898696,0.11041,0.10761,0.10457513394091075,0.1021,0.09986,0.09815,0.0978,0.09646,0.09693,0.09755,0.09897,0.10073,0.17396,0.16722,0.16383,0.1562,0.1508,0.14406,0.13782,0.1327764696021229,0.12626363049769557,0.12162,0.11754,0.11257,0.109,0.10484
09-01-2026 14:50,25663.45,0.11923,0.1159,0.11115,0.10822,0.10457,0.10245,0.10011,0.09834,0.09774310754463963,0.09664,0.09701,0.09794954255984807,0.09928,0.10092,0.17416,0.1684147125925704,0.16363,0.15667,0.15093,0.14334,0.13817,0.13298,0.12678,0.1217,0.11772,0.11271,0.10912,0.10492
09-01-2026 14:55,25674.9,0.11822,0.1133,0.10902,0.1054,0.10279374557004224,0.10099,0.09814,0.0971321821396767,0.09696,0.09556,0.0958,0.09655,0.09819,0.10004,0.17375,0.167555535350479,0.16346180809939329,0.15674,0.15109,0.14426,0.13849,0.13284,0.12678,0.12179,0.1177355306841925,0.11291,0.10919,0.10506
09-01-2026 15:00,25668.55,0.12334,0.11686,0.11249928803713062,0.10907,0.10550825055261988,0.10297391227055666,0.10002887256097334,0.09847,0.09805,0.09666,0.09714,0.09787,0.09934,0.10156937272716185,0.17385,0.16679,0.16277597119057832,0.15668,0.15036,0.14355985635117663,0.13746,0.1327,0.12641,0.12116,0.11678,0.11209,0.10836,0.10429
09-01-2026 15:05,25679.0,0.12261,0.11496,0.11263,0.10917,0.10540714428217064,0.10242,0.1002,0.0985,0.09781,0.09643,0.09701,0.09746,0.09913,0.10123937272716368,0.17315,0.16824,0.16306,0.15652,0.1507712906982908,0.14332778863169637,0.13757,0.13236,0.12621,0.1212,0.1166,0.11165,0.1072088436160547,0.10148091163747018
09-01-2026 15:10,25688.85,0.12024860076945694,0.11582,0.11321,0.10988,0.10583,0.10386,0.10089,0.09887,0.098,0.09658,0.09679351489034765,0.09724,0.09912,0.10076,0.17261402881868396,0.16743,0.16289806336408696,0.15642,0.15002,0.14398,0.1376,0.1327,0.1264474728162758,0.12124,0.11718,0.11255,0.10842884361604405,0.10302091163744741
09-01-2026 15:15,25690.6,0.11554860076944302,0.1108,0.10787,0.10435,0.10131,0.10057,0.09761,0.09619879121931756,0.09612140164180186,0.09521,0.09612,0.09663,0.09878,0.10097,0.17363,0.16809,0.16381,0.15799,0.1519124478955684,0.14446727358225525,0.13885,0.13385351750356148,0.12782,0.12265593281907672,0.11865,0.1141144382722101,0.11073,0.10651
09-01-2026 15:20,25695.2,0.12742028205634504,0.11903992559579275,0.11336,0.10723,0.10456168431612552,0.10272,0.10016071021097299,0.09868,0.09815,0.09681110622667108,0.09688,0.09766,0.09924,0.10136,0.1745586077830537,0.16844,0.16508,0.15679,0.15261,0.14593,0.14029,0.13487,0.12864,0.12324329008541712,0.11896,0.1143,0.11059,0.10663143896328998
09-01-2026 15:25,25688.2,0.13292,0.12614,0.12044,0.11587880024380882,0.11233,0.10939,0.10641,0.10353,0.10225193764148822,0.09972361399748694,0.09965,0.09992,0.10147,0.10334,0.17462,0.16795,0.16501,0.15854991106022343,0.15285778100002007,0.14643,0.1402852524114648,0.13467,0.12881,0.12288,0.11896,0.11234,0.10955,0.10414
12-01-2026 09:15,25657.45,0.11654792426663722,0.11324,0.11181,0.10923,0.10651,0.10512,0.10354,0.1025,0.10272357059824823,0.10168181054367084,0.10287,0.10466,0.10656,0.10945,0.1905,0.18496,0.17748133978860753,0.16792,0.16397,0.15764,0.15087,0.14559,0.13863,0.13422,0.12931,0.12421434996020592,0.1207,0.11627
12-01-2026 09:20,25594.15,0.12969792426657636,0.12206,0.1163,0.1162,0.11326389662621317,0.1116,0.10983102468205959,0.10867,0.10825,0.10783,0.10912,0.11053,0.11293,0.11619,0.18837,0.18215,0.17641,0.17045,0.16362756086854127,0.15582,0.14937,0.14418,0.1378857685143649,0.13308,0.1287282238899311,0.12372,0.11972755765358664,0.11383259469442378
12-01-2026 09:25,25548.3,0.13463,0.13255,0.12451,0.12229,0.1187,0.11659,0.11418635489548402,0.11275,0.11187,0.11185,0.11289700021483721,0.11469,0.11707,0.12066,0.18706,0.18142,0.17544,0.16842,0.16152,0.15484,0.14868,0.1434,0.13738,0.1321086361646829,0.12763,0.12272,0.11844,0.1144
12-01-2026 09:30,25559.65,0.13912976096873728,0.13513,0.13053,0.12762,0.12304379619786791,0.11992,0.11715171650297786,0.11528,0.11449553685822107,0.11364,0.11442,0.11596,0.11845,0.12193,0.18674,0.18038441265034638,0.17576239578323388,0.16872,0.16123,0.1546,0.14839573010399904,0.14294,0.13629,0.1307,0.12579,0.12049,0.11614,0.11154
12-01-2026 09:35,25575.3,0.14006,0.13464,0.12761,0.1248,0.12047,0.11770489048777069,0.1148425137625433,0.11315326908604305,0.1125,0.11211,0.11293738994922856,0.11439,0.11676,0.11939473042791636,0.18503,0.17922048556156372,0.17376,0.16686,0.16,0.15408,0.14815,0.14297837435015878,0.1363540033423049,0.13122190644950313,0.12645,0.12142,0.11744766980808123,0.11271
12-01-2026 09:40,25569.55,0.1319972720575802,0.12814,0.12327246743345238,0.12038,0.11743,0.11497,0.11236,0.11087,0.11045,0.11015,0.11133,0.11332,0.11595,0.1195,0.18611,0.1801306979492438,0.17467,0.1679,0.16147,0.15594,0.14974,0.1448,0.13870135711538006,0.13318024752530908,0.12831,0.12336,0.11915,0.11505
12-01-2026 09:45,25560.8,0.14288,0.13986,0.13543,0.13261,0.12714,0.12351,0.11999,0.11711,0.11605,0.11475,0.11528,0.11638,0.11738009114375726,0.11937159239024847,0.18657,0.18065848405476576,0.17502,0.16911,0.16194,0.15526,0.14912,0.14334,0.13702,0.13124,0.12606910237813207,0.12046,0.11587215075683793,0.1107
12-01-2026 09:50,25588.7,0.13697,0.13079,0.1259052256601495,0.12282,0.11879,0.11587,0.1133,0.11123993168258806,0.11057805832959457,0.10979,0.11073,0.11209,0.11424,0.11756,0.18788,0.18272,0.17674,0.17095,0.16343,0.1574,0.1512,0.14596,0.13945,0.13402,0.12872,0.12356,0.11956996338681797,0.11512
12-01-2026 09:55,25588.5,0.12519,0.11951,0.11576486526891638,0.11372,0.11107,0.10934335626184939,0.10768,0.1065593833339593,0.10652,0.10686,0.10824291028423438,0.11001,0.11304759849630232,0.11653,0.18727159035857618,0.18242,0.17742,0.17095,0.1641,0.15841,0.15246,0.147,0.14067,0.13527,0.13053,0.12529,0.12048078443973004,0.11521630664224536
12-01-2026 10:00,25564.15,0.1450852248944244,0.13787,0.13159,0.12824,0.12398,0.12048248874127367,0.11732,0.11475,0.11375,0.11287386016327365,0.11352817706055646,0.11464,0.11676,0.12025,0.18474,0.18026,0.17374,0.16725,0.1605,0.15419,0.14812,0.14258,0.13552,0.1301,0.12497376630601514,0.11957,0.11465,0.11054
12-01-2026 10:05,25588.7,0.13313,0.12825,0.12214,0.11971,0.11604,0.11335,0.11096,0.10916,0.10861,0.10851,0.10967,0.1111,0.11368,0.11713,0.18794,0.18242409228945625,0.17721,0.17052,0.16393,0.1574007614193767,0.15106,0.14561,0.13927901874543386,0.13377678558216669,0.12860680779378902,0.12301,0.11852,0.11445553305266844
12-01-2026 10:10,25566.95,0.1341,0.127,0.12233,0.11971,0.11623062708706487,0.11383,0.11152,0.10984,0.10919,0.10922,0.11084,0.11267096061967455,0.11514427822278885,0.11835,0.18718,0.18098,0.17544351404240033,0.16872696256823438,0.16279,0.1563,0.15058,0.14488,0.13799,0.13263,0.12756,0.12227267271223008,0.11787,0.11383
12-01-2026 10:15,25557.55,0.14588,0.13846,0.13169,0.12799,0.12354,0.11972,0.11606,0.11398,0.11253,0.11213,0.11282623398629751,0.11392,0.11433366212397113,0.11700308180359976,0.18549141046623144,0.18007,0.17472,0.1676,0.16109,0.15445,0.14828,0.1424327419745829,0.13556,0.12978,0.12471152894210302,0.11929,0.11442584750495466,0.10929463047203891
12-01-2026 10:20,25583.3,0.13288928997601274,0.12801,0.12396,0.12163,0.11793,0.11486,0.11166,0.11001,0.10913,0.10842,0.10982,0.11101,0.11345,0.11724748553936626,0.18773,0.18178,0.17694,0.17023,0.16367343204292992,0.15691,0.1507,0.14521,0.13843,0.13265,0.12757547697180183,0.12223157191758995,0.11752,0.11314
12-01-2026 10:25,25574.15,0.1436192899760222,0.13623,0.12967,0.12376,0.11887,0.11599,0.11293210711824975,0.11085436210829434,0.11001866254560577,0.1095,0.11075,0.11194,0.11423,0.11789,0.18708657331010767,0.18134,0.17618,0.16883,0.1626,0.1561534215809894,0.15012330488826695,0.14418,0.13768,0.13146,0.12617,0.12111621198412516,0.11655,0.11219
12-01-2026 10:30,25584.2,0.12908810758810096,0.12478,0.1213,0.11695,0.11385,0.11154,0.10886913399126213,0.10727,0.10654,0.10672,0.10798823225469087,0.10943,0.11229,0.11575,0.1885,0.18265,0.17719,0.17009,0.16362,0.15743,0.15109,0.1456231784254631,0.13905,0.13309,0.12789,0.12261,0.1185,0.11429
12-01-2026 10:35,25564.75,0.13492,0.1278,0.12354717807115698,0.12019,0.11652,0.11382221675405607,0.11093,0.1091,0.10819,0.108,0.10963,0.11056,0.11362758259076287,0.1173,0.18742,0.18134,0.17634,0.16927,0.16235,0.15578,0.14955,0.14395,0.13739089974461655,0.13153,0.12646,0.12132,0.11691,0.11272
12-01-2026 10:40,25572.4,0.13601,0.12918107037097665,0.12305308466979945,0.11865196148425194,0.11433,0.11195,0.1096,0.1079,0.10715,0.10698,0.10851,0.10977,0.1128484041630715,0.11652,0.18839,0.1817,0.17701,0.1702,0.16316,0.15689,0.15047,0.14502,0.13819,0.13259,0.12758,0.12226,0.11723374762765336,0.11181791414257841
12-01-2026 10:45,25556.8,0.1375,0.13167,0.12703,0.12366,0.119,0.11582,0.11307,0.11089,0.11001044234868156,0.10963,0.11085455188619976,0.11207066749687208,0.11478,0.11859,0.18665,0.1813,0.17556,0.16825,0.16157,0.15509,0.14874354369705883,0.14305,0.13636,0.13061,0.12534,0.11996,0.11568738923624498,0.11122
12-01-2026 10:50,25579.85,0.1222,0.11899,0.11375,0.11180402642455012,0.10992144002656122,0.10858,0.10623,0.1048,0.10456,0.10457,0.10620081235637324,0.10778,0.11086,0.11483,0.18856,0.1827716087417774,0.17769,0.17077,0.16419,0.15771,0.1512,0.14545,0.13918,0.13364,0.12852,0.12326530720741566,0.1187,0.11488
12-01-2026 10:55,25554.9,0.12813,0.12435,0.12022,0.11732941279183,0.11395,0.1115,0.109,0.10761,0.10696,0.10694,0.10852484501182469,0.1101,0.11312255248571229,0.11692,0.18701,0.18147,0.17604299491895298,0.16896,0.16253,0.15616281577368976,0.1497091388124184,0.14384,0.13698,0.13174,0.1269,0.12174372284783594,0.11732,0.11310691270563458
12-01-2026 11:00,25550.75,0.13043882960604225,0.1261,0.12199591267702461,0.11932,0.11567161894060288,0.11307,0.11061,0.10912,0.10849838745560245,0.10824,0.10971,0.11147077499460653,0.11413,0.11807,0.1861126796281839,0.1807,0.17524466679415135,0.16802,0.16163,0.15508,0.14859,0.14293565144543835,0.13622,0.13101,0.12611535417845082,0.12081639457022383,0.11674082519364402,0.11248
12-01-2026 11:05,25538.1,0.13264131501102253,0.12782,0.1236,0.12028510721342363,0.11626020927803207,0.1141930487913022,0.11172,0.10985,0.10916,0.10888,0.1104,0.11198,0.11491,0.11861,0.18486,0.17966,0.1739,0.16719873931480245,0.16062,0.15433,0.14776,0.14223,0.13525,0.12988730375390853,0.12502,0.11987,0.11562,0.11145
12-01-2026 11:10,25544.8,0.12861669195282335,0.12331,0.11886,0.11651,0.11347,0.11101,0.10883404282780934,0.10721,0.10687904630469808,0.10691,0.10852,0.11041,0.1133,0.11741,0.18527,0.18024,0.17423,0.16813,0.16113,0.15506,0.14854393744463934,0.14318695173850204,0.13663,0.13121,0.1263,0.1209,0.11679,0.11303
12-01-2026 11:15,25528.8,0.12595,0.1217,0.11817321487756516,0.11598,0.11333,0.11155745962659942,0.1093576043231656,0.10818,0.10776,0.10781,0.10975,0.11188,0.11487,0.11907,0.18365,0.17819,0.17235,0.16591,0.15971,0.15341,0.14744,0.14174,0.1353,0.1302,0.12548,0.12065,0.11628,0.11298
12-01-2026 11:20,25512.25,0.13111,0.12465,0.11983,0.11831,0.11531,0.11282,0.11091,0.10965,0.10944,0.10972,0.11151,0.1133,0.11641543093482519,0.12045,0.18148,0.17667,0.17081,0.16375,0.15824,0.1518,0.14588,0.14013,0.13384,0.12869,0.12395780210881524,0.11902,0.11468,0.11114
12-01-2026 11:25,25509.25,0.12887,0.1246,0.11997154566693022,0.11729,0.11454,0.1123,0.11069,0.10934,0.10911,0.10999,0.11181,0.11361,0.11695,0.12117,0.18156476899786814,0.17614,0.1707,0.16363,0.15750225734582568,0.15137120727729492,0.14553,0.13962,0.13348,0.12832541422465416,0.12353,0.11867,0.11474,0.11088
12-01-2026 11:30,25496.15,0.12283,0.11979,0.11693,0.11543,0.11285,0.11124,0.11003,0.10937,0.10944,0.11028,0.11224,0.11446,0.11778,0.12226,0.18198,0.17611786975932656,0.17117964578937583,0.16462,0.15892,0.15261,0.14665,0.14131,0.13519,0.13044,0.12596,0.12101,0.11711,0.1142
12-01-2026 11:35,25487.1,0.12896,0.12445395013881737,0.11988,0.11806,0.11515350209992735,0.11321,0.11152911659789937,0.11034,0.1103,0.11119,0.1131,0.11494,0.11853,0.12292,0.18093,0.17561,0.17024,0.16314,0.157194163662791,0.15104,0.14491808624366484,0.1394,0.13317,0.12815817069602828,0.12347,0.11886672528734876,0.11508,0.11171
12-01-2026 11:40,25485.45,0.12566249073473712,0.12233643029563539,0.12019,0.11832,0.11599,0.11366,0.11195,0.11111,0.11123,0.11201,0.1137,0.11586,0.11937,0.12385,0.18081,0.17563,0.17025,0.16382,0.15778,0.15171954961861825,0.14571600122140324,0.14013,0.13359,0.12863,0.12393,0.11956,0.11572245572441497,0.11221
12-01-2026 11:45,25476.55,0.13517,0.12957,0.12533,0.12351,0.11952,0.11682,0.11481,0.11361,0.11317,0.11357,0.11488,0.11688,0.11992,0.12409,0.18025,0.17461,0.16924,0.16224,0.15605,0.14943,0.14365,0.13787,0.13125,0.12603,0.12139,0.11699,0.1129,0.10915
12-01-2026 11:50,25491.7,0.1293,0.12492,0.12093,0.11849,0.11551608593797119,0.11342,0.11188844763824204,0.11065170926025776,0.11052,0.111,0.11288,0.11482,0.11826,0.1227,0.18185,0.17591,0.17019,0.16313,0.15692,0.15086,0.14495,0.13939,0.13296,0.12789670805096848,0.12333,0.11901,0.11499,0.11149
12-01-2026 11:55,25495.85,0.13106,0.12537,0.12187,0.11957,0.11614,0.11392446203685988,0.11205,0.11089,0.11069951842925882,0.11102,0.11273,0.11467,0.11789,0.12232589423435099,0.18173,0.17556,0.17039161051057608,0.16363,0.15731,0.15068,0.14477,0.13922,0.13293,0.12779,0.12291,0.11846161659389529,0.11471,0.111241656492125
12-01-2026 12:00,25499.2,0.12806,0.12433,0.11977,0.11788,0.11466,0.11248,0.11083,0.10975163795181997,0.10963,0.11033,0.11191,0.11395,0.11737,0.1217,0.18155,0.17572,0.1701,0.16317726334978105,0.15677,0.15024,0.14459,0.13903,0.13296,0.12752,0.12279,0.11849857758546042,0.115,0.11173665649209738
12-01-2026 12:05,25507.65,0.13197,0.12643,0.12244,0.11971857478107359,0.11613,0.11407,0.11198004905515843,0.11057,0.11034005078488615,0.11061,0.11212,0.11396,0.11724,0.12139,0.18194,0.1763,0.17051933863528793,0.16326,0.15656,0.14995,0.14383,0.1381,0.13178,0.12652,0.12189,0.11730708118750974,0.11337,0.10923
12-01-2026 12:10,25526.3,0.14473,0.1426,0.13664,0.13244,0.12752,0.12306,0.11975621073893562,0.11725,0.11547,0.11434,0.11538,0.11631,0.11832,0.12241,0.18194265424042047,0.17639,0.17031,0.1638,0.15648610323149675,0.1492,0.14285,0.13669,0.13021,0.1242401075233878,0.11882654455117092,0.1134,0.10926109457580407,0.10445
12-01-2026 12:15,25577.45,0.14302,0.13618,0.13037,0.12711,0.12239,0.11946,0.11592,0.11383505314555718,0.1127,0.11224,0.11281389019669132,0.11361,0.11532,0.11883,0.18443,0.17862,0.17238,0.16537,0.15893,0.15208,0.14584,0.13976,0.13325,0.12715,0.12234,0.11758,0.11315,0.1096047758304444
12-01-2026 12:20,25614.85,0.15144,0.1446725726686007,0.1381,0.13350930161212227,0.12816,0.12403,0.12111,0.11765,0.11628,0.11484,0.11474,0.11538,0.11699397926732222,0.11973,0.186,0.17815,0.17464,0.16816,0.16208,0.15542,0.14889181112522237,0.14266,0.136,0.13010401283364006,0.12488,0.11939,0.11495,0.11138678644123837
12-01-2026 12:25,25653.4,0.12796337352734327,0.12728,0.12805,0.12478,0.12093,0.11774,0.11503,0.11288,0.11166,0.11104,0.11111,0.11177973986042748,0.11325,0.11604,0.18872,0.18389,0.17771,0.17116,0.16556,0.15827,0.15227,0.14636,0.14013,0.1342,0.12936780917563617,0.12448,0.12027,0.11551
12-01-2026 12:30,25668.1,0.154,0.14368,0.13897,0.13425552664918572,0.12916,0.12489128771142806,0.1213,0.11878,0.11738,0.11624,0.11566,0.1161,0.11709,0.1201787683893629,0.18740995432459798,0.18248,0.17816,0.17214,0.16583,0.15888,0.1533,0.14792,0.1408,0.13493,0.12977267797443226,0.12481720497312332,0.12038,0.11487
12-01-2026 12:35,25690.5,0.13488,0.12381,0.12445,0.12024,0.11698,0.11468,0.11213,0.11118,0.11028011039239496,0.10965,0.11016,0.11093151999261604,0.11232,0.11471,0.19113,0.18537,0.18081,0.17518,0.16841,0.16195020887879313,0.15617,0.15057,0.1442148706083885,0.13864,0.13428,0.12892056674031616,0.12421,0.11946522785524856
12-01-2026 12:40,25684.35,0.15507,0.14795150228261095,0.14347,0.1384197760125416,0.13275,0.12895,0.12453,0.12115,0.11951852055029884,0.11829,0.1175138454884312,0.11716,0.11832,0.11999,0.18826,0.1849,0.17793,0.17149,0.1654,0.158563342060902,0.15219600041627426,0.1463851031956038,0.13995,0.13419,0.12962,0.12398,0.11916307305256518,0.114
12-01-2026 12:45,25727.5,0.13318,0.12773898581257317,0.12466,0.11945,0.11652,0.11391815249929099,0.11132679543150409,0.10981,0.10933695313285542,0.10914,0.10936284068042192,0.10977,0.11139984346484554,0.11342,0.1931,0.18998,0.18359,0.17732,0.1711,0.16425385338423898,0.15835,0.15248311711980575,0.14586,0.1398,0.13530520112297761,0.13039,0.12575305162210165,0.12103
12-01-2026 12:50,25724.55,0.14204,0.13629599304232012,0.13291,0.1285,0.12508,0.12156,0.11869931600336536,0.11654,0.11567,0.11427,0.11384,0.11403,0.11481,0.11638,0.19309,0.18835,0.18208,0.17651,0.16953,0.16277,0.15723,0.15129175327525088,0.14472,0.13859,0.13453,0.12962,0.1253,0.12029
12-01-2026 12:55,25715.5,0.14309,0.13735,0.12992017663398844,0.12356,0.12039,0.11681,0.11462,0.11257875687725703,0.11168,0.11139,0.11130188997926145,0.11148,0.11248,0.11441,0.19219,0.18729,0.18184,0.17548,0.16905,0.16237,0.15666,0.15125542710371162,0.14484777726677414,0.13893149102962865,0.1341,0.12879,0.12422483254185337,0.11933
12-01-2026 13:00,25692.65,0.13268,0.13424,0.13095,0.12798983875030756,0.12484,0.12196,0.11816,0.11592,0.11435712244562421,0.11335738378070599,0.11292,0.1130246999217538,0.11399,0.1150256855318082,0.19101,0.18652,0.18014,0.17417,0.16763583840513532,0.16101,0.15571,0.15010731656435025,0.1431913441795826,0.13751,0.1327,0.1277,0.12285,0.11824
12-01-2026 13:05,25702.65,0.14577,0.14060962630526694,0.13579,0.13046594750552543,0.12591,0.12264,0.11964,0.11692,0.11573,0.11455,0.11356,0.11369,0.11544553360899894,0.11663,0.19162,0.1862960760180051,0.1805,0.17474,0.1683440069486322,0.16178,0.15598,0.14991348682884206,0.14297,0.13744,0.13288,0.12774089359960256,0.12314,0.11809
12-01-2026 13:10,25710.85,0.14323,0.13453,0.12998,0.128,0.12374,0.1201,0.117,0.11471,0.11291,0.11137,0.11141,0.1113,0.11338018217478789,0.11484,0.19088,0.18534,0.18005,0.17456,0.1683,0.16214,0.15586,0.15028,0.14341,0.13756219109989262,0.13335612161065666,0.12799,0.12361,0.11846
12-01-2026 13:15,25725.15,0.12758,0.12543,0.1204,0.11686153156275961,0.1132,0.11159,0.10938557657119449,0.10805,0.10708,0.10686042516171661,0.10713,0.10771903894893374,0.10989731519941424,0.111,0.18891703432225176,0.18479,0.18073,0.17517,0.16885,0.16266,0.15748,0.15181847403446974,0.1453,0.13958861593043922,0.13520355101539036,0.12999,0.12639,0.12286286000556634
12-01-2026 13:20,25697.4,0.1404141022497113,0.13529,0.13031,0.12633317015658233,0.1224,0.11874,0.11536,0.11443,0.11229,0.11137,0.11108500207536326,0.11101,0.11313,0.11563351741499182,0.18904,0.18412,0.17899,0.17303,0.16738309696532339,0.16111918418179733,0.15545,0.15004,0.1433,0.13781,0.13305,0.12716,0.12292751054306673,0.11772
12-01-2026 13:25,25704.15,0.12732,0.12404,0.11901,0.11669814594730835,0.11413,0.11166,0.10946332060535363,0.10819,0.1075283778980606,0.10714,0.10751,0.10825,0.10959128654388231,0.11200104709003239,0.18916,0.18468,0.17939,0.17361,0.16806,0.16189889334206703,0.1565,0.15139919592626486,0.14442781301058502,0.13946,0.1350347091293857,0.12991,0.1254,0.12063
12-01-2026 13:30,25707.95,0.16035,0.15224833171609242,0.14463,0.1381751880626018,0.13206373423255255,0.1272117378911438,0.12301,0.11901,0.11727,0.11597,0.11518,0.1148,0.11578,0.11723,0.18884,0.18364505513408325,0.17838,0.17289,0.16635,0.16048,0.15444574882247725,0.1485,0.14168,0.13599,0.1310720966658751,0.1253767366431334,0.12086,0.11620070735860638
12-01-2026 13:35,25747.0,0.12697,0.13005,0.12265,0.12035286770784862,0.11763901626201087,0.11525,0.11212,0.11042584715239429,0.10947,0.10874,0.10825,0.10898,0.11004,0.11183,0.19147,0.18757,0.18138,0.17551,0.16951,0.16335,0.15791,0.15185,0.14597,0.13983354228589528,0.13462,0.1293530607215275,0.12485,0.12001
12-01-2026 13:40,25745.1,0.14057420705359902,0.1348,0.12484157317834023,0.11842,0.1158,0.11363,0.11035,0.10893,0.10798,0.10738910817759952,0.10737942667352555,0.10789,0.10922,0.1109,0.19178,0.18626778158715068,0.1809792873227625,0.1752708883226983,0.16951,0.16359,0.15776,0.1521,0.14563,0.13943,0.13449261386118078,0.12956692049895943,0.12541,0.12045
12-01-2026 13:45,25739.05,0.14182,0.13243,0.1274,0.12355,0.11938,0.11529,0.11248,0.11011,0.1089,0.10768,0.10761,0.10793,0.10927,0.11099,0.19214161974461982,0.18724645707071658,0.18113,0.17536,0.16902,0.16257,0.15702,0.15116,0.14426529595184182,0.13813,0.13379,0.1287,0.12433,0.1201655659498397
12-01-2026 13:50,25735.6,0.1367423063582438,0.13352788986871855,0.12880722652099086,0.12561,0.12169,0.11822,0.11384,0.1118,0.1105,0.10937,0.10908556014526602,0.10914,0.11039,0.11193,0.19298,0.18672,0.18206,0.17617,0.16981093462462118,0.16319,0.15763,0.15127,0.14468,0.13839,0.13388,0.12816,0.12364,0.11821
12-01-2026 13:55,25743.25,0.13752,0.12317,0.1274,0.12181,0.11763,0.11525,0.11133,0.10985,0.10855,0.1074900184019305,0.10716,0.1077,0.10933597385538878,0.11096,0.19412572657381177,0.18885,0.18299037079025882,0.1769562961735189,0.17081,0.16449,0.15855,0.15269,0.14559,0.13949813172403827,0.13473,0.12945627577416868,0.12508,0.11957
12-01-2026 14:00,25734.9,0.13141,0.12459,0.12296978831235127,0.12034,0.11690453729953713,0.11367651981839078,0.11059,0.10946,0.10815,0.10718,0.10723,0.10766905246077757,0.10929217515168847,0.11075,0.19338,0.18746,0.18227914362835806,0.1766,0.17053,0.16404,0.15819415683856525,0.15227443492273807,0.14499908593977726,0.13956,0.13488,0.12952,0.12496379890119322,0.11936
12-01-2026 14:05,25732.75,0.13756,0.13142,0.12339,0.12785,0.12267,0.11871,0.11493482171127133,0.11212,0.1106459745722628,0.10958,0.10905909425012784,0.10908,0.10835421227554125,0.10984947264815992,0.19324,0.18731,0.18188,0.17644,0.16982,0.16312,0.15724745819372649,0.15116,0.1442592907694021,0.1384,0.1333660286144518,0.12785,0.12289,0.11768
12-01-2026 14:10,25739.35,0.13822044697397862,0.13049,0.12053,0.11797061363429195,0.11324,0.11198,0.10906,0.10643,0.10608,0.10546,0.10522,0.10593,0.10777300956780227,0.10964,0.19315,0.18786,0.18327,0.17724214085617232,0.17067,0.16446,0.15848,0.15258,0.14568101505544892,0.13985,0.13499125690932168,0.12965,0.12533,0.11911
12-01-2026 14:15,25729.15,0.13958,0.13351,0.12656,0.1222,0.11842,0.11527,0.11202428116178047,0.10986,0.10878,0.10763,0.10776,0.1082,0.10965,0.11154,0.19299,0.1865,0.18163,0.17581364672812297,0.16930054438541955,0.16309,0.15715,0.15097,0.14479,0.13865,0.13344,0.12815476513568172,0.12363,0.11826
12-01-2026 14:20,25736.35,0.14562958069435494,0.14464,0.13888,0.13311,0.1279,0.12338384951775816,0.11872,0.11572,0.11399,0.11222,0.11152026423635313,0.11128,0.11182,0.11392241377336827,0.19212,0.1869,0.18105,0.17619,0.1699,0.16246,0.15630683383526994,0.15021920447759082,0.1430471913801677,0.13731,0.1324,0.12651,0.12177779316630094,0.11595
12-01-2026 14:25,25762.75,0.13676,0.13189,0.12698,0.12283,0.11747,0.11438,0.11065,0.10897,0.1075,0.1065,0.10599,0.10665808244468829,0.10746,0.11023384234479501,0.19377,0.18793710382871265,0.1825,0.17716,0.1711279037526366,0.16475,0.15889,0.15317890592120573,0.1459804554862723,0.14034,0.13525,0.12988,0.12539,0.1197
12-01-2026 14:30,25753.1,0.1246383312931675,0.11977,0.11613,0.11389,0.11126,0.10931693504534581,0.10683,0.10553,0.10493,0.10422,0.10457316134890017,0.10536,0.10669,0.10846,0.19326,0.18789117377147246,0.18279,0.17731,0.17127992501532946,0.16471,0.15875,0.15268,0.14634,0.14043,0.13567,0.13022,0.1255,0.12037
12-01-2026 14:35,25716.7,0.15174,0.14512,0.13909,0.13307,0.12727,0.12346,0.11932,0.11604313705343369,0.11414122498757961,0.11210105248772106,0.11126,0.11126,0.10954498715932101,0.10933502513866819,0.19086,0.18502,0.17934,0.17431,0.16802,0.16121,0.15532,0.149219794077246,0.1426,0.13638,0.13169,0.12575,0.12104,0.11611989441679875
12-01-2026 14:40,25749.0,0.14146,0.13432766315553302,0.12715,0.12317,0.11863383239078229,0.11552,0.11292,0.11058,0.10931,0.10795,0.10775,0.10821,0.10979734279201023,0.11043,0.19276,0.18761,0.18249,0.17670291380569533,0.1702,0.16367936256914928,0.15785,0.15206701393460414,0.14553,0.13957,0.13458,0.12875,0.12421,0.11945989441677889
12-01-2026 14:45,25763.85,0.13183,0.12725658360757067,0.12209,0.11899573452568854,0.11506,0.11314,0.11013,0.10793,0.10687731602141372,0.1057209799041148,0.1055335696228999,0.10592,0.10718,0.10855099342401478,0.19416,0.18743,0.1829581224364282,0.17764,0.17176,0.16465,0.15882,0.15287,0.14641543995602696,0.14051,0.13534,0.12992,0.12548572651437315,0.11968
12-01-2026 14:50,25774.05,0.14353,0.13758,0.13082,0.12617,0.12152574752975491,0.11819,0.11434,0.11136,0.10960700156195759,0.10794,0.10689,0.10729209726153839,0.10863727139144738,0.10916,0.19388,0.18866,0.18313214806304848,0.17722,0.1706,0.16408,0.15815976340373186,0.15221,0.14529,0.13945,0.13428187909600503,0.12857,0.12345,0.11830594571864547
12-01-2026 14:55,25796.15,0.14247,0.13767,0.13126,0.1254,0.12008,0.11677,0.11369,0.11074,0.10988,0.10782,0.10710467193845546,0.10694,0.10774,0.10875,0.19471,0.189,0.18312,0.17722,0.17063,0.1640491417377036,0.15838,0.15240446294484955,0.14561,0.13940079968454314,0.13418,0.12887685883941452,0.12416,0.1191259457187068
12-01-2026 15:00,25785.15,0.13593,0.13388,0.12688,0.1223,0.11803,0.11433,0.11181,0.10984,0.1084118096238719,0.10638542416105391,0.10578,0.10594,0.10639,0.10766,0.19499994708754256,0.18898271761050223,0.183,0.17702,0.17066,0.1639508704459133,0.1582,0.15202,0.14524,0.1392057741890568,0.1345167483443164,0.12898,0.12431,0.11883
12-01-2026 15:05,25789.75,0.1304,0.12499,0.12171,0.11729,0.11382,0.1119,0.1089,0.10720540149015845,0.10626,0.10491,0.1045257396881125,0.10472,0.10536,0.10686,0.19342831548364695,0.18854,0.18376,0.17824,0.1721892501139222,0.16499604373828172,0.15899,0.15311,0.14667,0.14017,0.13508,0.129602426781085,0.12499,0.11971
12-01-2026 15:10,25785.05,0.137569381235043,0.12841,0.11964,0.1167,0.11290913546346205,0.11045,0.10802,0.10602035306039737,0.10497,0.10326,0.10302714504083908,0.10369433910716709,0.10495995909503356,0.10601,0.19482,0.18819,0.18361973204375032,0.17836,0.17144,0.16481,0.15909,0.1530467537451284,0.14564400633328817,0.13992,0.13472,0.1292,0.12462,0.11945
12-01-2026 15:15,25782.95,0.14107369578892312,0.13489,0.12748994673754457,0.1227068509846508,0.11744,0.11417,0.11137,0.10853,0.10738,0.1052,0.10474,0.10481,0.10563,0.10705,0.19663,0.19035299516481688,0.1854207692878998,0.17933,0.17261,0.16587,0.16024,0.15383914881398483,0.14687,0.14062,0.13514,0.12941296969242622,0.12452,0.11877
12-01-2026 15:20,25786.05,0.14005702912243587,0.13441326825858663,0.12843,0.1228,0.11761,0.11465,0.1115,0.10893,0.10713,0.10521,0.10453354469263884,0.10472619482846199,0.10526,0.1067,0.19815,0.19091,0.18787,0.1817936420120752,0.17428723539253105,0.16785,0.1617553732241841,0.15540808414165327,0.14852,0.14213,0.13614,0.13,0.12488639640631442,0.11872
12-01-2026 15:25,25801.35,0.13043,0.12173,0.11699166493986293,0.11484052073960141,0.11127,0.10871206611001659,0.10605,0.10462,0.10349,0.10165,0.10145,0.10137,0.10221,0.10465,0.19547,0.19534,0.18691,0.18088,0.1741777031993667,0.16707,0.16224,0.15508,0.1485120328061171,0.14221,0.13697,0.13075,0.1252,0.11944
13-01-2026 09:15,25853.0,0.10138,0.10057,0.10156,0.1010517406035236,0.09928980480522374,0.09894,0.09835433490922779,0.09761327239442982,0.09738,0.09690934332170589,0.09726,0.09771,0.0992,0.10094,0.19934,0.19786,0.19021026618949397,0.1824,0.17542,0.16959,0.16328,0.15746,0.15049,0.14446307593951294,0.13946,0.13333,0.12841,0.12266
13-01-2026 09:20,25825.4,0.1301,0.12038,0.11652,0.11379,0.11063,0.10853,0.10573,0.105,0.10365,0.10229,0.10185,0.10238,0.10336,0.10516,0.19995530075735635,0.19459,0.18813,0.17948,0.17454,0.16867,0.16259,0.156463195854707,0.14867278969670417,0.14263,0.13729950529953044,0.13143,0.12647,0.12052
13-01-2026 09:25,25818.35,0.07494,0.08386769519959006,0.07843,0.08355764648471574,0.08732,0.09071,0.09192,0.09345,0.09489,0.09538,0.09659,0.09772,0.09926,0.10186,0.19981361799728334,0.19492,0.19107,0.18192,0.17614431248785872,0.17018,0.16536087859936194,0.16014,0.15361564952529272,0.14795,0.14338703897804067,0.13807,0.13444,0.1289
13-01-2026 09:30,25766.85,0.09386,0.09872196326520478,0.09733,0.09843244045749597,0.0985,0.09942168616954569,0.09936,0.09957,0.1001936747639418,0.10013,0.1010737424081005,0.1022,0.10407,0.10676,0.19758,0.18681,0.1874,0.18077,0.17444,0.16772,0.1615,0.15562717767991316,0.14881,0.14315,0.13844,0.133,0.12898,0.12387
13-01-2026 09:35,25737.7,0.11826,0.11446919013883038,0.1101,0.11011,0.109,0.1081541947355725,0.10655228107292021,0.10605,0.10628,0.10556,0.10597,0.1067,0.10811,0.11024,0.19641,0.19402,0.18699796139576272,0.17834,0.17151,0.16504,0.15939,0.15322,0.14657,0.14058,0.13586,0.13051,0.12625906858262073,0.12088
13-01-2026 09:40,25732.1,0.12099483384384468,0.11635,0.11381211789004671,0.11226,0.11070092083133573,0.1094,0.10754,0.10682,0.10672,0.10605,0.10663,0.10736,0.10873,0.11101,0.19531,0.1897,0.1851,0.17854,0.17119,0.16484,0.15903,0.15272,0.14566,0.13996,0.1353,0.12993,0.12517,0.12017
13-01-2026 09:45,25766.4,0.10985,0.10211,0.10088156679384704,0.09765,0.09883,0.09904,0.09876227512111893,0.09900711107323934,0.09968,0.09971,0.10075,0.10208,0.10395,0.10665,0.194650566370911,0.18954,0.18651,0.17875,0.17198,0.16605,0.15962,0.15381174833409356,0.14721,0.14102,0.13691,0.1316,0.12743,0.12286
13-01-2026 09:50,25750.85,0.11754,0.11262,0.11364,0.10823,0.10611,0.10542,0.10416,0.10457,0.10446,0.10352,0.10426,0.10526410571434307,0.10695,0.10944,0.19685,0.1905857964790766,0.1858,0.17799,0.17208,0.165,0.15952,0.15376166721206724,0.14649426811227126,0.14069,0.13566,0.13018,0.12520091733158134,0.11895221051540757
13-01-2026 09:55,25731.0,0.10362,0.10571,0.10317,0.10456,0.1043331560081953,0.10433,0.10374,0.10378,0.10438,0.10435,0.10535,0.10636,0.10817,0.11081,0.19596,0.19028,0.18489,0.17827368355854062,0.17142889248248092,0.16441133471046868,0.1585,0.15331,0.14657,0.1406558481041591,0.13604,0.13094,0.1269,0.12208
13-01-2026 10:00,25714.65,0.14097,0.13349,0.13009,0.12686,0.12114,0.11849,0.11568,0.11373,0.11286,0.11147,0.1113,0.11166321977105295,0.11276,0.11479222758676867,0.1931,0.18816,0.18229,0.17698,0.16947431504490804,0.16188,0.15581,0.14965,0.14249,0.13684,0.13118,0.12617,0.12153,0.11621
13-01-2026 10:05,25746.85,0.12843,0.12569,0.11961,0.1167,0.11418,0.11206,0.11025,0.10891,0.10827,0.10803,0.10751,0.10817,0.11020064287102568,0.11162,0.19569,0.18741,0.18228187015166844,0.1758,0.17055,0.16428,0.15821,0.15229,0.14503,0.13955,0.13423321181887643,0.12879,0.12451,0.11968
13-01-2026 10:10,25759.95,0.10494,0.10371,0.10288,0.10202,0.10091,0.10211,0.10116166558878552,0.10084,0.10126,0.10178,0.10247,0.1034,0.10505,0.10788,0.19744,0.1923,0.18608,0.17939280227452953,0.1726580316491023,0.16615,0.16016,0.154369506317234,0.1475,0.14174954405969667,0.13695,0.1312,0.12764,0.12368424931333273
13-01-2026 10:15,25754.7,0.10612,0.10838,0.10433,0.10362,0.10244,0.10284,0.1020278278738778,0.10176,0.10236,0.10237,0.10308,0.10428,0.10568,0.10871,0.19659,0.19045,0.18549,0.18043,0.17189,0.16543,0.15933,0.1532873517006369,0.14641,0.14114,0.13620903380389238,0.13065896594340204,0.12656,0.12130424931331625
13-01-2026 10:20,25761.35,0.12196,0.11825989587759547,0.11421,0.10883,0.10757,0.10662696939651267,0.10509,0.1039,0.10396,0.10338,0.10386,0.10477,0.10632,0.10944646217750645,0.19667,0.1904835036823849,0.18512,0.17869810654454135,0.17169,0.16546,0.15956,0.15344,0.14623,0.14073,0.1351,0.12988,0.12551,0.12025
13-01-2026 10:25,25770.15,0.14012,0.13305,0.12665,0.12195,0.11838,0.1155236572689734,0.11211,0.10968,0.10903,0.10803,0.10721,0.10737,0.10855,0.11041,0.19716,0.1910401516927729,0.18548,0.17993,0.17225797323170985,0.16508,0.15866,0.15237112452557794,0.14506,0.13890030104585818,0.13348,0.12756,0.12274,0.11744837349901308
13-01-2026 10:30,25804.6,0.13282,0.1173527832075002,0.10534,0.10765,0.10653,0.10582,0.10306,0.10184390725565637,0.10173127470525326,0.10072732768927851,0.10103,0.10169,0.10370823011097088,0.10556,0.19869135653875658,0.19389,0.18871,0.18195,0.17508,0.16807,0.16200407714647544,0.15564,0.14886325313400364,0.1428247151673063,0.13714,0.1314365433590858,0.12664,0.12147
13-01-2026 10:35,25783.95,0.12325,0.1098,0.10718,0.10779,0.10526,0.10288,0.10219,0.10221,0.10220509127875668,0.10156189786827342,0.10214,0.10265,0.10405,0.10676,0.1997846949875527,0.1936198955022947,0.18761,0.18025,0.17383,0.1672928953204956,0.16149,0.1552,0.1482674582597602,0.14241,0.13709,0.13144,0.12710065706593066,0.12165
13-01-2026 10:40,25772.4,0.11286,0.10172,0.09986,0.10643,0.10474,0.10468,0.10303,0.10234,0.10255,0.10191,0.10239,0.1032851163100736,0.10494,0.10768,0.19788,0.1913616764765182,0.18700536135994955,0.18052,0.17303,0.16664,0.16060708971407894,0.1546544286574901,0.14816,0.14168,0.13645981618938857,0.13102,0.12613,0.12107
13-01-2026 10:45,25763.45,0.1300056799435051,0.11857,0.10489,0.11266,0.10965502167443203,0.1078,0.10651,0.10655,0.10529,0.10428,0.10453,0.10574,0.10617,0.10849,0.19601,0.1899505081934338,0.18463,0.17979,0.17084,0.16428,0.15841,0.15174,0.14493,0.13907,0.1341,0.1282747482173049,0.12323,0.1189
13-01-2026 10:50,25794.3,0.11933,0.11414,0.11134,0.10923301776967266,0.10313896074700762,0.10029225642011734,0.098,0.09780842859922552,0.09832,0.09864,0.09876,0.09983,0.10165,0.10429,0.197,0.19049,0.18559,0.17919,0.17247,0.1662,0.15938,0.15394,0.14715,0.14127,0.13627,0.13072983734215582,0.1263907454525635,0.12139
13-01-2026 10:55,25765.7,0.13270058366476278,0.1277,0.11839,0.11653,0.11209,0.1103168104195868,0.1084,0.10623,0.10569,0.10431,0.10434,0.10496,0.10630465880590591,0.10846,0.19378,0.18824,0.18328,0.17684,0.16974,0.16323123986088509,0.1573422165621349,0.15101,0.1442,0.13808,0.13279,0.12762,0.12277,0.11766
13-01-2026 11:00,25784.9,0.11114,0.11637,0.1004,0.10533,0.10417,0.1030932899137144,0.10129185222774639,0.10121,0.10136,0.10075,0.10117,0.10206,0.10342048047082598,0.10537,0.19581,0.18941923912530934,0.18426,0.17715,0.1707804249026896,0.16513,0.15832,0.15288,0.14577,0.13983,0.13496,0.12932,0.12470980426050644,0.11948
13-01-2026 11:05,25771.65,0.13216,0.11938,0.12029,0.11747,0.11378,0.11176,0.10888314709461655,0.10724,0.10636,0.10527,0.10501,0.10534,0.10616,0.10809,0.19504,0.18875,0.183,0.17664213955476754,0.16977,0.16355,0.15506,0.15072,0.14357,0.1381,0.13296906808827683,0.12739,0.12263,0.11817564938189555
13-01-2026 11:10,25787.85,0.11856,0.10777,0.11044,0.11006,0.10668,0.10586,0.10409,0.10293302458177865,0.10252,0.10135,0.1017,0.10224,0.10347871331482254,0.10541,0.19507,0.1889739922074571,0.18371,0.178,0.17081,0.1648,0.15819,0.15219,0.14495,0.13945,0.13428158589355146,0.1282507518050267,0.12339619066304908,0.11775564938189013
13-01-2026 11:15,25787.55,0.11765296718831433,0.11201401337683467,0.11131,0.10958,0.10777,0.10559,0.10327,0.10223,0.10211,0.10092,0.10121,0.10247,0.1027,0.10501,0.19481,0.18867,0.1835,0.17724,0.17046,0.16354,0.15748,0.15149932039530603,0.14437,0.13874,0.13399,0.12815,0.12386,0.11987564938189514
13-01-2026 11:20,25784.1,0.12704,0.11694,0.11314,0.10838,0.10646,0.10523,0.10245,0.10227,0.10176,0.10074543525778237,0.10077,0.10144,0.10261,0.10482,0.19456,0.18866,0.18282,0.1764,0.16948,0.16327,0.15648,0.15139,0.14396,0.13843,0.13358,0.12801553754738232,0.12338,0.11825
13-01-2026 11:25,25786.2,0.12557,0.12715,0.11235,0.11523,0.11136717726585517,0.10887,0.10572,0.10391,0.10323445160187811,0.10212,0.10175389875957307,0.10209,0.10329747234738008,0.1054,0.19449,0.18884,0.18294636966079472,0.17621,0.16914,0.1625,0.15639,0.1505052464874952,0.14336,0.13753,0.13268376384634983,0.12729,0.12252,0.11716
13-01-2026 11:30,25793.55,0.12837,0.12356,0.11864,0.11668301399504545,0.11179,0.11038,0.10739700249181061,0.10544924807960646,0.1041,0.1031,0.10283,0.10315,0.10381,0.10564,0.19482,0.18945,0.18277,0.17604,0.16887,0.16281,0.15675,0.15086,0.14333,0.13761,0.13242,0.12697,0.12213,0.11731429123089063
13-01-2026 11:35,25814.5,0.11175,0.11165355772077669,0.10854,0.10642,0.10504,0.10288,0.10123,0.09991,0.09969488252976698,0.09904,0.0994,0.10001997952839692,0.10101,0.10381746421359442,0.19686305431187617,0.19078799779264835,0.18425,0.1778545351902541,0.17099,0.1641,0.15813,0.15207,0.145,0.13937,0.13446,0.12906405127324536,0.12442,0.11932
13-01-2026 11:40,25811.5,0.09832,0.10006107919632223,0.09835367135504816,0.0976,0.09793,0.09766,0.09684,0.0965,0.09714,0.09663,0.09748,0.09813,0.09936,0.10197,0.1933960586628725,0.18823,0.18403,0.17714,0.17076,0.16403,0.15819,0.1521579628083981,0.14487,0.13994,0.13509,0.12979259384047612,0.12525,0.12026
13-01-2026 11:45,25782.05,0.12434,0.11605,0.11143095328461589,0.10915,0.10828,0.10657,0.10400210050784502,0.10265,0.10178,0.10097,0.10123425400401101,0.10201369060160864,0.10362492951978752,0.10543,0.19166605866283495,0.18644,0.18126,0.17477,0.16779,0.16189,0.15566,0.14976,0.14269,0.1372,0.13206,0.12708,0.1226094233195924,0.11725
13-01-2026 11:50,25785.0,0.0963,0.09354,0.09555,0.09782,0.09939,0.09804,0.09687,0.09688,0.09736,0.09746,0.09831603418446247,0.0991592298094583,0.10052,0.103,0.19372,0.18669,0.18135062101585392,0.17483,0.1686,0.16242378746861144,0.15652,0.15081,0.14368,0.13831,0.13315,0.12814,0.124,0.1198658473153125
13-01-2026 11:55,25762.65,0.13302,0.1138,0.10732092527310275,0.10806129250459236,0.10494,0.10345,0.10155,0.1008,0.10116,0.10053,0.10112,0.10179,0.10305,0.10553,0.19174,0.18471,0.17974,0.17282,0.1664,0.16059537217066103,0.15503,0.14909,0.142,0.13661,0.13171033889594702,0.12661,0.12245297014564868,0.11746
13-01-2026 12:00,25747.9,0.11514,0.11089,0.10672,0.10734,0.10493,0.10426,0.10283,0.10204183831828299,0.10193,0.10157,0.10203,0.10267,0.10395,0.10659,0.19166,0.18595,0.179,0.17203,0.16573,0.15969,0.15404,0.14824814891969634,0.14122,0.13581,0.13089,0.12575,0.1216284758146213,0.11652
13-01-2026 12:05,25735.35,0.11577,0.11236698806954606,0.10927,0.10984,0.1081,0.10654,0.10466138239633628,0.10347,0.10359,0.10292,0.10355,0.10403,0.10514,0.10793,0.19158046969506037,0.18497,0.17843,0.17102,0.1647,0.1588,0.15296,0.14716165026536526,0.14019,0.13456741045426468,0.12941,0.12453,0.12018603965666272,0.11497
13-01-2026 12:10,25733.45,0.11749398077600168,0.10744,0.10023,0.09992590591485077,0.10007404805876129,0.09977,0.09999,0.09968,0.10002,0.1002,0.10123,0.10217,0.10362,0.10667,0.19005,0.18343,0.17914,0.17089,0.16596,0.15959,0.15405,0.1486746933783017,0.1421,0.13608,0.13199,0.12692,0.12311643394318536,0.11837
13-01-2026 12:15,25722.55,0.11631,0.11736896673225888,0.11484,0.11267,0.11004,0.10822,0.10616098607291197,0.10475,0.10468,0.10391,0.10394,0.10484,0.10608,0.10935690562552938,0.18896,0.18259,0.17786,0.17174,0.16555345244768904,0.15894468261373865,0.1527,0.14666,0.14003,0.13392,0.12907,0.12386,0.11959,0.11474
13-01-2026 12:20,25724.7,0.10816,0.10535,0.10462,0.10356,0.10227,0.10205065685490508,0.1016,0.10069,0.10113,0.10095,0.10163,0.10244,0.10438,0.10734,0.18941,0.1823,0.17826,0.17112546036273898,0.16474,0.15918,0.15358,0.14819,0.14142,0.13589904347848025,0.13122,0.12589,0.12206,0.11849023362107537
13-01-2026 12:25,25714.0,0.11595,0.12216,0.11939,0.11684,0.11278,0.11077035060573669,0.10864,0.10709,0.10658,0.10555,0.10563,0.1062,0.10724,0.10997,0.18648410638896748,0.18147,0.17615,0.17069,0.16420025196111124,0.15757820500992928,0.15143,0.1456335797563812,0.1385,0.13274,0.12767,0.12243,0.11784,0.11295
13-01-2026 12:30,25723.0,0.11512,0.11016,0.10486,0.10314,0.10241,0.10152,0.10044,0.1004,0.10075959292361096,0.10069,0.1015,0.10234,0.10459894930141783,0.10756,0.18932,0.1821657325107802,0.17756817312339815,0.1706431088119931,0.16464,0.15876,0.1533786035571319,0.14783,0.14097,0.13542462260342386,0.13052,0.1256325868816548,0.12144,0.11704
13-01-2026 12:35,25717.45,0.11999,0.11351,0.11092,0.10715,0.10522,0.10404,0.10306,0.10265097191413024,0.10301,0.1025826390105923,0.10282,0.10392,0.10583289554239056,0.10843,0.18786,0.18227,0.17647,0.16908,0.16324374027986963,0.15774482049868943,0.15204,0.14686,0.13999852995608983,0.13433,0.12950450274997163,0.12435,0.12008,0.1159391345113871
13-01-2026 12:40,25710.25,0.11488,0.10683,0.10567,0.1048,0.10327,0.10239,0.10145,0.10102,0.10138,0.10109,0.1021,0.10339,0.10503,0.10893948817631965,0.18732,0.18124,0.17612,0.16928155087678548,0.16325,0.1573655273239155,0.1517,0.14634,0.14009818294131712,0.13446847713139592,0.12958,0.12462,0.12072,0.11694913451138084
13-01-2026 12:45,25702.9,0.09992,0.09957248745238148,0.09852,0.09849,0.09819,0.09857,0.09847,0.09857,0.09981,0.10014,0.10142488769226242,0.10301,0.10528,0.109,0.18883,0.18068,0.1776,0.17041,0.16469,0.15844,0.15306,0.148,0.14121,0.13628,0.13152,0.12642,0.12269,0.11824
13-01-2026 12:50,25667.1,0.10716,0.10802,0.10623849199080918,0.10579117308631031,0.10432,0.10344,0.10262,0.102,0.10292,0.10288,0.10416,0.10557,0.10796,0.11179,0.18652,0.18038606302895205,0.17586,0.16898500539597555,0.16278,0.1572,0.15163,0.14603,0.13962474607675304,0.13461,0.12979,0.12499,0.12093,0.11684
13-01-2026 12:55,25659.75,0.11791,0.11229659905100096,0.10762,0.1064880885023391,0.10512,0.10415,0.1032,0.10271,0.10309,0.10316,0.10446607473472273,0.10613,0.10695198473525833,0.11060068936624308,0.18717,0.18133,0.17507932712880916,0.16686,0.16311,0.15682316861662446,0.15135,0.14606877388018408,0.13966,0.13441176865639923,0.12995,0.12522,0.12103822556682456,0.11572714802185548
13-01-2026 13:00,25645.05,0.10976,0.10878,0.1072,0.10506,0.10368,0.10279,0.10217,0.1016,0.10199,0.10237,0.10408,0.10585,0.10896861774447072,0.11306,0.18672,0.18015,0.17553627384161133,0.16881,0.16108,0.15626,0.15003,0.14537,0.13907592746781297,0.13338413137866942,0.12849,0.12396,0.12001,0.11595
13-01-2026 13:05,25639.05,0.12308626980351899,0.11676,0.11177,0.11205,0.10962,0.10822367534496681,0.10667,0.10521,0.10519,0.10545,0.10703,0.10849,0.11118,0.11556725105302211,0.18741,0.18135,0.1758539912419326,0.16832,0.16258,0.15642,0.1501,0.14493,0.13803491668895,0.13266,0.12808,0.12301,0.11891,0.11472
13-01-2026 13:10,25669.25,0.10935,0.10859,0.10366,0.10559,0.10388165278200642,0.10302,0.1022,0.10165,0.10223809245388847,0.10236,0.10422,0.10579,0.10775338842226777,0.11180478072808182,0.18893,0.1831994577242658,0.17783,0.17107,0.16414,0.1583,0.15191746371249124,0.14659209068838047,0.14024,0.13463869275066098,0.13015,0.12503,0.1214341812054493,0.11724
13-01-2026 13:15,25650.75,0.12082,0.11121,0.11372,0.11219,0.10964,0.10786,0.10652954438794263,0.10575,0.10531,0.10554666253478964,0.10714624856130121,0.10868905668756954,0.11088,0.11512,0.18761784858253952,0.18215,0.17707279667319512,0.16999659247552995,0.16408,0.15777,0.15168,0.14627,0.1395,0.13392356738396483,0.12934,0.12428,0.12042314833238316,0.11605
13-01-2026 13:20,25659.9,0.1205,0.1169941146194919,0.11333004552214664,0.11136,0.10866,0.10703,0.10566,0.10461664027148361,0.10456,0.10459,0.10609,0.10748,0.10997,0.11429836702443097,0.18846,0.18292,0.17728,0.17132,0.16353,0.15755940644592456,0.15180820730698458,0.1462,0.13927,0.13374,0.1289079669886359,0.12385,0.11988746162828584,0.11548
13-01-2026 13:25,25660.75,0.12224,0.11729,0.11027,0.10601,0.10401648576113941,0.10322,0.10242,0.10167,0.10215,0.10236,0.10404,0.1057,0.1089959557071258,0.11278,0.18901,0.18301,0.17808299399257016,0.17141,0.16459282390325625,0.15804422333601806,0.15166,0.1463,0.13958050536296931,0.13425,0.12888,0.1242,0.12064,0.11627
13-01-2026 13:30,25661.85,0.11661,0.11306,0.11056,0.11027413766162655,0.10907,0.10743,0.10578,0.10449,0.10434,0.10429,0.10545,0.10696,0.10926,0.11328,0.18842684276128754,0.18271,0.17700019471157652,0.17002627272528842,0.16358,0.15744,0.15203,0.14567,0.13872,0.13321,0.12836,0.12335,0.11943,0.11493
13-01-2026 13:35,25679.45,0.11288,0.10962,0.10556,0.1049,0.10328,0.10218651572371173,0.10105,0.1006,0.1008,0.10102,0.10265,0.10423,0.10655,0.11074,0.19079,0.18416,0.17879,0.17237,0.1648,0.15883095617090434,0.1529,0.14733,0.14052,0.13489,0.12986902786861804,0.12491,0.12084,0.11675
13-01-2026 13:40,25665.55,0.11343,0.11269,0.1141,0.11207321891504926,0.1096,0.10787866826297987,0.10591,0.10479082100562583,0.10439,0.10421264789661082,0.10518,0.10639,0.10871,0.11278,0.18875698394402812,0.18305,0.17574,0.17036,0.16171,0.15582,0.14938359902533632,0.14405533480099125,0.13763,0.13215,0.12716,0.12221,0.11834,0.11372
13-01-2026 13:45,25671.3,0.11584,0.11059935041899718,0.10635,0.10582,0.10347,0.10247,0.10141963284569624,0.10104,0.10113198498162627,0.10129,0.10279,0.10425,0.10681,0.11089,0.18758,0.18354,0.17702922940332774,0.16944577387309026,0.16238,0.15706,0.15095,0.1455,0.13879,0.13343,0.12873,0.12374,0.12019,0.11662998315631225
13-01-2026 13:50,25672.15,0.11731,0.11294,0.10877,0.10733,0.10546,0.10394,0.10265,0.10185,0.10202408420751989,0.10238,0.10338,0.10528,0.10765,0.11184,0.18693,0.18363,0.17494,0.16847,0.16173822605519783,0.15629,0.14990515767077892,0.144315829674495,0.13779,0.1324,0.12742,0.12257,0.11886,0.11428
13-01-2026 13:55,25662.15,0.11435,0.11479,0.1103,0.10964110256011092,0.10766,0.10529,0.10379,0.10312,0.10314693111592159,0.10345,0.10442,0.10618,0.10874,0.11265,0.18616,0.18284,0.17494,0.16855,0.1615931428782944,0.15574142644381134,0.14926,0.14458,0.13805,0.13272,0.12796,0.12314,0.11940807940443064,0.11462
13-01-2026 14:00,25659.5,0.10596,0.1046954754386215,0.10224,0.1033,0.10247,0.10186979605346713,0.1011,0.10064,0.10092,0.10146,0.1032,0.10512,0.10781,0.11198,0.18695,0.18117764489270544,0.1742922268706334,0.16824575384646287,0.16191,0.15622,0.15019,0.14468,0.1385350521697588,0.1334,0.12892,0.12422,0.12043,0.11642
13-01-2026 14:05,25647.55,0.11484,0.1111,0.1089,0.10697,0.1057,0.10450413719077623,0.1034,0.10231,0.10272,0.10298,0.10447,0.10633464594220803,0.10889,0.11309268407186392,0.18578,0.18087030292790646,0.17455,0.16736,0.1608563458035816,0.15533,0.14912,0.14387376932497087,0.13755,0.13214,0.12782,0.12261,0.1193,0.11494
13-01-2026 14:10,25642.55,0.10569390435162002,0.10297,0.10258272554588425,0.10333,0.10191,0.10139,0.1002,0.09978,0.10039,0.10085770756844967,0.10243,0.10455,0.10748,0.11189,0.1854,0.1796,0.17396,0.16696,0.16049,0.1548521101197486,0.14894,0.14389,0.13718,0.1318950895576345,0.12731,0.12244,0.11873,0.11476
13-01-2026 14:15,25631.25,0.11749,0.11278,0.10971,0.10795,0.10585,0.10392,0.10293,0.10226,0.10228,0.10231,0.10385301125147892,0.10586,0.10873,0.113,0.18271446098299796,0.17761,0.17227,0.16603,0.15857,0.1525,0.14705,0.14187,0.13524,0.12995,0.12532423837377962,0.12054,0.11695,0.1122
13-01-2026 14:20,25627.6,0.11256515849858084,0.10613,0.10161,0.10124,0.10023,0.09971,0.09925133397355444,0.09911,0.09991,0.10055,0.10272,0.10495,0.10815,0.11248,0.18352,0.17733,0.17200653299297305,0.16591,0.15892,0.15306,0.14761333579663893,0.14283,0.13634,0.13116,0.12677057652594328,0.12201789394022952,0.11835,0.11427
13-01-2026 14:25,25619.65,0.10956,0.11014,0.1057,0.10475,0.10330335497758276,0.10202,0.10187,0.10119,0.10174306263731935,0.1022,0.10399442008213612,0.10613,0.10918,0.11368,0.18315,0.17736,0.1714497142117671,0.16491215859991007,0.15789879942005405,0.15237,0.14715,0.1422140497244075,0.13501286931331286,0.13005,0.12556,0.12083,0.11741,0.11306
13-01-2026 14:30,25622.55,0.12078,0.12092,0.11681,0.11413,0.11147489424166365,0.10886,0.10725,0.10601,0.10568,0.10572,0.10693,0.10864,0.11153,0.11541,0.18116,0.17762,0.17082,0.16392,0.15739,0.15062,0.14568,0.1405234335698881,0.13321004435182565,0.12828,0.1237,0.11874012711526312,0.11478,0.11003035846654308
13-01-2026 14:35,25644.0,0.12605,0.12063,0.11594964964259018,0.11338,0.11022,0.10835,0.10637,0.10478,0.10446,0.10439,0.10572,0.10743109433316368,0.10998,0.11398486438569526,0.18115330858054798,0.17643,0.17097,0.165,0.15800329468205332,0.15176,0.14553,0.14018,0.13362,0.12835,0.12352,0.11842,0.11481,0.11091035846650976
13-01-2026 14:40,25667.6,0.12795,0.12219738454772332,0.11577,0.11455,0.11110080310225919,0.10854,0.10661280074966265,0.1051,0.10422,0.1038,0.10482,0.10636,0.1087,0.11237,0.18178,0.17905,0.17186,0.16506,0.15835,0.15321,0.14765,0.14246101765169103,0.1349449923027771,0.12977,0.12472492690801354,0.11926,0.1152,0.1102
13-01-2026 14:45,25695.95,0.1173,0.1098,0.10739,0.10562,0.10358,0.10225,0.1008,0.10039,0.10042322666359961,0.10000924436198944,0.10123,0.103,0.10582,0.11010563644486515,0.18457,0.18134,0.17374,0.16742,0.16129,0.15552,0.1492,0.14389,0.13759,0.13227,0.12738,0.12243,0.1183,0.11377312392513565
13-01-2026 14:50,25698.45,0.12994,0.121,0.11481,0.11213,0.10844,0.10629,0.1044,0.10284,0.10209,0.10146,0.10196,0.10374,0.10593,0.10922,0.18423,0.18012,0.17396,0.16765,0.16024,0.15479,0.1483469146026792,0.14250702087251954,0.13573,0.13023,0.12503,0.11963,0.11547,0.10993
13-01-2026 14:55,25717.05,0.10227,0.10131,0.10561,0.103,0.10178,0.10059772965023897,0.09903,0.09815354508844439,0.09788,0.09778,0.09901,0.10052,0.10357466243141913,0.10675,0.1872950337259868,0.18316869238992403,0.17615,0.16969867304804284,0.16292,0.15689,0.1505378138156985,0.14487816912246887,0.13826,0.13281,0.12789825148301115,0.12250184567443788,0.11832,0.11293415451254661
13-01-2026 15:00,25754.0,0.06496,0.08771,0.08152,0.08567,0.08764,0.08847105585146367,0.0891,0.08982,0.09066,0.09105,0.09308592015530473,0.09549,0.09849,0.10247,0.18914,0.18513716005560923,0.17916,0.17245,0.16566,0.15874,0.15333,0.14795333868192062,0.14084343704816701,0.13566,0.13092,0.12594,0.12166,0.11682415451255922
13-01-2026 15:05,25708.75,0.12503,0.11954,0.1146310479724428,0.11152,0.10881,0.10618163693862173,0.10358984078496367,0.10203,0.10150526417169643,0.10041912861448604,0.10117,0.10258,0.1048,0.10873166814543768,0.18537,0.18125,0.17500124179751508,0.16795,0.16079,0.15474,0.14881,0.14304056851783786,0.13604,0.13057,0.12534,0.11984407111720956,0.1153,0.1098
13-01-2026 15:10,25746.05,0.09601,0.09814170148496912,0.09434,0.09443,0.09416839806819997,0.09393,0.09376,0.09323,0.09365,0.09362,0.09493183415284397,0.09684,0.09966,0.1035,0.18712,0.18273,0.1772331516909682,0.17082,0.16394880491683517,0.15776,0.15192730907624624,0.14567,0.13924,0.13403,0.12887,0.12356102849424659,0.11912,0.11362
13-01-2026 15:15,25745.9,0.09885,0.09442,0.09401,0.0927,0.09307,0.09266814157317674,0.09227,0.09186,0.09243747104913749,0.09258,0.09434,0.09640789514644788,0.09921,0.10361659497002021,0.18446646125154514,0.18117,0.17744,0.17144,0.1646388512799961,0.15878,0.15193,0.1466,0.14038693167134123,0.13504040153027919,0.12982,0.12433,0.11988,0.11427
13-01-2026 15:20,25730.9,0.10596,0.10324196358460136,0.1016,0.09989,0.09871542987045136,0.09735,0.09655,0.09557,0.0959,0.09549,0.09664943330648568,0.09835,0.10097,0.1047,0.18772,0.1827830713211236,0.17737,0.17104,0.16471,0.15824138484310088,0.15139,0.14642,0.13928,0.13342,0.12822936642211705,0.1228,0.11826,0.11245
13-01-2026 15:25,25730.8,0.10125,0.09819,0.09998,0.09608,0.09512,0.09402,0.09398,0.09364,0.09367575068275719,0.09339,0.09456,0.097,0.09919,0.10305,0.19098,0.18082,0.1789,0.17223,0.16751,0.15719,0.15183,0.14661254972140234,0.14019,0.13473546141916898,0.12995,0.12429697297455759,0.11937,0.11379
14-01-2026 09:15,25671.9,0.14959,0.12840641815242942,0.11174,0.10873,0.10765,0.10444,0.10288,0.10173,0.10139,0.10117535828123729,0.10239,0.10433,0.10685,0.1111176849523234,0.19276,0.18752,0.18191,0.17457,0.16868,0.16178151290367057,0.15562086980379133,0.14939,0.1427,0.13707,0.13117,0.12558,0.12053,0.11497
14-01-2026 09:20,25705.8,0.12363,0.12422,0.11267,0.10689,0.10436,0.10267,0.10126,0.10015,0.09998,0.09974,0.10063,0.10243,0.10524,0.10877,0.19452,0.18877,0.1834,0.1766977401522729,0.17003,0.16326,0.15622,0.15001,0.14306,0.13778,0.13156,0.12589,0.12102,0.11552
14-01-2026 09:25,25717.85,0.13317,0.12485001262589407,0.12118,0.11356,0.11106,0.10716,0.10495,0.10343,0.10229,0.10186,0.10202,0.1036,0.10598,0.10983402266832187,0.19526,0.18932,0.18366440000771722,0.17644,0.16999820778161756,0.16311,0.1565,0.14991,0.14267,0.1367054739535053,0.13089,0.1248,0.11955,0.11384
14-01-2026 09:30,25746.8,0.11272,0.10267,0.10078,0.10024,0.09959,0.09806,0.09683,0.09616,0.09616,0.09601,0.09717863471506352,0.09916,0.1019,0.10548235600165001,0.19700930795951102,0.19149,0.18634968152126707,0.17952,0.1719,0.1657,0.15915,0.15275,0.14587140059689066,0.13994056097045193,0.13387,0.1279,0.12301,0.11723
14-01-2026 09:35,25737.05,0.1012,0.11807,0.10043,0.10092447546707956,0.10049,0.09946,0.09825,0.09723,0.0971,0.0968,0.09815,0.09997,0.10364730625123564,0.10598,0.19606,0.19023,0.18517911000616327,0.17832,0.17179,0.16502,0.15814,0.15237,0.14522,0.1392,0.13298,0.12733,0.12206,0.11653
14-01-2026 09:40,25712.25,0.12103,0.10667,0.10128,0.09976236449369719,0.09942,0.09791,0.09718404190607469,0.09656,0.09661,0.09664,0.09797,0.09991,0.10275,0.10669,0.19306752823711337,0.18821,0.1831611480019888,0.17641,0.16961147443319313,0.16299,0.15661,0.15045,0.14342,0.13743940383281691,0.1317749972715397,0.126,0.12099492142339256,0.11525
14-01-2026 09:45,25691.85,0.10661,0.10863,0.10392588804033367,0.10313,0.10168,0.10053,0.09893,0.09828,0.09847,0.09854,0.09988,0.10168,0.10453,0.10839,0.19245,0.18703,0.18192,0.17525,0.16891,0.162410168774962,0.15569747448219567,0.14947910941417258,0.14181968783820662,0.13627,0.13052,0.12473,0.11991,0.11441
14-01-2026 09:50,25701.2,0.136487836622307,0.13147943132777684,0.1298,0.12353,0.119,0.1145,0.11092,0.10787,0.10619,0.10517,0.10541,0.10623,0.10893375373079806,0.1114,0.19353547543936972,0.18738284674806918,0.18082,0.17434,0.16731,0.16093,0.15422,0.14807,0.14068250456482087,0.13451,0.12822,0.1222,0.11692,0.11055
14-01-2026 09:55,25759.55,0.09956,0.08438,0.08875,0.09669,0.09529,0.09431,0.09485,0.094,0.09410203854257923,0.09393,0.09574,0.0974,0.1,0.10384,0.19687,0.19168,0.1855,0.17916094913329766,0.17221,0.16596,0.15952,0.15273,0.14534,0.13975,0.13392,0.1281,0.12319,0.11744
14-01-2026 10:00,25727.85,0.12568,0.11977,0.10681,0.1037949976761459,0.10037,0.09973,0.09769,0.09675,0.09648,0.09646964185319813,0.09783,0.09918,0.10196,0.10616185887369294,0.19351,0.1891,0.18252342686383632,0.17525,0.16857,0.16202,0.15556695315006822,0.14942,0.14235,0.13666,0.13071,0.12522,0.12026,0.1147977183184574
14-01-2026 10:05,25713.6,0.11955,0.11637927465902986,0.10723812544793311,0.10489,0.1025,0.09999,0.09863,0.09749,0.09764,0.0975,0.09884192214397872,0.1004945103517458,0.10401667245681627,0.10655,0.19239,0.18795,0.1817,0.17426,0.16809,0.16112,0.1554,0.14851,0.14151764256137536,0.13578,0.13005451495068138,0.12439,0.11940800433339417,0.1136
14-01-2026 10:10,25697.45,0.12007,0.11399,0.10839093835562688,0.10673,0.10375221155732017,0.10127,0.09953,0.09863,0.0985,0.09833,0.09982,0.10177,0.10522181501513576,0.10784,0.19167,0.18665,0.18074814724884755,0.17391,0.16717808577588583,0.16068,0.15396,0.1479771539289359,0.140537975992338,0.1349,0.12901,0.12333,0.11843,0.11254
14-01-2026 10:15,25696.35,0.1042032889098423,0.0986,0.10025,0.09845,0.09731583252755538,0.09617,0.09559,0.0953365773215376,0.09583,0.0962,0.09798,0.10004,0.10297,0.10684,0.1927,0.1873,0.18138,0.17489028018445443,0.16823,0.16044,0.15501,0.14858,0.14157,0.13597,0.13009,0.12453,0.11992460153674109,0.11447
14-01-2026 10:20,25678.3,0.10372,0.10513,0.10303,0.10213247812273436,0.10023432870252602,0.09838446268127893,0.09721240374973278,0.09691,0.09739,0.09767,0.09961,0.10116,0.1043,0.10822,0.19099,0.18559,0.17988,0.17309,0.16673434456751834,0.15996,0.15296,0.14653,0.13984,0.1338521866752257,0.12823,0.12243,0.11792958876144474,0.11263
14-01-2026 10:25,25683.35,0.11226,0.1016,0.10787,0.10482,0.10177,0.10035,0.09895,0.09843,0.0983,0.0984784297461129,0.10013147211448441,0.10186,0.10525092883038825,0.10844,0.1910227873566625,0.18579,0.1799,0.17316,0.16608,0.15969546552184163,0.15358,0.14678,0.13968,0.13383,0.12811,0.12257,0.11791416961027643,0.11239
14-01-2026 10:30,25678.05,0.12474677289507313,0.11626,0.10899,0.10656,0.10338,0.10162,0.09964,0.0987,0.09904,0.09899,0.10027,0.10246,0.10523,0.11007697360411106,0.19074,0.1850186165633913,0.1797508678541937,0.17312,0.16651,0.15966,0.15311,0.14679,0.1393,0.13324709068243143,0.12769424517526914,0.12215,0.1173,0.11255730129743703
14-01-2026 10:35,25689.95,0.10832,0.09949,0.10136,0.10068,0.09896018304664142,0.09754292748394049,0.09648,0.09581,0.09623,0.09635,0.09811,0.10007294979525405,0.10299,0.10671,0.19281,0.18704655755798555,0.18115,0.17454,0.16705,0.16122,0.1543864609972165,0.14768,0.1408,0.13481,0.12932,0.12382,0.11923,0.11379
14-01-2026 10:40,25691.8,0.11136,0.10848843541499631,0.10051,0.10065,0.09822048076841713,0.09689,0.09613,0.0955,0.09586,0.09625,0.09803,0.10017679962559278,0.1033,0.10811590293095383,0.1887883619859295,0.18382,0.18047,0.17398145713348204,0.16723,0.15981,0.15412,0.14775,0.14032,0.13492,0.12911,0.12368,0.11915,0.11372
14-01-2026 10:45,25665.9,0.12,0.12893,0.12006586261208146,0.11447,0.11121,0.10756,0.10468,0.10287,0.10243,0.10173,0.10276,0.10481,0.10705,0.11056,0.18956,0.18173,0.1776777671972207,0.17155,0.16428,0.15752,0.15107,0.14471,0.13734993829718986,0.13147,0.12553073183194643,0.11951,0.11485,0.10912
14-01-2026 10:50,25695.5,0.11498885066102527,0.11226,0.10850953379267855,0.10709,0.10433,0.10152,0.10004617944319741,0.09879,0.09854,0.0981,0.09968,0.1015,0.10402,0.10765,0.19225,0.18417,0.18074548732567683,0.17509,0.16724,0.16072022695911833,0.15422,0.14724,0.14014,0.13414,0.128364013839433,0.12272,0.11782,0.11208
14-01-2026 10:55,25706.35,0.12421773232317243,0.12225,0.1192,0.11476,0.11089,0.10792,0.10453,0.10279,0.10175,0.10116,0.10041772000258155,0.09947279017433168,0.09923824225029429,0.10013840143885987,0.19233,0.18808,0.18066,0.17386,0.16693,0.16001,0.15406,0.14736,0.14001445110753125,0.13401,0.1278,0.12218,0.11719033083527455,0.11133
14-01-2026 11:00,25720.95,0.12452,0.11411,0.11064,0.11044,0.10585,0.10416,0.102,0.10027,0.09959,0.09907484315382648,0.09964,0.10113468777084116,0.1034,0.10674,0.19353,0.1893,0.1819,0.1756500063165635,0.1684,0.16132,0.15525,0.14887,0.14143,0.13526,0.12984,0.12359,0.11881,0.1133
14-01-2026 11:05,25733.0,0.10822,0.10593377381252649,0.10324,0.10313,0.10013,0.09901,0.09724,0.09648,0.09648185590560528,0.09611234120140183,0.0972,0.09900348481417957,0.10148,0.10476,0.19424,0.18756,0.1824151445687211,0.17638,0.16928,0.1629,0.15666,0.14987,0.14271,0.13656,0.1308912764443138,0.12527,0.1207,0.11524
14-01-2026 11:10,25729.2,0.11523985997286504,0.11287,0.1085,0.10339,0.10069,0.10064,0.09866,0.09713,0.09661,0.09677,0.09802,0.09974,0.10185,0.10552,0.19367,0.18728,0.18197832335840658,0.17587,0.1686,0.1619170919050097,0.15559,0.1492456309035903,0.14213,0.13557,0.13036,0.1245,0.11983,0.11424
14-01-2026 11:15,25736.25,0.1227,0.11967,0.11314,0.11014695531789168,0.10627,0.104,0.10121419784821434,0.09912,0.0984637756525999,0.09792,0.09883,0.10029,0.10227,0.10531,0.19426,0.18787,0.18279,0.17649172093651014,0.16923,0.162526191551577,0.15625540251358694,0.14954858819079406,0.14200629469092232,0.13617,0.13027,0.12416,0.11944,0.11401
14-01-2026 11:20,25743.15,0.11527,0.11080068330257496,0.10532,0.10387,0.1009032087860377,0.09925,0.09748444485570168,0.09618,0.09572,0.09558,0.0966,0.09831,0.10072,0.10436,0.1967151541766722,0.1902571181801567,0.18407,0.17689,0.17059,0.16352,0.15673,0.1506,0.14335424441929204,0.13718,0.13150369661631336,0.12569,0.12109,0.11597629769148828
14-01-2026 11:25,25735.0,0.14145,0.13595,0.1267947399457958,0.12083,0.11546,0.11145,0.10785,0.10508,0.10308,0.1017,0.10185474280645043,0.1029,0.10451,0.10766,0.19335,0.18789766343577743,0.18274,0.17581,0.16879,0.16249,0.15525,0.14864,0.14139,0.13479441887087715,0.12887,0.12284986492315042,0.11791,0.11163
14-01-2026 11:30,25773.9,0.10956,0.10809808895822436,0.10518,0.10342,0.10105,0.0986,0.09711840799075554,0.09597,0.09540792620023643,0.09497,0.09599,0.09744,0.09956,0.10308,0.19735,0.19179,0.18553,0.17783,0.17119286963748012,0.16512325085733998,0.15897001159298454,0.15251,0.14556,0.13901,0.13326,0.12717,0.12236645740485373,0.11643
14-01-2026 11:35,25764.1,0.11427,0.11474,0.10436,0.1038835750124835,0.1021,0.10003141472761376,0.09823,0.09693,0.09634,0.09600505591768976,0.09686,0.09809,0.10014,0.1038,0.19601,0.19006047698477518,0.18427,0.17768,0.17075,0.16422,0.15738190712379221,0.15079168251613273,0.14378,0.13737857027715064,0.13173,0.12584,0.12078,0.11557092852891555
14-01-2026 11:40,25766.75,0.11206,0.11197,0.10283,0.10080789085365353,0.0992770569188535,0.09738,0.09612,0.0951,0.09438,0.0944,0.09522,0.09699,0.09938,0.10358545433720841,0.19566,0.19008374289243252,0.18452,0.17749,0.1708,0.16376,0.15815,0.15119,0.14392,0.13791,0.13182,0.12638,0.12158,0.11576
14-01-2026 11:45,25761.25,0.11673,0.1271,0.12184,0.11623,0.11043,0.10852,0.10507,0.10246,0.10073,0.0992,0.09968,0.10056,0.10277699753699594,0.10536,0.19642,0.18994260399759982,0.18385,0.17684,0.16996,0.16315626686367748,0.15673,0.15033891961428011,0.14317,0.1364,0.13012,0.12415,0.11887,0.11271
14-01-2026 11:50,25775.3,0.11506,0.114,0.10875,0.10564,0.10242,0.10028579116558602,0.09818526511887815,0.09677,0.09612,0.09551469375253206,0.09608,0.09743,0.09925,0.1031,0.19669,0.19148,0.18503,0.17804,0.17138,0.16455,0.15768,0.15144,0.14437,0.13776,0.13182,0.12587,0.12084,0.11540189673330843
14-01-2026 11:55,25774.6,0.11256735005739377,0.11031,0.10639,0.10405,0.1011131919423798,0.09915,0.09762,0.09612,0.09519,0.09483,0.09565,0.09697,0.099,0.10248,0.19695,0.19145,0.18547,0.17822,0.1713976052536214,0.16469,0.15798531754357395,0.15125,0.14432,0.1376,0.13177720023532988,0.12598,0.12121,0.11488
14-01-2026 12:00,25786.0,0.11914,0.11363,0.10792,0.1031,0.10041,0.09901,0.09688,0.09496,0.09519,0.09431,0.09502,0.09632,0.09834,0.10177,0.19948737787270884,0.19369,0.1862,0.1792,0.17253,0.1657,0.15924862446631163,0.15274,0.14553,0.13882,0.13311,0.12711350374896518,0.12243332960556903,0.11535876277872296
14-01-2026 12:05,25782.1,0.09027,0.09366,0.0915,0.09297,0.09146,0.09081,0.09084,0.09005,0.09074,0.09041,0.09152,0.09303,0.09522,0.099237466991203,0.19731,0.1934,0.1859,0.1789,0.17183,0.16591,0.15921449783040156,0.15254,0.14536252414332643,0.1388,0.13323,0.12721,0.12212,0.1165
14-01-2026 12:10,25757.05,0.10055,0.10634,0.09609,0.09666,0.09423,0.09342,0.09262,0.0918544460663665,0.09217,0.09183,0.093,0.0947653624437689,0.09712,0.10096,0.19533,0.18983,0.18385,0.17681,0.1701,0.16392,0.15704632883084127,0.15027,0.14337900112373694,0.13719,0.13168189055060625,0.12569052436746814,0.12074,0.11469318150420643
14-01-2026 12:15,25735.55,0.13328,0.12758,0.1184,0.11589,0.11096,0.1068,0.10404,0.1013,0.10004,0.09863,0.09886,0.09992,0.10181,0.10542694282946617,0.19479,0.1881,0.18209,0.17545,0.1683545939812326,0.16153,0.15534,0.14846,0.14112,0.13424,0.1283540428302496,0.12224,0.11707,0.11081
14-01-2026 12:20,25771.55,0.1023,0.10336150134899176,0.1001,0.101,0.09756,0.09538,0.09424,0.09268,0.09315,0.09221,0.09321,0.09496,0.09774103397928399,0.10063,0.19718327287473458,0.19168181772305234,0.18486,0.17808,0.17138,0.1647,0.15779,0.15149,0.14413,0.1375,0.13194,0.12591,0.12073,0.1149
14-01-2026 12:25,25768.3,0.1056,0.09486,0.09348853997529304,0.09665636992895708,0.09506,0.09382,0.09249,0.09175934644417466,0.09157,0.09139,0.09257,0.0943,0.09665,0.1007,0.19718,0.19055,0.18462,0.17826,0.17113,0.16479,0.15784,0.15126535123703957,0.14397,0.13743,0.13211,0.12609,0.12103,0.11485
14-01-2026 12:30,25761.1,0.11558,0.11165,0.10489,0.103,0.10078,0.09835,0.09660810191727948,0.095,0.09442,0.09373,0.09423,0.0958575416217769,0.09856906524561447,0.10178,0.19663,0.19052168398008523,0.18428,0.17767,0.17053,0.16399777639064186,0.15721,0.15086,0.14382,0.13687,0.13141,0.12520975695853215,0.11991,0.11385
14-01-2026 12:35,25772.4,0.10931,0.10603194753480372,0.10127,0.10064432270100672,0.09876,0.09708,0.09512,0.09399326463795474,0.09361,0.09275,0.09373,0.09505,0.09732,0.10095,0.19727,0.19106155603328095,0.18476,0.17821,0.17132,0.16501,0.1584,0.15149,0.14413,0.13741,0.13187,0.12605,0.12072,0.11455
14-01-2026 12:40,25773.6,0.10821,0.10386,0.09096,0.09282,0.09216,0.09167,0.09025,0.09012,0.09045,0.09024,0.09158,0.09359,0.09584,0.09976,0.1968,0.19185,0.18489,0.17812,0.17105,0.16496,0.15756,0.15147,0.14452,0.13765,0.1325,0.12644,0.12137,0.11562
14-01-2026 12:45,25759.5,0.11368,0.11393,0.09807,0.09706,0.09414640248454981,0.09377925754731711,0.09285,0.09254,0.09219,0.09209,0.09296,0.09488,0.09709,0.10092,0.1954,0.18913,0.18278,0.17652,0.16967,0.16304,0.15649,0.15006,0.14284,0.13609,0.13091,0.1249,0.11999,0.11407
14-01-2026 12:50,25748.9,0.10486,0.10811,0.10082,0.09988,0.097,0.09505,0.09366,0.09266,0.09275,0.09235,0.09354,0.09536421757464439,0.09774,0.10203207931246944,0.19487,0.1883,0.18241,0.17587,0.16858,0.16249,0.15557,0.14939,0.14237,0.13565,0.12996,0.12414964413432407,0.11933,0.11358
14-01-2026 12:55,25745.55,0.11091,0.10232,0.10093,0.1015,0.09815,0.09708,0.09539,0.09436,0.09441,0.09361,0.09441,0.09609,0.09843,0.10213,0.19463,0.18840709226844515,0.18215,0.17539,0.16871,0.16227006007586342,0.15545,0.14925,0.14182,0.13512,0.12983,0.12381,0.11890303696196688,0.11285
14-01-2026 13:00,25748.1,0.09798,0.10045,0.09700050198037946,0.09678,0.09641,0.09510497015705696,0.09273580972565335,0.09184,0.09217,0.09207,0.09324798333717607,0.09515053076576342,0.09743,0.10102880174267007,0.19456,0.18828,0.18215,0.17563,0.16856,0.1621,0.15553,0.1495,0.14233,0.13589932606236235,0.13058,0.12426,0.1192,0.11346
14-01-2026 13:05,25745.45,0.11027,0.10808,0.10248,0.10342,0.10022,0.09776,0.09580174922355447,0.09438,0.09415,0.0935,0.09439788458429374,0.09591632414050301,0.09809,0.1023,0.19438,0.18967,0.1826422467508459,0.17543,0.16875,0.16242,0.15569090759128743,0.14955,0.1421,0.13525,0.12970490877275376,0.12370138487182979,0.11864,0.11245
14-01-2026 13:10,25759.75,0.10591,0.10139334096428752,0.09268,0.09214,0.09087,0.09034,0.08971103702840857,0.0891700857897325,0.08954,0.08952,0.09095,0.09299,0.09649875192540873,0.09952,0.19555,0.18954,0.18324747565355975,0.17643,0.16959,0.16298,0.15629,0.14989,0.14308682854353,0.13630899885510397,0.13063,0.12454009152003985,0.11923,0.11368
14-01-2026 13:15,25750.25,0.11093719760142284,0.10412,0.09486,0.09505,0.09303324565490043,0.09183,0.09094,0.09045,0.09071,0.09080764274421471,0.09203706815637505,0.09384,0.09639,0.1006,0.19451,0.18906,0.1823078963731754,0.17521,0.168,0.16181,0.15514,0.14846,0.14148576579209665,0.1353,0.12958470325935334,0.1237,0.11871,0.11297
14-01-2026 13:20,25735.95,0.08908070337695873,0.09088,0.09116,0.08927,0.08931,0.08892,0.08832,0.08839683210678015,0.08918,0.08953,0.091,0.09341,0.09618,0.10013,0.19369,0.18739,0.18099,0.17447,0.168,0.16147,0.15464757235187895,0.14818,0.14151,0.13507007700719487,0.1298,0.12405638124719014,0.11922,0.1135
14-01-2026 13:25,25715.5,0.10454487416088025,0.10317,0.09996,0.09726,0.09556888446331124,0.09414,0.0929,0.09245,0.09268,0.09269,0.09386,0.09613,0.09805043171420083,0.10193880283201347,0.19148,0.18548,0.17932,0.17284907631225313,0.16606,0.16005,0.15318,0.14687,0.13997,0.13340775739380706,0.12802,0.12209567078489096,0.11702,0.11145
14-01-2026 13:30,25717.15,0.09708647304842191,0.09475,0.09061,0.09135,0.09055,0.09015226756786264,0.08954,0.08944,0.09027,0.09078,0.09261,0.09503,0.09794,0.10307546949864539,0.19223,0.18563,0.17948,0.17315,0.1662727254265146,0.15988761790296355,0.15304,0.14662,0.14002,0.13347,0.12811,0.12246,0.11762,0.11212
14-01-2026 13:35,25708.2,0.05948,0.07823,0.08042,0.08305528162269954,0.08287,0.08488791251820105,0.08537,0.08643,0.08774,0.08909,0.09137,0.09426,0.09755,0.1022,0.19065,0.18439,0.17812967818906286,0.17156816840607278,0.16508,0.15979,0.15256,0.14732,0.13992,0.13409,0.12937,0.12376,0.11973,0.11529788955308909
14-01-2026 13:40,25665.9,0.10071,0.09837,0.09493,0.09387,0.09312,0.09264,0.09251,0.09227,0.09331,0.09393,0.09605,0.09887,0.10199,0.10729689429620405,0.18757,0.18096,0.17549,0.16884,0.16204,0.1559,0.14907,0.14353,0.13648,0.13084,0.12553,0.12008,0.11569,0.1107
14-01-2026 13:45,25656.25,0.10367,0.10529,0.10086064173753091,0.0999,0.0979,0.09681,0.09591,0.0953,0.09579,0.09621,0.09794086501034124,0.10077648835463192,0.10428287150243963,0.10792,0.18711,0.18019,0.17471,0.16821594940395704,0.16114899263634583,0.15523,0.14849994529628976,0.14238,0.13599934683530454,0.13003029198656782,0.12455607421577967,0.1186,0.11398,0.10875
14-01-2026 13:50,25665.25,0.08603,0.08404,0.08511809686970372,0.08744,0.08753794381757207,0.08812,0.08863,0.08953,0.09086,0.0925,0.095,0.09835818871247325,0.10184,0.10613,0.18786,0.18174,0.17618,0.16967,0.16278,0.15688,0.14995,0.14441,0.13772,0.13229,0.12693,0.12203,0.11809,0.11319
14-01-2026 13:55,25642.0,0.10604605577438872,0.10086,0.09857,0.09824,0.0967,0.09515,0.09469,0.09448,0.09544,0.09621,0.09827722548325057,0.10106,0.10456,0.10902,0.18611149434426077,0.18037,0.17471,0.16832,0.16115,0.15548,0.14814,0.14237,0.13546804793220615,0.12968,0.12442,0.11905290208217277,0.11485,0.10964
14-01-2026 14:00,25653.3,0.09106,0.09305,0.09194,0.09174,0.09191,0.0917,0.09176,0.09207,0.09317,0.09423,0.09663,0.0998,0.10317,0.10783,0.18982934339909224,0.18286946239825902,0.17613,0.16951,0.16215,0.15569,0.1489308877516651,0.1434858034397261,0.13705,0.13132,0.12603,0.12032,0.11666,0.11162
14-01-2026 14:05,25642.2,0.11243588956360134,0.10608,0.10346,0.1008,0.09905,0.09762037467356016,0.09658,0.09613636878953921,0.09667,0.09731,0.09943,0.10212,0.10515,0.10957,0.18748,0.18169,0.17532366188847287,0.16858,0.16157,0.15551469234248785,0.14877,0.14293,0.13565,0.12970409412473285,0.12461277144369809,0.11904,0.11449,0.10944
14-01-2026 14:10,25650.55,0.11123,0.10818,0.10361,0.10363,0.10124,0.09934898655540486,0.09766,0.09692,0.09754,0.09775,0.09953,0.1022,0.10529,0.10937,0.18791,0.18165,0.17572,0.16891,0.16185243192435325,0.15548,0.14853,0.14219,0.13568,0.129,0.12347838397885347,0.11783,0.1132,0.108
14-01-2026 14:15,25666.25,0.09477,0.09373674616993545,0.09021,0.09398,0.09103,0.09079,0.09055,0.0906432332717294,0.09211267471684198,0.09333,0.09585,0.09888,0.10243,0.10787414580233358,0.1892,0.18297,0.17661,0.17028,0.16316,0.15707,0.15028,0.14447,0.13747477045327516,0.13139,0.1261,0.12108,0.11656,0.11181
14-01-2026 14:20,25637.25,0.09594,0.09529,0.09429,0.09333,0.0932,0.09245,0.09228,0.09263,0.09413,0.09507,0.09762,0.10069,0.10407,0.10859,0.18715,0.1816,0.17531,0.16882,0.16174,0.15595,0.14917840220170164,0.14326,0.13611,0.13071,0.12553,0.12028491689870364,0.11614,0.11095751062839594
14-01-2026 14:25,25618.75,0.11219,0.10809,0.10566,0.1036,0.10151017550799411,0.09998,0.09881,0.09824,0.09913,0.09984534189346217,0.102,0.10473,0.10795,0.11216,0.18595484456217082,0.18008,0.17398,0.16744,0.15996,0.15398,0.14712,0.14151,0.13442,0.12884,0.12349,0.11826,0.11355,0.10886
14-01-2026 14:30,25626.9,0.10999,0.11111,0.10635742879813584,0.10374,0.10118,0.09924,0.09838,0.09794,0.09882709746884678,0.09921561861768335,0.10151,0.10444,0.10551003737326266,0.10888276080144119,0.18745,0.18113663860505405,0.17513,0.16836,0.16088,0.15464891575178957,0.14774,0.1419549757856092,0.13513,0.12921,0.12382,0.11804,0.11281826341087982,0.1061125634010891
14-01-2026 14:35,25635.8,0.12229,0.11516,0.11152,0.10820496997743137,0.10454,0.10167,0.10004,0.09909607051528206,0.09944,0.09981,0.1019,0.10451,0.10785454643150257,0.11165,0.1871,0.1813,0.17506435251711636,0.16836,0.1615,0.15531368975147747,0.1483,0.14255,0.13502,0.12908,0.12364,0.11828,0.11329,0.10781
14-01-2026 14:40,25660.55,0.11727,0.10852,0.1045642391373545,0.10285,0.10016,0.09882,0.09739008548826625,0.09656,0.09711,0.09738,0.09949,0.10216,0.10515,0.10935,0.1897,0.18509,0.17715,0.17051,0.16369,0.1571140605411016,0.14953122143146894,0.14384053983691966,0.13687,0.1306313095526185,0.1252130871965937,0.11945,0.11472759721246664,0.10926
14-01-2026 14:45,25696.2,0.10274,0.09888,0.0969185481490709,0.09801340402235868,0.09661,0.09562,0.094377113652124,0.09361,0.09452,0.09521081502291896,0.0974080068510119,0.10028325892863504,0.10308,0.10702,0.19234,0.18584,0.17971,0.17297,0.16607,0.16036,0.15297,0.1468717655227648,0.13961,0.13304,0.12745191438660636,0.12184,0.11678,0.11164551585487123
14-01-2026 14:50,25697.1,0.1111156838395962,0.10479,0.10023,0.09933,0.09631,0.09509019826134193,0.09391213118255784,0.0936,0.09423,0.09482,0.09688,0.09970652974089317,0.10241,0.10623,0.19216,0.18568,0.17935,0.17286,0.1656,0.15962,0.1525209405062276,0.14629,0.13937583525777267,0.13314,0.12776,0.12192727437015592,0.11689,0.11105
14-01-2026 14:55,25696.05,0.09894,0.09860870735432231,0.09296083044391086,0.09216,0.09110271510242715,0.09065,0.09068,0.09041,0.09135,0.09226,0.09483,0.09741,0.10088809279819498,0.10479,0.19065,0.18713,0.17834,0.17218892133172242,0.1650137025136087,0.15886,0.15208,0.14621,0.13913953789680203,0.13274,0.12729186056407799,0.1217,0.11692,0.11196796045048052
14-01-2026 15:00,25666.15,0.10545,0.10721,0.10359,0.10214,0.09894,0.09703,0.09598391732063406,0.09541,0.09563,0.09602,0.09841,0.10077,0.10414,0.10821,0.18941,0.18161,0.17703,0.17046,0.16314,0.15707457711929687,0.15014,0.14397,0.13713,0.13074139365308432,0.12537,0.11968,0.1144,0.10874
14-01-2026 15:05,25690.25,0.07851,0.09021,0.08915,0.09128,0.09116,0.09067,0.09081,0.09139,0.09267,0.09359,0.09631,0.09935456793907012,0.10261,0.10675,0.19082,0.18517471338783653,0.17908,0.17234,0.16507,0.15907,0.15227446843706222,0.14637,0.13923,0.13364,0.12824263375278053,0.12283,0.11837,0.11334
14-01-2026 15:10,25672.65,0.09847,0.09817,0.09722,0.096744955345078,0.09517,0.0947,0.09444,0.09436,0.09494,0.09609,0.09840548947438307,0.10099,0.10445,0.10834,0.18913,0.18298,0.17669,0.1702124213900358,0.16318,0.15736,0.15017,0.14465384997845884,0.13802,0.13231,0.12719,0.12189285554566696,0.11733,0.11239
14-01-2026 15:15,25654.0,0.11178,0.10719,0.10592,0.10349144387381161,0.10052,0.09908,0.09815,0.09748898000641687,0.09775,0.09845077028466433,0.10062,0.10284,0.10571,0.11003,0.1885,0.18147,0.17584,0.16886,0.16139,0.15588,0.14889237018572646,0.14301,0.13577,0.13003283391519208,0.12509,0.11969,0.11511,0.11029888474060548
14-01-2026 15:20,25659.6,0.11563,0.1131,0.10901,0.10678,0.10388,0.10162,0.10026,0.09934,0.09887,0.09949642559831075,0.10162,0.10398194565712586,0.10678916728008268,0.11045,0.18926,0.18298,0.17657,0.16936,0.16209,0.15706,0.14917,0.14359560675725924,0.13668,0.13113,0.12559403668900443,0.11996,0.1153,0.11002
14-01-2026 15:25,25670.6,0.10427443065021436,0.10381,0.10346,0.10035,0.09914,0.0972,0.09624,0.09617,0.09556,0.09666,0.09979,0.10179,0.10458839718873357,0.10967115309311769,0.19156,0.18423085818496246,0.17797,0.16772,0.1662,0.15985,0.15004,0.145,0.13846157566827874,0.13353,0.12719,0.12262,0.1184,0.11385641856284305
16-01-2026 09:15,25709.45,0.14811,0.13601,0.13172,0.12472,0.11844,0.11432,0.11076,0.10759,0.10579632377813333,0.10452224148283314,0.10516,0.10618,0.10852,0.11261,0.19829,0.19189,0.18628,0.1788986547752716,0.17187780416679777,0.1653351950861886,0.15732,0.15113,0.14345,0.13686,0.13075118820824305,0.12493,0.1195374610629853,0.11341
16-01-2026 09:20,25731.8,0.12088367707691884,0.11626,0.1109435972221434,0.10672,0.10463,0.1016141870658488,0.09945,0.09803,0.09735654746510783,0.09736,0.09879,0.1004,0.10317,0.10711,0.2002,0.19314,0.18643,0.17782954906478657,0.17063,0.16466,0.1572679458559761,0.15158,0.14413446096774865,0.1377,0.13216,0.126,0.12113460989491903,0.11561
16-01-2026 09:25,25713.95,0.13856,0.13113519388554776,0.12231,0.11478,0.11068491738920565,0.10721,0.10394,0.10164,0.09945,0.09887,0.09971,0.10103142496805222,0.1032,0.10707401281552269,0.19718,0.19095,0.183,0.17458,0.16717,0.16118,0.15412,0.14773,0.14079373068422288,0.13452386299327013,0.12856,0.1223,0.11729,0.1114
16-01-2026 09:30,25717.25,0.12074,0.11467,0.10708,0.10553338246381594,0.10414,0.10095303459730554,0.09836,0.09678264762968351,0.09504137587068326,0.09457,0.09555,0.09727,0.09987,0.10408,0.19528291953460916,0.18833,0.1813,0.17333,0.16636,0.16012651007373094,0.15227371358953806,0.14636,0.13917,0.13305,0.12774,0.12194040794400426,0.11695,0.11151656526406205
16-01-2026 09:35,25703.5,0.12154,0.12388,0.11176,0.10671,0.10359,0.10087,0.09855,0.0969,0.09574,0.09533,0.09651,0.09838948507791821,0.10156389920223623,0.10491,0.19475,0.1872,0.1815,0.17435734656674054,0.16687598531726142,0.16004,0.15277,0.14565,0.13886,0.13325,0.1274698419719747,0.12168,0.11707,0.11241029518537651
16-01-2026 09:40,25700.0,0.14571,0.13989,0.1281,0.12149,0.11634,0.11163,0.10743,0.10384196650572441,0.10102,0.09973,0.09978,0.10071,0.10264,0.10680813497214822,0.1957,0.18768,0.18089,0.17314,0.16599704483351704,0.16058886159490804,0.15311,0.14438,0.13719,0.13049,0.1244,0.11798,0.11307,0.10711
16-01-2026 09:45,25718.5,0.13848,0.13252,0.1251362990992884,0.12012,0.11514,0.11078,0.1061,0.1033,0.10100806989105623,0.09929695221761482,0.09937,0.10053,0.1021,0.10583,0.19647,0.18963019916575866,0.18317,0.17508,0.16795,0.16145,0.15485,0.146697538789256,0.13866,0.1313,0.12511364873863035,0.1188229560360785,0.11363,0.1077
16-01-2026 09:50,25745.0,0.13175,0.12499,0.11837,0.11266317319608105,0.10852393472275462,0.10465436600832842,0.10127679962221472,0.09899,0.09697201639976558,0.09574,0.09618707882116125,0.09708,0.09913,0.10256,0.19912,0.19243305261646163,0.18614,0.17893,0.1716900294328991,0.16483,0.15817,0.14905,0.14158,0.13425,0.1278,0.12125001409766333,0.11573,0.10952
16-01-2026 09:55,25750.1,0.12116,0.11698542993288187,0.10981656471047195,0.10604843031866784,0.10247,0.09965463693122953,0.09694,0.09527096965556173,0.09336682500764001,0.09265,0.09316,0.0946,0.09576657578031465,0.09898071191407995,0.19970266073065893,0.19348,0.18712165664148261,0.1794,0.17223884112052132,0.16556,0.15846,0.15048388818753186,0.14261,0.13492,0.1286,0.12183903639414416,0.11668501477470178,0.11059
16-01-2026 10:00,25740.5,0.14949,0.14199,0.13067211029284104,0.12292,0.11662,0.11173,0.10763,0.10437183662523655,0.10100426054889541,0.09937,0.0992,0.10044,0.10108657578031043,0.10389262614301546,0.2,0.19269,0.18658567299646012,0.17918,0.17187,0.16518,0.15801,0.14887,0.14153,0.13353,0.12685,0.12,0.11433,0.10793
16-01-2026 10:05,25754.15,0.14244,0.1307,0.12569,0.11996,0.11346,0.10948144651609389,0.10556,0.10204,0.09952,0.09822,0.09824,0.09963,0.10045324244697916,0.10342929280968664,0.19997,0.19314,0.18748922569831694,0.1801045357846769,0.17338,0.16645,0.1587871436852637,0.15018,0.14269,0.1349,0.12799,0.12135,0.11577,0.11004574057062377
16-01-2026 10:10,25768.1,0.15031,0.14151637472365078,0.13218,0.12358,0.11760276079739444,0.11277,0.10856,0.10474,0.10237,0.10019250456369194,0.0998,0.10087,0.10335431158122908,0.10645,0.20237,0.19579886589105994,0.18954,0.18223,0.17517,0.16822,0.16104,0.1521,0.14493,0.13691,0.13010965881794023,0.12319,0.11695,0.11015
16-01-2026 10:15,25809.45,0.17053,0.15967536013594108,0.14845,0.13976,0.13346,0.12639,0.12041,0.11533,0.11258,0.10915,0.10741,0.10778,0.10879,0.11139,0.2064234821864594,0.20007,0.19377,0.18647,0.17941,0.17247,0.1650695154374348,0.15639626974629459,0.14892,0.14084,0.13404,0.1272,0.12082,0.11367
16-01-2026 10:20,25841.8,0.15819,0.14716,0.13899,0.13187,0.12373,0.11884897958034088,0.11434,0.11041934939504874,0.10763,0.10463,0.10322,0.10351,0.10473418004311406,0.10678,0.21039014885311563,0.2039,0.19723,0.18991,0.1831,0.17660599773344648,0.16939,0.1612243351302842,0.15362,0.14545,0.13879819767552784,0.13178,0.12547,0.11796
16-01-2026 10:25,25852.75,0.16242,0.14949,0.13805225271420646,0.12939,0.12252,0.11715,0.11283,0.1087,0.10563174892602671,0.1027,0.10127,0.10126,0.10209,0.10456,0.2119,0.20486,0.19859947514854318,0.19119,0.18394010237511058,0.17758810709611345,0.17022,0.16149,0.15445541758160253,0.14685,0.14009,0.13271,0.12637,0.11887
16-01-2026 10:30,25857.6,0.15034,0.13945,0.13079,0.12421931999593075,0.11883,0.11293,0.10892,0.1052,0.10288,0.10016,0.0989,0.09916,0.09982,0.10275,0.21194,0.20495,0.19833,0.19135,0.1840569262346816,0.17715,0.16998063311774325,0.16177,0.15466,0.14751,0.14064676718258048,0.13347,0.12712,0.11996
16-01-2026 10:35,25863.75,0.14937330696849255,0.14056,0.13121,0.12583,0.11947136610426384,0.114,0.10955,0.10609,0.10326,0.10069,0.09935,0.09994464465956092,0.1006261661415836,0.10294,0.21288,0.2055,0.199192191942521,0.19191,0.18489714815927247,0.1782,0.17108,0.16276,0.15562,0.14813,0.14179,0.13461285554076374,0.12811,0.120652236145519
16-01-2026 10:40,25871.4,0.11897,0.11633,0.10899,0.10727,0.10349,0.10199,0.0993,0.09705,0.09528,0.094,0.09359071409837787,0.09435,0.09576,0.09883,0.21273706045691018,0.20618,0.1999,0.1929,0.18582392873917516,0.17892,0.17202,0.1635,0.15638,0.14901559110103968,0.14258,0.13549881820217768,0.12916,0.12225
16-01-2026 10:45,25855.55,0.13214913437072742,0.13244,0.12971,0.12357,0.11755,0.11201,0.1082,0.1044,0.10165,0.09939,0.09839,0.09844,0.09942,0.10234,0.2119184890283997,0.20522,0.19868212623166595,0.19125,0.18446,0.17775,0.17036096520020394,0.16223,0.15497992687198042,0.14768,0.14126,0.13404205480692388,0.12765,0.12038
16-01-2026 10:50,25847.05,0.14577,0.13897,0.12929696456285272,0.12192,0.11503,0.11031,0.10605,0.10261,0.10005,0.09817,0.09713,0.09792682836601645,0.09900604321351343,0.10168,0.2108,0.20382,0.19754,0.19054,0.18318507917698656,0.17615568408170207,0.1687101870010973,0.16107,0.15390398551937018,0.14671,0.14015,0.13314,0.12674,0.11969
16-01-2026 10:55,25842.9,0.14318,0.1324,0.12293899374071589,0.11551,0.11107,0.10684,0.10314982847578748,0.10024275731795318,0.09825,0.09650571262794266,0.09575,0.09636,0.09761,0.10246675499058466,0.21135566304664472,0.20410991770939882,0.19721,0.18991,0.18287,0.17618,0.16946,0.1609,0.15371,0.14662,0.14015,0.13303874157338003,0.1265,0.1194
16-01-2026 11:00,25831.1,0.14914,0.137382486392629,0.12683,0.1186,0.11283,0.10897,0.10495,0.10159,0.09949004709821574,0.0968949346254086,0.09635,0.09695,0.09832,0.10148,0.20992,0.20217,0.19686,0.1892,0.1821,0.1756,0.1683579335599806,0.1602,0.15294,0.14593,0.13922,0.1321213464340123,0.12592935304838176,0.1189
16-01-2026 11:05,25828.0,0.15898,0.14145,0.13754,0.1275,0.11895,0.11351,0.10883,0.10513,0.10239,0.09991153041231166,0.09879,0.09902,0.09998,0.10281,0.2093,0.2023,0.1963,0.18895,0.18185,0.1749916970894507,0.1677307723780704,0.15993,0.15249,0.14534,0.13853,0.13165,0.12519,0.11835282060514245
16-01-2026 11:10,25825.7,0.13287,0.12163,0.11516,0.11241,0.10781,0.10493,0.10190749319881061,0.09914,0.09749952336873466,0.09583,0.09518,0.09622,0.09783,0.1011,0.20835,0.20105,0.19481266552688595,0.18761,0.18088,0.1747,0.16794,0.15954,0.15263,0.14559,0.13948,0.13255,0.12667,0.12009
16-01-2026 11:15,25823.0,0.1348,0.11791,0.11802,0.11308,0.10815,0.10492,0.10162221876234608,0.09876,0.09692,0.09503,0.09478081955622537,0.09583,0.09765,0.1011,0.20775,0.20029211796174848,0.19365,0.18588,0.17904,0.17256,0.16557,0.15775,0.15092291970382438,0.14429,0.13832,0.13183,0.12611,0.11987
16-01-2026 11:20,25813.0,0.1374,0.12177,0.12075,0.11476,0.10972,0.10533,0.1025,0.09956303529431432,0.09745856184619399,0.0959,0.09562588705030857,0.09673,0.0982,0.1015,0.20531977473919857,0.19854,0.19232744610487326,0.18464882680549355,0.1779,0.17119,0.16423,0.15643,0.14972,0.14286,0.13693,0.13035346136039436,0.12445,0.11825
16-01-2026 11:25,25811.55,0.14089,0.1292,0.12487,0.11889,0.11332,0.10936,0.10597,0.10248,0.1002,0.09808,0.09763,0.09824860666716356,0.09942,0.10261,0.20686,0.19845,0.19273,0.18494,0.17781073850789822,0.17108,0.16435,0.15612,0.14943,0.14258,0.1364484533903525,0.12987,0.12399949364405612,0.11761
16-01-2026 11:30,25823.8,0.15411,0.113,0.11435,0.10898,0.10392314920877307,0.102,0.09995,0.0975,0.09647,0.09487,0.09483,0.09594,0.09743,0.1016339171297323,0.20831,0.19913,0.19347,0.18572,0.17835,0.17177898049611434,0.16483,0.15688,0.15027,0.14366,0.13741,0.13085,0.12501,0.11873
16-01-2026 11:35,25810.0,0.12446,0.11647051029775785,0.11493,0.11103390118183766,0.10626,0.10419,0.10133,0.09905,0.09732,0.09597,0.0956684587368918,0.0965,0.09825,0.10142,0.20388,0.19723,0.19164,0.18424,0.17716,0.17024,0.16336,0.155578846020953,0.14879,0.14201,0.13617489236261573,0.12997,0.12389,0.11763
16-01-2026 11:40,25806.75,0.1389,0.12465,0.11794,0.11195914315136347,0.10622,0.10315,0.10062,0.09812,0.09705,0.09543939688709274,0.09532,0.09634,0.09806,0.10154,0.2045,0.19813,0.1924,0.1843,0.1769,0.16997,0.16325476636573932,0.15517119757351766,0.14868,0.14202,0.13598,0.12931,0.12373,0.11758
16-01-2026 11:45,25794.7,0.14051,0.13091,0.12374357120141263,0.11682,0.1107,0.10674,0.10367,0.10097,0.09913,0.0973,0.0968,0.09763,0.09919,0.10272,0.20353,0.1979,0.19172,0.18358,0.17642,0.16959077686599805,0.16245,0.15443,0.14754,0.14069,0.13437,0.12782,0.12204583482838993,0.11579
16-01-2026 11:50,25794.65,0.14526,0.13098,0.12389,0.11781469652034283,0.1119,0.10766,0.10416,0.10134,0.09948,0.09772,0.0971,0.09817,0.09991,0.10361,0.20397,0.19736641286913761,0.19142,0.18361,0.17616,0.16941421773683935,0.16225,0.15425,0.14738,0.14055,0.13438,0.12772,0.12185,0.11541
16-01-2026 11:55,25797.25,0.11631,0.11333,0.10804,0.10403,0.10069,0.09881,0.09713,0.09555,0.09487,0.09344,0.0939490302262155,0.09565,0.09765,0.10157,0.20337,0.1978,0.19145285100753864,0.18355,0.17697,0.17019,0.16317,0.15537573737168495,0.14836,0.1416,0.13548281518834654,0.12902,0.1230745476754633,0.11626455132065737
16-01-2026 12:00,25774.5,0.15129814785204662,0.14442,0.13569,0.12757,0.12104,0.11543,0.11063,0.10685,0.1044,0.10161,0.1008884879556743,0.10162,0.10292,0.10615,0.20194,0.1948607834167578,0.18882590388753198,0.18098,0.17372007528544256,0.16691,0.1600638540562426,0.1524,0.14513,0.1386,0.132446666356749,0.12608531959640734,0.12011,0.11355
16-01-2026 12:05,25790.15,0.1467930778244388,0.14723,0.14572,0.13608,0.12841,0.12167,0.11576,0.11122248888121442,0.10792,0.10457,0.10314,0.10357,0.10446,0.10716,0.20270386900406479,0.19612,0.18942,0.18174,0.1743248129846199,0.16733,0.16055,0.1529361919355658,0.14594,0.13939,0.13294809940945368,0.12604,0.1202234705513288,0.1138
16-01-2026 12:10,25810.95,0.15056,0.14159903598391219,0.14114,0.13138,0.12354,0.11753,0.11256539906571092,0.1085,0.10582676304495744,0.10241032025777702,0.1017,0.10199,0.10283,0.10549,0.20417,0.19712,0.19123,0.18259,0.17569,0.16842,0.16154,0.15399,0.14702,0.1405,0.13416965556772437,0.12742,0.12188,0.11636892637376038
16-01-2026 12:15,25821.3,0.13938,0.13234,0.12675,0.11879,0.11084,0.10838,0.10429643028955018,0.1012,0.09967749841037057,0.09792,0.0971,0.0978,0.09951,0.10262,0.20592,0.19919,0.19230917888188578,0.18384,0.17603,0.16828,0.16178,0.15432,0.14751978905026233,0.1412,0.13518360377148736,0.12859962949116743,0.12330008781373544,0.11702
16-01-2026 12:20,25815.75,0.14513,0.1334,0.12730816612687665,0.11959,0.11312034802700735,0.10991146698397465,0.10576,0.10238,0.1004,0.09856,0.09786,0.09855,0.09994,0.10298,0.20463,0.1978806336080372,0.19134,0.18306,0.17587,0.1685449574485859,0.1613,0.15395886563268055,0.14733,0.14068,0.13489,0.12851155196515174,0.12264,0.11623
16-01-2026 12:25,25811.0,0.07388,0.07556,0.07403,0.08059,0.0818,0.08406,0.08529,0.08605,0.08702,0.08707,0.08859,0.09116,0.09414436885284683,0.0983,0.20299819299371819,0.19641,0.19061,0.18234,0.17548,0.1685,0.16209,0.15505933859306884,0.14875,0.1426994496263655,0.137539449396796,0.13181,0.12665293203444639,0.12073456249103381
16-01-2026 12:30,25738.6,0.15064,0.14403,0.13703,0.12998,0.12139,0.11635,0.11184,0.10782,0.10574,0.10304,0.10235,0.10337,0.1046,0.10804,0.19804819299368176,0.19115,0.18304,0.17546,0.16765,0.16045,0.15371893223883798,0.1465,0.1395475805517558,0.1333,0.12759,0.12143,0.11626,0.11068
16-01-2026 12:35,25771.0,0.13271,0.11957,0.11999,0.11437,0.10957022945634964,0.10648069509827443,0.10260898681345548,0.09958448970329278,0.09855899344389371,0.09743,0.0975971937716937,0.09898,0.10074,0.10431,0.20158985966067205,0.19404894709819967,0.18619,0.17795,0.1699,0.16309,0.15609,0.14932,0.14276,0.13619,0.13066375063618488,0.12469,0.11993,0.11418
16-01-2026 12:40,25768.5,0.12301424140367435,0.11783,0.11523,0.11094,0.10513,0.10293,0.10049,0.09866877644427383,0.09773,0.09643,0.0967,0.09827,0.10039,0.10439,0.20104819299369608,0.19373,0.18564,0.17742,0.17032,0.16289,0.15638,0.14954,0.14292,0.13661,0.13136,0.12545,0.12058,0.11512
16-01-2026 12:45,25759.4,0.13574,0.12873,0.11727,0.11155,0.1062,0.10390993278663631,0.10183,0.09961309419933037,0.09863517476448143,0.09762,0.09773,0.0995336998807113,0.1015,0.10533,0.19968,0.1918,0.18456520392470901,0.17633,0.16985,0.16292,0.15605,0.14955,0.14262,0.13604,0.13053429131333424,0.1246,0.11957,0.11427
16-01-2026 12:50,25750.05,0.15113,0.1299,0.13151,0.12439,0.11706,0.1124,0.10845,0.10559,0.10367224845073471,0.10154,0.10127278341771619,0.10258,0.10427,0.10777,0.19893,0.19105,0.18448,0.17589,0.16936,0.16190252759941387,0.1545,0.14786,0.14082,0.13403,0.12818,0.12194,0.1167,0.11113
16-01-2026 12:55,25759.95,0.13098,0.11788,0.10878,0.10531433442278403,0.10147,0.10013,0.09858461256414432,0.09701,0.09661,0.09593,0.09607,0.09866,0.10065,0.10459,0.20021,0.1922788447906654,0.18499,0.1771,0.17085,0.16355,0.15686,0.14965,0.14307,0.13658777185751436,0.13093,0.12528380941836026,0.1202,0.11467
16-01-2026 13:00,25740.05,0.11584,0.11504,0.110940136068034,0.1065,0.10353,0.10136,0.09962,0.09828542883416863,0.09770306581172569,0.09708,0.09784,0.09999,0.1022,0.10614,0.19857704753045322,0.19105,0.18404,0.17607,0.16912,0.16179,0.15459,0.1476,0.14118,0.13463118648483263,0.12911259705990083,0.12322,0.11839,0.11323
16-01-2026 13:05,25723.25,0.13718,0.12750756099737964,0.12073,0.11549,0.11086,0.10673,0.10355,0.10198,0.10077,0.0998,0.10027,0.10199,0.10432,0.10812,0.19679,0.18752,0.18262,0.17428224122826544,0.16707,0.15978,0.1526,0.14583,0.13886,0.13222,0.12679,0.12034,0.11562411895622014,0.11048
16-01-2026 13:10,25717.95,0.13158034638442503,0.12359,0.11648,0.11189,0.10762,0.10473,0.10199,0.10044,0.09986,0.09863,0.09951,0.10155,0.10385,0.10775,0.19595,0.18846,0.18113,0.17322,0.16633,0.15906,0.1519,0.14494,0.13801,0.13187,0.12626,0.12043,0.11581,0.11036
16-01-2026 13:15,25715.5,0.12546,0.12116,0.11565,0.1126,0.10896,0.10405,0.10181765877389395,0.09984,0.099,0.09858828242492022,0.09946666397201412,0.10146,0.10356,0.10763,0.19560724665180687,0.18828,0.18058,0.17272571258068617,0.16584,0.15805,0.15146,0.14411,0.13747810701344249,0.13106873323947557,0.12538,0.11965,0.11476,0.10943
16-01-2026 13:20,25705.4,0.12947,0.11802,0.11258,0.10834,0.10461057001012222,0.10232,0.10035,0.09896,0.09863,0.0981924623562591,0.09917,0.10128,0.10405,0.1082,0.19409,0.18625,0.17938,0.17117,0.16438,0.15719559468188343,0.15032,0.14401,0.13719,0.13094619332211924,0.12549,0.11984,0.11567,0.11150385158578686
16-01-2026 13:25,25670.15,0.1424038295177961,0.13260779996781932,0.12849,0.12335953966466107,0.11803,0.11384,0.11041130706034645,0.10745,0.10562,0.10372,0.10444,0.10609,0.10688511343366838,0.11072146354538275,0.19162,0.18374893925672497,0.17675,0.16848,0.16129,0.15422552346344126,0.1476588133654694,0.14091,0.13484,0.12774,0.12256,0.11649,0.11182,0.10669
16-01-2026 13:30,25701.15,0.1291186050825661,0.12167,0.11776,0.11068,0.10665,0.10372,0.10152,0.10011,0.09928,0.0984,0.09946,0.10177,0.10453,0.10864,0.19291,0.18635,0.17870840235494456,0.17016,0.16353342230879298,0.15684,0.15005241805823957,0.14324,0.13718,0.13102,0.12596,0.1203612030667061,0.11621710766454368,0.11092
16-01-2026 13:35,25687.3,0.14434,0.13011,0.12208,0.11766953967840746,0.11418,0.11021,0.10674,0.10463,0.10289,0.10175571085798175,0.10239,0.10459,0.1070581833194841,0.11112,0.19179,0.18521,0.17755,0.169,0.16225,0.15562,0.14875758657484753,0.14161460265183384,0.13532,0.1298,0.12427,0.11867168128169552,0.1141,0.10873
16-01-2026 13:40,25701.3,0.13004057057486718,0.11895072206388017,0.11376,0.10739,0.10685,0.10394,0.10172,0.10038167902849916,0.0992011989493291,0.09871,0.099774395460525,0.10235,0.1049,0.10965187758851702,0.1943,0.18643925113802948,0.17877,0.17057,0.16381,0.1569,0.15027,0.14372831537054415,0.13759,0.13145885097209642,0.12613,0.12059,0.11633,0.1111
16-01-2026 13:45,25699.7,0.1373,0.13042,0.11779,0.11529,0.10943,0.1053,0.10285,0.10143,0.10042,0.09952,0.10051,0.10286,0.10561,0.10982,0.1942,0.18638804332669065,0.17866,0.16984295572763544,0.16244,0.15595,0.14943,0.14284389903202216,0.13674,0.13033,0.12474,0.11878,0.11483,0.10907
16-01-2026 13:50,25712.85,0.096,0.09541,0.09935,0.09913,0.09681,0.09661,0.09558,0.0953061981468698,0.09520865708085054,0.09559,0.09745,0.10022,0.10331,0.10789,0.19489,0.18785,0.18054,0.17231,0.16487,0.15825,0.15232,0.14546,0.13945,0.13363040565323359,0.12872,0.1229,0.1191,0.11438
16-01-2026 13:55,25689.85,0.12024,0.11693,0.11188,0.10916,0.1054,0.10326076022521806,0.1014,0.10011,0.09981,0.09937778025621426,0.10065,0.10302,0.10586,0.11021,0.19343,0.18623921056166046,0.17932,0.17,0.16293913996691942,0.1566751344835597,0.14998,0.1431,0.13705,0.13101,0.12583,0.12037,0.1161113759512102,0.11085
16-01-2026 14:00,25681.95,0.12937,0.1228,0.11186,0.10728,0.10449,0.10222,0.10041,0.09939,0.09900590771648328,0.09873,0.1004,0.10286,0.10605,0.11042,0.1928,0.1849,0.17867,0.16968,0.1625,0.15605,0.14951,0.14267536548168896,0.1363,0.13023,0.12524,0.11988069837990568,0.11589984234960977,0.1101154632253149
16-01-2026 14:05,25682.85,0.11697,0.10862,0.1064,0.10308741984492006,0.10009,0.09877,0.09762967692236392,0.09708,0.0973,0.09746917265518619,0.09919,0.10199,0.10529,0.10988,0.19376,0.18657,0.17982,0.1709938707690586,0.16379,0.15719,0.15029,0.14367,0.13742,0.13134,0.12618,0.1206,0.11655,0.11155
16-01-2026 14:10,25684.7,0.12427,0.11599,0.11313,0.10933231975369925,0.10579,0.10318,0.10086,0.09999,0.09936,0.09903,0.10061,0.10323,0.10518246822937716,0.10947157509702456,0.19436,0.18752,0.18102,0.17225,0.16485,0.15764,0.15094,0.14393386665787536,0.13746,0.13112,0.12593,0.12005,0.11561,0.11089262163553272
16-01-2026 14:15,25676.95,0.1296,0.11748,0.11738,0.11226898477125456,0.10781,0.10494,0.10251,0.10111,0.10068,0.1001,0.10156,0.10398,0.10693,0.1114,0.1929,0.18651,0.18004,0.17128,0.16389,0.156881429667692,0.15001,0.14276,0.1363555721984232,0.13007,0.12489,0.11898392947935849,0.11431,0.10882
16-01-2026 14:20,25689.4,0.13376,0.12117,0.11415,0.11165,0.10693,0.10432,0.10156,0.10039,0.09969338778684257,0.09924,0.10062,0.1034104783084187,0.10594,0.11044,0.19482,0.1876,0.18081,0.17175,0.16433426496044776,0.15734,0.15051,0.14377,0.13728,0.13077,0.12545663776427576,0.11961,0.11523,0.11057869013492864
16-01-2026 14:25,25707.1,0.10563,0.10337,0.09999,0.1004469903161007,0.09989,0.09852,0.09679,0.09635,0.09596,0.09605,0.09786,0.10066,0.10379,0.10896329840177328,0.19591,0.18944109568737674,0.18305,0.17365,0.16691,0.15974,0.15263,0.14607,0.13954,0.13287,0.128,0.12209577977068696,0.11732,0.11170869013496047
16-01-2026 14:30,25688.2,0.1291,0.12584,0.11783,0.11225,0.1086,0.10543,0.10269,0.10131,0.10008,0.0997,0.10106,0.10366953390612586,0.10627,0.11062,0.19368374354611603,0.18678,0.18041,0.1717,0.16468,0.15739226519070812,0.15022,0.1435,0.13669,0.13054,0.12518,0.11931,0.11504,0.10955
16-01-2026 14:35,25708.0,0.0988,0.10398590214990591,0.10769,0.10343,0.10132,0.09913,0.09727,0.09648433408143392,0.09596,0.0961485696452336,0.0979099700374092,0.10064436145321785,0.103,0.10567571199893387,0.19611707687950172,0.18888,0.18215,0.17312,0.16617,0.15883,0.15184,0.14478,0.13916,0.13226,0.1270285820259144,0.12081461979395008,0.11666956749987671,0.11142
16-01-2026 14:40,25706.4,0.13025,0.11776,0.11254,0.10775,0.10445,0.10217,0.09980391628584732,0.09848,0.09765,0.09744,0.09866,0.10081,0.10407,0.10888571199892248,0.19508,0.18877,0.18134,0.17234,0.16516313589515821,0.15791,0.15124,0.14424,0.13795267138674686,0.13152,0.12614,0.12020040955829664,0.11546,0.10992
16-01-2026 14:45,25707.8,0.11305,0.10951996575884097,0.1079,0.1037,0.10140506608481832,0.09932,0.09747,0.09656,0.0962,0.096,0.09755,0.10031663470151826,0.10470649356812507,0.10763,0.19566,0.1871963087340247,0.18061155705131196,0.17093789746611276,0.16439,0.15805,0.15116,0.14419,0.13795,0.13183,0.12668,0.12112,0.11644269779876844,0.11095
16-01-2026 14:50,25692.95,0.12547,0.11918,0.10981,0.1093,0.10592,0.10255,0.10015,0.09932,0.09851,0.09818,0.09941,0.10159,0.10482,0.10908,0.19487,0.1870930722923787,0.17988,0.17142250172362095,0.16435548360753446,0.15726369452989594,0.15028,0.14363,0.13705,0.13095267536184346,0.12599,0.12031,0.11583,0.11187995195634953
16-01-2026 14:55,25700.95,0.12239269210571893,0.11765305840706854,0.11405,0.10999,0.10615905259759159,0.10257688788695815,0.09967708249915817,0.09834,0.09736,0.09789,0.09887,0.1009,0.10365,0.1081,0.19471,0.18681,0.18024,0.17093,0.16350138612618312,0.15639,0.15009,0.14316,0.13697,0.13133,0.12612,0.12048110849301029,0.11571,0.11054
16-01-2026 15:00,25706.3,0.11793,0.10192,0.10295,0.10100615152650064,0.09969,0.09792,0.09651,0.09594,0.09545,0.09534,0.09684,0.09922,0.1025,0.10705,0.19519,0.18809,0.1806412726513574,0.17142,0.16433,0.15744,0.15132,0.14473,0.13875,0.13248,0.12745634552563498,0.12184359894618556,0.11743,0.11238
16-01-2026 15:05,25694.05,0.11281,0.1108,0.10746,0.10416,0.1024,0.09971,0.09806,0.09725,0.09693,0.09638,0.09784770096759311,0.10026,0.10341,0.1081,0.19419,0.18694850762893583,0.1797,0.17108973588628082,0.16365133303102114,0.15637,0.15045,0.14318,0.13732389511182325,0.13156,0.12665,0.12111012213009108,0.11665,0.11126
16-01-2026 15:10,25691.6,0.11496,0.11011,0.10436,0.103,0.10070164616452136,0.09867,0.09737,0.09678,0.09653,0.09608,0.09782,0.10012,0.1032,0.10803,0.19358,0.1861655365168055,0.17879,0.16985,0.16215,0.1559,0.14978,0.14276,0.137,0.1309794566954091,0.12647892856540646,0.12112,0.11638,0.11172410041842981
16-01-2026 15:15,25691.75,0.12581,0.12036563854241009,0.11411,0.11031376470140593,0.10641,0.10313,0.10126,0.09949,0.09904150205561299,0.09815135377077018,0.09963,0.10203521454708292,0.10484,0.10931,0.19470589899153526,0.18655,0.17919,0.16989,0.162510874684228,0.15566,0.14942545885138675,0.14263296023096372,0.13686,0.13066794420991334,0.12599613417325098,0.12036,0.11562139966473678,0.11
16-01-2026 15:20,25695.9,0.12636,0.11841,0.11262,0.10894337546347416,0.10512,0.10249,0.10053,0.09896412957173212,0.09793,0.0978292557419241,0.09946,0.10206,0.1030916974395944,0.1071623895008135,0.19487,0.1866572035896932,0.17984236263145378,0.17096,0.16358034909658917,0.15688,0.15054096517711874,0.14363,0.13734263688934564,0.13107,0.12594586932601895,0.12023,0.11537,0.10972
16-01-2026 15:25,25697.65,0.12031,0.1104,0.1066,0.10453,0.09976,0.09915,0.09722,0.09583,0.09506,0.09531,0.09719,0.10021,0.10273669743963093,0.10777986500298257,0.19461,0.1898,0.18118,0.17114,0.16431,0.1551,0.14895,0.14256,0.13677,0.13126,0.12625,0.11962,0.11517,0.10954
19-01-2026 09:15,25549.65,0.14245,0.13519,0.12933793778832633,0.12549275814146613,0.1214,0.11899,0.11806,0.11778565404455188,0.11852,0.11961,0.12266,0.12729323171788026,0.13113051230574757,0.13657,0.20612,0.19843,0.1915,0.18321,0.17385,0.16623,0.15889,0.15008,0.14249,0.13564763463639765,0.12989,0.12370789519453329,0.1187,0.11346
19-01-2026 09:20,25596.45,0.08441,0.08932,0.09374,0.09633,0.09736,0.09929343859881982,0.1011,0.10234,0.10559,0.10857287655257107,0.11308,0.11716,0.12289788396118939,0.12876,0.21017,0.20166,0.19502,0.18657,0.17775,0.17067,0.16256,0.15405,0.14697499419122234,0.14047,0.13504,0.12996,0.12594,0.12153
19-01-2026 09:25,25570.45,0.1024,0.10142,0.10257,0.10297177630925061,0.10169053309532217,0.10276968611766706,0.10414,0.10522,0.10833,0.1111592077034631,0.11554388579798358,0.12016,0.12598492137876138,0.13211,0.20873,0.20057,0.19328,0.18469,0.17673,0.16852,0.16075,0.15199179134256008,0.14424,0.13812,0.13237,0.12696,0.1231,0.11855
19-01-2026 09:30,25544.4,0.1437,0.13407,0.12925839501273265,0.12442,0.11993,0.11696,0.11574911921341333,0.11492,0.11679,0.1189,0.12285,0.12687,0.13188,0.13903429371600515,0.20645358020682195,0.19894,0.19200485681375434,0.18313,0.1745897601607798,0.16618292689400335,0.15860346965359515,0.1504,0.14143,0.13439,0.1281807987355206,0.12151,0.11662,0.11102
19-01-2026 09:35,25579.4,0.09938,0.09619,0.09934,0.10029797653553482,0.09989772733045897,0.10124,0.102,0.10339,0.10655,0.10958,0.11386141949989242,0.11861,0.12437,0.13093,0.21264,0.20463,0.19773,0.18849,0.18053,0.17254,0.16418,0.15534395451286354,0.14696,0.13985,0.1340844310282774,0.12832,0.12423,0.11922
19-01-2026 09:40,25551.95,0.12474,0.12028,0.11453,0.11254,0.11043,0.10956564862359268,0.10928,0.1094,0.11187,0.11453,0.1182928884583932,0.1229600047355825,0.12803,0.13474394298644934,0.20806,0.20021,0.19271,0.18379332919216457,0.17515853898896264,0.1672,0.15953614886647238,0.1504789653441544,0.14165497718550163,0.13476,0.12888,0.12304128693634701,0.11862,0.11313
19-01-2026 09:45,25560.95,0.11745,0.11174,0.11006,0.10947,0.10771,0.10715,0.10706,0.10726,0.11016,0.11282,0.11666951730804859,0.12107,0.12643,0.13281,0.20898,0.2003770117519575,0.19342231513122912,0.18423,0.17651,0.16847,0.16008,0.15174,0.14344,0.13618,0.13053,0.12461,0.12019,0.1149
19-01-2026 09:50,25558.35,0.09813,0.0997325638629198,0.10203,0.10231,0.10235,0.10252,0.10324,0.10466555453153759,0.10771,0.11077,0.11515090644317089,0.12005,0.12593,0.13257,0.20877,0.20108212576113643,0.19383,0.18471,0.17721,0.16877,0.16055,0.1521,0.14406,0.13690780741556322,0.1315394698796593,0.12572,0.12158,0.11685
19-01-2026 09:55,25558.2,0.10221,0.10014,0.10170200843721483,0.10229,0.10223,0.10278608619149196,0.10338,0.10459,0.10823,0.11146,0.11594,0.1209,0.1273076951710135,0.13321,0.20929,0.20139,0.19461,0.18508,0.17753,0.16879,0.16056,0.15232,0.14407,0.13729466807374505,0.1319,0.12601,0.12211,0.11727
19-01-2026 10:00,25520.6,0.11102,0.10743,0.10734,0.10683,0.10585,0.10574056200596857,0.10601,0.10769651856444708,0.11123,0.1146,0.11929,0.12411,0.13013,0.13675,0.20707,0.19896,0.19193,0.18325,0.17535,0.16608,0.15792507290453256,0.14947,0.14123,0.13504,0.12974,0.1241,0.12004022120786828,0.11506
19-01-2026 10:05,25510.95,0.1284991692888654,0.12154,0.11737,0.11506913681779336,0.1124,0.11138,0.11069,0.11147,0.11459,0.11730532430802555,0.12169120452086243,0.12648,0.13215,0.13871,0.2057,0.19803,0.18988,0.18129,0.17407,0.16455,0.15632,0.14791934894891334,0.13978,0.13291,0.12715200320704734,0.12118,0.11689,0.11165
19-01-2026 10:10,25528.25,0.11377,0.11102,0.10945,0.10865,0.10732,0.1069,0.10676,0.10798,0.11157,0.11463,0.11918,0.12409,0.12999,0.13649,0.20858037253279396,0.20022,0.19168,0.18279,0.17476374811950762,0.1662,0.15811893922841705,0.14982,0.14134,0.13535,0.13002,0.12434,0.12024,0.1159774560130721
19-01-2026 10:15,25530.4,0.12141,0.11548,0.11096,0.10978229414791466,0.1083,0.10753637740397132,0.1075,0.1084,0.11225,0.11533,0.1197279833634288,0.12455,0.13037,0.1374069201744327,0.20674,0.19922,0.19156,0.18271,0.17466430603518773,0.1662,0.15764571864315371,0.14908,0.14128,0.13464626042440883,0.12944098570821633,0.12367,0.11966,0.11548745601304447
19-01-2026 10:20,25543.9,0.10527,0.10863,0.10872,0.10800759782392313,0.10618,0.10562,0.10593,0.10742,0.1109,0.1139,0.11814,0.12309643127307729,0.12856,0.13525,0.20859,0.2009676485479523,0.19336,0.18459578168720034,0.1765,0.16769,0.15962,0.15065,0.14289,0.13678,0.13111,0.1262,0.12128,0.11615
19-01-2026 10:25,25526.15,0.09784,0.10189,0.10230286746578393,0.10252,0.10243,0.10311,0.10435,0.10618,0.11058,0.11390003403221972,0.11839,0.12352,0.12793434449352567,0.1340766099720704,0.20783,0.20095,0.19232,0.18335,0.17583,0.16711,0.15904,0.15084,0.14335,0.13761,0.13253,0.12716,0.12338,0.1189
19-01-2026 10:30,25515.7,0.11207,0.11108,0.10904,0.10873,0.10713,0.107,0.10726,0.10887,0.1126,0.11579,0.12024189209670641,0.12525,0.13067,0.13722,0.20712424504605823,0.19963587505004868,0.19129,0.18263,0.17446,0.16575,0.15768,0.14928,0.14179864084623825,0.1359837879423333,0.13123316210277441,0.1259750486821894,0.12146,0.11627
19-01-2026 10:35,25513.9,0.11009128281489562,0.10845,0.10764,0.10713,0.10687,0.10626,0.10705,0.10863,0.11265,0.11595,0.12018,0.12541976345312184,0.13066,0.137,0.20546924504568922,0.19815,0.19151,0.18248,0.17431,0.16585,0.15774,0.14968,0.14227,0.13599357256282135,0.1314907506765059,0.12639,0.12275278615641148,0.11797
19-01-2026 10:40,25500.4,0.12671,0.12105,0.11759565089498172,0.11492,0.11304,0.11186662767458085,0.11166,0.11259,0.11596,0.1186,0.12238,0.12702,0.13226,0.13833,0.205389245046147,0.1976241619365019,0.1902934473168918,0.18111,0.17319,0.16441,0.15625,0.14777,0.14052,0.13431161467417158,0.12906,0.12365,0.11946,0.11466
19-01-2026 10:45,25525.55,0.11111,0.10924,0.10772,0.1078,0.10682835041742597,0.10635,0.10664,0.1084,0.11199,0.1149,0.11904098439448489,0.12381,0.12913,0.1355,0.20887,0.20024,0.19253040550134615,0.18344,0.17591,0.16744,0.15888,0.15089,0.14323,0.1374035337936414,0.13255,0.12684,0.12298,0.11823
19-01-2026 10:50,25515.9,0.12323380202853816,0.11866,0.1148,0.113,0.11051,0.10984,0.10947,0.11058,0.11388,0.11648,0.12060204610646678,0.12544,0.13063,0.13669,0.20749,0.19889,0.19183,0.1828,0.17492,0.16565,0.15761,0.14864,0.14145,0.13566,0.1298,0.12429,0.11994,0.11547227267722086
19-01-2026 10:55,25526.35,0.13233,0.12637,0.12098130051310636,0.11780788721123962,0.1144,0.1118,0.11078,0.1109730388258165,0.11434702594422455,0.11657,0.12053,0.12501,0.12999,0.13624,0.20857,0.19956,0.19221,0.18293280198549153,0.1748718559720017,0.16603,0.15766,0.14902837366580687,0.14085,0.13438,0.12854,0.12257,0.11808,0.11313
19-01-2026 11:00,25550.1,0.12151,0.11932,0.11587356965321578,0.11367,0.11200643608720647,0.10998943236712387,0.10850738154627702,0.10928,0.11236,0.11481,0.1185,0.12317758565560384,0.12812,0.13446646363950274,0.21143,0.20234113861245467,0.1943,0.18508,0.17745,0.16863,0.16011285345148346,0.15139,0.14332,0.13704,0.13131,0.12541,0.12046,0.1154
19-01-2026 11:05,25561.85,0.10899,0.10138,0.10069,0.10252,0.10175693686501092,0.10169,0.10215,0.10318,0.10665,0.10992824419882716,0.11449,0.11959,0.12517,0.13184,0.21085880869701587,0.2024964528620085,0.19516,0.18634,0.17890600263687273,0.17074,0.16283,0.15479643238769714,0.14716,0.14106,0.13515,0.12992,0.12574201384906333,0.12077
19-01-2026 11:10,25540.3,0.11046,0.11083,0.10827,0.10789,0.10588,0.10491,0.1050796537334093,0.10638,0.10954,0.11268,0.11737,0.1223,0.12767,0.13403,0.20769,0.20022,0.19262,0.18414,0.17678,0.1683500656683258,0.16,0.15135,0.14463,0.138,0.13236,0.12694,0.12227,0.11743
19-01-2026 11:15,25533.8,0.10798,0.10731,0.1053,0.10503,0.1036,0.10349,0.10402,0.10558,0.10894,0.11228,0.11706,0.12214,0.12774,0.13422,0.2066,0.19961,0.19276,0.18385,0.17612,0.16777,0.16056879352745812,0.15266529102349655,0.14542304123174712,0.13909391341182104,0.13327,0.1278567722714994,0.12329,0.11835749115404011
19-01-2026 11:20,25513.75,0.12529,0.11862,0.11356244595768303,0.11218569603816314,0.10956023213031132,0.10882869436456444,0.109,0.10982,0.11303,0.11594,0.12019917017575683,0.1252155081567963,0.13082,0.1369146761072609,0.20603337942274733,0.19808,0.19148,0.18214,0.17434344662591014,0.16571966468274135,0.15801,0.1497357267491147,0.14218,0.13622,0.13042,0.12483499469310268,0.12023,0.11555
19-01-2026 11:25,25514.95,0.12155,0.11779583927279882,0.114635952356508,0.11269,0.11016,0.10919,0.10884,0.10989,0.11307,0.11606,0.12056,0.12524,0.13056,0.13686,0.20677,0.19908,0.19201,0.18296,0.17563,0.16681,0.15861,0.1503,0.14252,0.13653,0.13071,0.12520244335830436,0.12058,0.11544
19-01-2026 11:30,25517.75,0.1164,0.11895,0.11447,0.11296799402942391,0.11014,0.10900849228470821,0.10842,0.10934,0.11251,0.11579,0.12019,0.1249,0.13011,0.1367322759509675,0.20709,0.1994,0.19234,0.18329856258084049,0.1754,0.16715,0.15874,0.15046,0.14286777527724195,0.13664,0.131,0.12509961096877456,0.12092966200651634,0.11537
19-01-2026 11:35,25523.55,0.13105,0.12514,0.11925,0.11609,0.11285,0.11088,0.10994676527451526,0.1104,0.11300806385966024,0.11588,0.11629394098720032,0.11752935687370578,0.11945092212678304,0.12162781376229094,0.20675,0.19899861809218639,0.19187,0.18327,0.17488,0.16705,0.15852,0.14979,0.1420171952848396,0.13564,0.12973,0.12382,0.119,0.11349
19-01-2026 11:40,25536.55,0.12496,0.12074,0.11594,0.11329,0.11037,0.10856,0.10765,0.10846,0.11115,0.11382,0.11815,0.12287,0.12793,0.13466,0.20894080322403752,0.20095,0.19398,0.1847256481677259,0.17669793026797204,0.16824,0.16029852884439658,0.15078029870779897,0.14335,0.13701,0.1309,0.12512,0.12048,0.1159081628122049
19-01-2026 11:45,25537.25,0.11701,0.11709,0.11326646009238196,0.11106,0.10883,0.10754,0.10676,0.10777,0.11073,0.11367,0.11808,0.1229,0.12826,0.13492,0.20866,0.20064,0.19372,0.18477,0.177,0.16908611431269077,0.16057,0.15202,0.14431,0.13781,0.13158,0.1257,0.12097,0.11573
19-01-2026 11:50,25541.5,0.1135227828805411,0.11365,0.11364,0.1105,0.10792,0.1068,0.10637,0.1072,0.11035,0.11317,0.11783,0.1225550593637081,0.12762,0.13443,0.20815,0.20067,0.19268,0.18491,0.17719,0.16884,0.16039,0.15234,0.14451153313140555,0.13809,0.13205,0.12577,0.12127,0.11592
19-01-2026 11:55,25540.75,0.10867,0.10743,0.10536,0.10369,0.10266,0.10272,0.10312,0.1048236624019538,0.10829,0.11183,0.11655812567734362,0.12165,0.12697,0.13378,0.20767846464410614,0.2002,0.19379,0.18487,0.17745,0.16924550305379016,0.1608,0.1530835632058851,0.1456803807393199,0.13914679536451563,0.1331,0.12732,0.12284,0.11794
19-01-2026 12:00,25527.0,0.10974,0.10841,0.10674,0.10549,0.10385,0.10401,0.10449,0.10618,0.11004,0.11322537123303085,0.11844,0.12351,0.12899,0.13612834849269054,0.2073,0.20016,0.19242,0.18348,0.175836942190604,0.16749549103809913,0.1589807363504311,0.1510553381579056,0.14449,0.13805679783313513,0.13228,0.12672,0.12247992219537164,0.11728
19-01-2026 12:05,25522.1,0.11283693695301157,0.11073,0.10788232597461513,0.10654754927068827,0.10508,0.10500689983820319,0.10558,0.10727,0.11101,0.1139180270218236,0.11914628110139262,0.1243,0.1289231256589296,0.13474221963726554,0.20782,0.19990813943720215,0.1927,0.18434,0.17697,0.16887,0.160838386714831,0.15207372062127697,0.14489,0.13817,0.13251,0.12657,0.12221,0.11694
19-01-2026 12:10,25521.0,0.12433,0.11889,0.11494,0.11236,0.10965128435303761,0.10817,0.10804,0.10903,0.1125,0.11537,0.11986,0.1248,0.13073805754179157,0.13657,0.20775,0.2002774868726826,0.19335,0.18459,0.17717,0.16903,0.16024,0.15184,0.14431,0.13714,0.131,0.1247,0.11998,0.11443
19-01-2026 12:15,25533.2,0.13678,0.12256,0.11838,0.11453,0.11132,0.10931,0.10839,0.10893,0.11202,0.1148,0.11916,0.12362,0.12856,0.13528,0.20755,0.19991395101375903,0.19279,0.18430133250187877,0.17679,0.16855235532644255,0.15986,0.15134,0.14366,0.13692,0.13042,0.12428,0.11911,0.11353
19-01-2026 12:20,25542.4,0.11411,0.10771731221198559,0.10266,0.10198,0.10102,0.10115,0.10161,0.10353,0.10747,0.11081,0.11576040274015781,0.12093,0.12651,0.13326,0.2092432813484665,0.20187,0.1949,0.18591,0.17898,0.1707,0.16207012997986125,0.15342,0.14596,0.13906,0.13334,0.12723,0.12264,0.11781197002606768
19-01-2026 12:25,25526.05,0.11773,0.11337,0.11022,0.10788,0.1059,0.105169123172191,0.10506,0.10649,0.10989,0.11301,0.11802,0.12303,0.12859,0.13579094869192895,0.20791328134852752,0.20069,0.19363,0.18491,0.17726,0.16944,0.16091,0.15195,0.14452,0.13732,0.13175,0.12558,0.12117,0.11557
19-01-2026 12:30,25524.6,0.1156,0.11206,0.10856405802106898,0.10649,0.10471,0.10398,0.10478,0.10605,0.10988,0.11311,0.11825,0.12325,0.12894,0.1361776153585573,0.20828,0.20044921266532478,0.19352,0.18479,0.17714,0.16903739214352165,0.16056,0.15200152927316676,0.14437,0.13743,0.13158,0.12566,0.1212972749875481,0.11576
19-01-2026 12:35,25520.4,0.11317,0.11055080375601473,0.10806,0.10634,0.10473,0.10458,0.10512,0.10677,0.11044,0.11385,0.11905,0.12427,0.12963,0.13648,0.2079,0.20021,0.19313,0.1843660883692881,0.17705798535023964,0.16889,0.16049843551936435,0.15193,0.1447,0.13800538637174223,0.13223,0.12613,0.12208278239482033,0.1169
19-01-2026 12:40,25513.2,0.12541,0.11795,0.11543,0.11233,0.10978,0.10888842401580694,0.10843513767588374,0.10951,0.1127,0.11583,0.12062,0.12569,0.1314932220113139,0.13754,0.2068474605588414,0.19952,0.19169,0.18334,0.17599,0.16763,0.15912,0.14958,0.14208,0.13552,0.12947,0.12357,0.11899,0.11338
19-01-2026 12:45,25525.45,0.11245,0.11086,0.10752,0.10625,0.1046,0.10419,0.1049,0.10643,0.10999168114054296,0.11344150828932813,0.1183,0.12333,0.12925569231371872,0.13545,0.20849,0.20163,0.19299,0.18466,0.17734,0.16901,0.15942,0.15063,0.14358,0.13708,0.13145,0.12577,0.12132,0.11637
19-01-2026 12:50,25519.95,0.13225,0.12577,0.11927,0.11491,0.11157,0.10981,0.10898,0.1096615522692043,0.11256,0.11547,0.12006,0.12495,0.13004,0.137424719005245,0.20691510880279262,0.19944,0.19209,0.18312,0.17553961304826712,0.16716,0.15768,0.14943,0.14178,0.13477,0.12875,0.12287,0.11815,0.11251
19-01-2026 12:55,25545.2,0.11676,0.11437,0.11059,0.10847,0.10618,0.10525379958281784,0.10519,0.10619,0.10941021733994284,0.11253,0.11723,0.12192,0.12727,0.13345,0.21005,0.20256352731778487,0.19547,0.1866482123500692,0.17924,0.17155759320084712,0.16184158035605023,0.15251971325590397,0.14532,0.13843898805793703,0.13208,0.12633,0.12177,0.11708796900661948
19-01-2026 13:00,25548.85,0.10962,0.11163,0.10876465493409854,0.10731,0.10529270256577035,0.10433,0.10439,0.10574768720305729,0.10896,0.11199,0.11668900116088891,0.12166,0.12697,0.133968455626187,0.21235,0.20443192959030593,0.1973683203182083,0.18855,0.18082,0.17245,0.163332239436496,0.15421,0.14696,0.1397596604540418,0.1335,0.1276,0.12278,0.11719
19-01-2026 13:05,25553.0,0.11105,0.1082,0.10615,0.10522,0.10357,0.10325420395151186,0.10356,0.10459,0.10837,0.11157,0.11633,0.12113,0.12647,0.13272,0.21327,0.20541,0.19782,0.18902,0.18215,0.17319,0.16354,0.15452,0.14654477796451354,0.1398,0.13362,0.12765,0.12291,0.1179003936866595
19-01-2026 13:10,25544.5,0.10337,0.10265,0.10198,0.1013,0.10012,0.10054,0.10159,0.1032,0.10731,0.11082,0.1156574836405791,0.12074386157382849,0.12627,0.13267,0.21206450517062647,0.20479311203349498,0.19734,0.18881,0.18155,0.17253,0.16425101367281397,0.1548198286532319,0.14640714062428267,0.13947,0.13366,0.12777,0.12327,0.11802
19-01-2026 13:15,25530.5,0.12054,0.11933,0.11433,0.11157,0.1088,0.10705,0.10678004999587073,0.10769,0.11106,0.11411,0.11878,0.12347,0.12873,0.13503,0.21156,0.20401,0.19485,0.18673,0.17924,0.17003,0.16063,0.1516,0.14386,0.13678,0.1306,0.12447,0.11935,0.11371
19-01-2026 13:20,25540.05,0.11069193202195209,0.10854,0.10606437143497946,0.1046,0.10267,0.10224,0.10289,0.10447,0.1084,0.11177,0.1165,0.12158,0.12702,0.13326,0.21433,0.20503,0.1966,0.18842,0.18086,0.17187,0.16260960922912512,0.15391,0.14603,0.13924,0.13291342849823048,0.12647600689796565,0.122230228491439,0.11691
19-01-2026 13:25,25531.0,0.11509,0.11220874602396468,0.10876455768221835,0.10686,0.10463,0.10398,0.10429,0.10572941753614169,0.10936,0.11284,0.11760830047195543,0.12271,0.12805,0.13470136458976417,0.21303,0.20440142594433003,0.19606,0.18782,0.17992,0.17115,0.16142,0.15289,0.14481,0.13759,0.13151,0.12532,0.12065377681943074,0.11497
19-01-2026 13:30,25535.2,0.12707,0.12045,0.11491,0.11121,0.10838,0.10671,0.1064722815945993,0.10745,0.11038,0.11339097809956135,0.11785,0.12276854802170373,0.12795,0.13362053125650225,0.21217,0.20341,0.19546,0.18734,0.17957,0.17070525175623774,0.16126,0.15263,0.14467,0.1373,0.13107,0.12485614929691366,0.11976,0.11470399535499838
19-01-2026 13:35,25552.1,0.11146,0.11216,0.10796,0.10693,0.10432,0.10337,0.10342,0.1046,0.1082,0.11146,0.11620365039107276,0.1209,0.1273628340006021,0.13269,0.21298,0.20558,0.19688,0.18916,0.18172,0.17305,0.1639676056604729,0.15501,0.14706,0.13943,0.13343,0.1272613461908739,0.12225,0.11648
19-01-2026 13:40,25558.15,0.10084,0.1016217335383484,0.1011036282408337,0.10217,0.10079158624527534,0.10044,0.10172006587865016,0.10289655657341877,0.10605,0.10954,0.11444,0.11938,0.12445,0.1312,0.21455,0.20664,0.19828,0.18984,0.18241,0.17425,0.16413,0.15593,0.14815,0.1405,0.1345657642762458,0.12854,0.12393,0.11829
19-01-2026 13:45,25544.95,0.14487,0.13666,0.12756,0.12228603926399365,0.11614,0.11251,0.11062,0.11052,0.11243,0.11496,0.11903,0.12358,0.12837,0.13501680332293264,0.20948,0.20197,0.19316,0.18546,0.1781,0.16939344675607562,0.16012,0.15118,0.14295,0.1352592435140701,0.12862,0.12181,0.11596,0.1102601574857864
19-01-2026 13:50,25583.5,0.12838,0.12116,0.1158084592004301,0.11228,0.10902,0.1064464482606372,0.10557,0.10556,0.10766,0.11011,0.11430703803275183,0.11876,0.12347,0.12958,0.21282,0.20574915588422862,0.19832,0.18915,0.1820637862897868,0.17343,0.16467,0.15624,0.14823,0.14042,0.13434,0.12716,0.12208,0.11712980575811284
19-01-2026 13:55,25602.3,0.1106,0.1098,0.10677,0.104,0.10268342145356035,0.10159596569249241,0.10152985515449127,0.10181682553106827,0.10419,0.10667,0.1108939933609371,0.11533,0.12046,0.12655,0.2172,0.20913,0.20067,0.19324,0.18519,0.17687,0.16751,0.1588500564567786,0.15025418363997006,0.14258,0.136,0.12898,0.12389,0.11756
19-01-2026 14:00,25605.6,0.12322,0.12280276896348559,0.12019,0.11659,0.11217,0.10884,0.10730979346115073,0.10665248214231712,0.10793,0.10969976864516076,0.11282,0.11712,0.12165,0.12738,0.21757,0.20907,0.20144,0.19325681782530602,0.18558,0.17699,0.16718,0.15838,0.14943952947409117,0.14124,0.13488,0.1275,0.12188,0.11534
19-01-2026 14:05,25625.95,0.12169,0.11189,0.10725020031205665,0.10345,0.10222,0.10043,0.09994,0.09999,0.10203,0.10432,0.10822,0.11282,0.11773,0.12427009444162634,0.21837472875533373,0.21071,0.20395,0.19544,0.18791330816768076,0.17924,0.16971,0.16088735168334717,0.15254,0.14421,0.13787,0.13055,0.12544211140179187,0.11896
19-01-2026 14:10,25615.15,0.10037262355187904,0.09995,0.09965,0.09834,0.09748,0.09712,0.09703,0.0976,0.10044,0.10328223468701309,0.10738,0.11256,0.11777,0.12431,0.22004,0.21226,0.20365,0.19573,0.18818,0.17891,0.16971382872607754,0.16018186854664856,0.15187,0.1439,0.13771,0.13078,0.12572,0.12112184996716537
19-01-2026 14:15,25589.9,0.13766,0.13118,0.12342,0.11812,0.11379,0.11051,0.10828,0.10703,0.10803,0.10946,0.11277,0.11743,0.12249622481964895,0.12803,0.21646793652368637,0.20806,0.20148,0.19248767353368038,0.1849741320315462,0.1762,0.16675,0.1576070875543581,0.14877,0.14064253721021908,0.1342833900790904,0.12657,0.12068,0.1152518499672064
19-01-2026 14:20,25610.85,0.11315,0.11321,0.10957,0.10694,0.10476,0.10277,0.10165685148941703,0.10149,0.10330542981530334,0.10535,0.10893,0.1136,0.11863,0.12504,0.21923,0.21064,0.2033,0.19293,0.18603221449594284,0.17771,0.16863,0.15975516727660471,0.15143,0.14296,0.13683,0.1295,0.1243,0.11837
19-01-2026 14:25,25607.6,0.10579,0.10267,0.10032,0.10001,0.09933,0.09823656840325136,0.0982,0.0986203064075411,0.10089175433524679,0.10301,0.10743,0.11224,0.11779,0.12476466159316493,0.21751,0.21036,0.20254092079899128,0.19334,0.18599,0.17685,0.16782,0.15877,0.15127,0.14339,0.13723,0.13016,0.12514,0.1203071931197246
19-01-2026 14:30,25603.8,0.12084,0.11134,0.10881,0.10532,0.10358,0.10147,0.1003,0.10042,0.1026,0.10453,0.10834,0.1135,0.11882,0.12533,0.21718,0.20826,0.20189,0.19288421900550776,0.18532,0.17680901346225417,0.16768,0.15837,0.15067,0.14246014817726288,0.13621638997484198,0.12894,0.12436532827288219,0.11796
19-01-2026 14:35,25599.55,0.12345,0.12152,0.11567,0.11125,0.10814,0.10541,0.10374733395047954,0.10339,0.10504,0.10679957361692842,0.11035,0.11502501539562214,0.12027394387841069,0.12651,0.21674118309867907,0.20833,0.2015,0.19188,0.18429,0.1760313625175984,0.167,0.15792,0.15039,0.142,0.13561,0.1285,0.12365435653210924,0.11684
19-01-2026 14:40,25614.95,0.1125696459783359,0.10885,0.10565,0.10395,0.10221,0.10078,0.09969,0.09987,0.1021,0.10379,0.10764,0.11244,0.11784,0.1245,0.21837,0.20946,0.2022637013770085,0.19316,0.18627,0.17778812593983437,0.16874,0.1597,0.15185,0.14383724337340498,0.13747,0.13037,0.12507,0.1193
19-01-2026 14:45,25620.55,0.11037,0.10708,0.10642,0.10373,0.10236,0.10072,0.09977051886972077,0.10005,0.10201674734972875,0.10383,0.10731,0.11241,0.1174,0.124,0.21897,0.21063977757723715,0.20335,0.19412777094123018,0.18659,0.17784,0.16933628441625173,0.16058,0.1521154522015378,0.14412,0.13774399408061433,0.1307,0.12563,0.11969
19-01-2026 14:50,25623.15,0.1085,0.11035,0.10789,0.10536,0.10345,0.10166601638783122,0.1008,0.10025,0.10186,0.10386,0.10726,0.11208,0.11747,0.12387,0.22025,0.21127,0.2037900805508715,0.19481,0.18763928878675257,0.17899,0.16996,0.16109197250984944,0.15287,0.14462,0.1383,0.13097,0.12523,0.11984537841402779
19-01-2026 14:55,25624.2,0.10733,0.10551996237674514,0.10314944776899866,0.10127,0.09954,0.09874,0.09781,0.09807,0.1001111065066783,0.10193100546590837,0.10572,0.11066,0.1161,0.123,0.2220537476336219,0.21316,0.20647,0.19636,0.1889,0.17969,0.17101624966423978,0.16236,0.15414,0.14574,0.13925,0.1319,0.12646,0.11994
19-01-2026 15:00,25629.95,0.07571,0.08335,0.08974,0.09084,0.09156030742846177,0.09157,0.092,0.09314,0.09585351099086835,0.09833,0.10272,0.10827333096650663,0.1141,0.12154,0.22197,0.21378,0.2071,0.197,0.19015,0.181624608804226,0.17272,0.16368,0.15576,0.14772,0.14142,0.1343,0.12944685798191907,0.12304
19-01-2026 15:05,25604.15,0.09258,0.09554,0.09658,0.09568,0.09561,0.09500398205755707,0.09489,0.09552,0.09809701445339157,0.10054,0.10469,0.11057,0.11666074667351009,0.12372,0.21802,0.2094296544160436,0.20222,0.19224,0.18469,0.17621,0.16796,0.1595,0.15167,0.14429,0.13815,0.13117,0.12627,0.1205
19-01-2026 15:10,25595.95,0.09948,0.10101,0.10084,0.09878,0.09738,0.09655,0.09617980881635604,0.09673,0.09952,0.1022569652473906,0.10649,0.11201,0.11776,0.12506,0.21773,0.20871,0.20256,0.19245721716968142,0.18448,0.17680957417241208,0.16875,0.16006,0.15216,0.14468,0.13868428441442016,0.13201,0.12721,0.12057
19-01-2026 15:15,25590.9,0.07844,0.0876098152753544,0.0887207025239532,0.09114,0.09153,0.09184,0.09221,0.09384,0.09699,0.10038,0.10519616090183578,0.11103,0.11673,0.12435,0.21822,0.20996,0.20319,0.19338,0.1855189848197709,0.17701,0.16937603609048243,0.1609141881117052,0.15330054690921013,0.14549725089250323,0.1394,0.1332,0.12822,0.12252
19-01-2026 15:20,25561.25,0.0979639868877035,0.09787,0.09795,0.09701,0.09614,0.09589,0.09591091457813387,0.097,0.10062,0.10386,0.10847,0.11473,0.11979624431226536,0.12759466159567578,0.21484,0.20616,0.19979,0.18962,0.18234,0.17327,0.16539,0.1567700772784105,0.14912,0.1416,0.13589,0.12968,0.12511,0.11944
19-01-2026 15:25,25558.3,0.09554,0.09861,0.09696,0.09634,0.09561,0.09436,0.09414940133982679,0.09501,0.09899,0.10247,0.10776,0.11440509206220993,0.12024,0.12882,0.21267,0.20797,0.19916,0.18901,0.18177,0.1733269164214393,0.16546363432901706,0.1576,0.14997,0.14267580151405565,0.13666,0.13105,0.12566,0.12062
20-01-2026 09:15,25559.3,0.10736184951517096,0.10782,0.10653,0.10487380657219265,0.10309,0.1019,0.1017,0.10278,0.10608,0.10934,0.11395159606447922,0.12033325448936337,0.12582267407705028,0.13346,0.21699,0.20797476847434077,0.20063933015758856,0.19015380953024374,0.18281,0.17515,0.16707000891513452,0.15866,0.1514338974212991,0.14448,0.13891,0.13211,0.12705,0.12128
20-01-2026 09:20,25552.55,0.08910660656508944,0.08687,0.08931887481989179,0.09141320172717034,0.09326,0.09455,0.09632480125226409,0.0986,0.10298,0.10721,0.11258,0.11963861008478814,0.1258,0.1345671575159695,0.21361912518173728,0.20639,0.1989885150992054,0.18967,0.18249,0.17475,0.16647,0.15859,0.15205,0.14519255940500372,0.14001,0.13427,0.12977,0.12469
20-01-2026 09:25,25506.85,0.10561,0.10672,0.10525826727129242,0.10338,0.10249,0.10253,0.10265,0.10513,0.10934,0.11327,0.11882,0.1255,0.13235,0.14021,0.2123,0.20320413613433036,0.19446,0.18606,0.17821,0.17054,0.16225,0.1547,0.14799,0.1406,0.13579,0.13023,0.12583041616470536,0.12043
20-01-2026 09:30,25488.8,0.11948,0.11639,0.11324,0.11045,0.10868,0.1072017134547827,0.10704,0.1092,0.11322,0.11691997169116017,0.1223,0.12923787931344258,0.1357,0.14346,0.21217,0.20234690042945114,0.19305,0.18456,0.17625,0.16882,0.16034375573621534,0.15211,0.14485,0.13766,0.13224564795263885,0.12653,0.12177,0.1169
20-01-2026 09:35,25481.8,0.10483666592383559,0.10612,0.10606,0.10502,0.10486,0.10519607565679003,0.10559452836973889,0.10807,0.11262,0.11688,0.12262832945129881,0.12934,0.13647,0.14437,0.21414,0.20424,0.195,0.18618,0.17789,0.16979,0.16114,0.1531275711936326,0.14609,0.13917,0.1344,0.12895,0.12492,0.12093
20-01-2026 09:40,25461.45,0.1239,0.12095,0.1183,0.115,0.11282,0.1114,0.11103,0.11290260907222655,0.11716,0.12100569475756397,0.12657503412487964,0.1328,0.13997133027503716,0.14751,0.21405245033319625,0.20484,0.19571,0.18617606648664495,0.17786,0.1694,0.16066,0.15234,0.14484,0.13754,0.13193,0.12643,0.12207508706541945,0.11715
20-01-2026 09:45,25463.25,0.11886,0.11763,0.11452,0.11260599274582542,0.11093,0.11004,0.10994,0.11251,0.11668,0.12084,0.12634300354552502,0.13327518001439428,0.13976,0.14772,0.21617,0.2068,0.19749,0.18816,0.17992,0.17097,0.16206,0.15357,0.14623,0.13888,0.1335014420764476,0.12791,0.12344,0.11877
20-01-2026 09:50,25462.3,0.10233136217596582,0.10359,0.10437,0.1047,0.10478,0.10524,0.10628,0.10976,0.11486,0.11966,0.12551,0.13248,0.13991,0.14806,0.21566,0.20717,0.19781,0.18820396398640257,0.17986,0.17141,0.16265,0.15482,0.14771,0.14109,0.1362061159306161,0.13128,0.12741,0.12376804152424385
20-01-2026 09:55,25459.95,0.12017,0.11734,0.11509,0.11309,0.11168,0.11066,0.11082,0.11301,0.11729,0.12141,0.12645,0.13352,0.13992,0.1482,0.21354,0.2040960629337738,0.19488,0.18538398924700702,0.17719,0.16798,0.15917,0.15126,0.14375,0.13703,0.1318,0.12653,0.12303865715380588,0.1189
20-01-2026 10:00,25467.2,0.1203534539379854,0.11817,0.11542096683103589,0.11298,0.11161,0.11048281735253937,0.11064,0.11255,0.1166378852786218,0.12051,0.12575136337105194,0.13244,0.13902,0.14695,0.21533,0.20574055761346927,0.19651,0.1877,0.1793,0.17022,0.1615,0.15279,0.14539244973373253,0.13801868844803816,0.13245,0.12718,0.12286,0.11927
20-01-2026 10:05,25465.6,0.12575,0.12217,0.11847,0.1155,0.11323,0.11169,0.11138,0.11299,0.11669,0.12048870831810853,0.12532090898744772,0.13143,0.13808,0.14490396237675945,0.21274,0.20373,0.19436,0.1854,0.17664,0.16787,0.15919,0.15038,0.14302,0.13565,0.1304,0.1248,0.1205,0.11612
20-01-2026 10:10,25484.8,0.1074,0.10682,0.10632,0.10583,0.10569,0.10526,0.10616,0.10868,0.11282,0.11673,0.12245,0.12917,0.13582,0.14469447519732676,0.21481,0.20536,0.19732,0.1883,0.18013,0.17126,0.16273,0.15463,0.14738,0.14062,0.13526,0.13008011096260752,0.12609,0.1220030581685078
20-01-2026 10:15,25468.6,0.12772,0.12327,0.11949,0.11605,0.11314,0.11173,0.11133432288624898,0.11295,0.11646,0.11995,0.12512,0.13155492318118883,0.13793,0.1461,0.21212,0.20321,0.19494558650839233,0.18619,0.17738,0.16858,0.16035,0.15144,0.14432,0.13723,0.1311,0.12532,0.12078,0.11595
20-01-2026 10:20,25485.6,0.11154,0.10884,0.10774,0.10619,0.10572,0.10512493109932937,0.10573,0.10814,0.11221437515389632,0.11595,0.12138,0.12801,0.13389,0.1418,0.21395,0.20507,0.19666,0.18766156096911657,0.17934,0.1703,0.16192,0.15335,0.14566,0.13856,0.13311,0.1275,0.12343,0.11945
20-01-2026 10:25,25487.25,0.10661,0.10795,0.10761,0.10587,0.10469,0.10423,0.1048281379055443,0.10713,0.11101,0.1149,0.12024823582284411,0.12653,0.133299438202653,0.14058,0.21456102171771604,0.20576,0.19731,0.18871,0.17989,0.1711,0.16216,0.15401,0.14591,0.1389193794537491,0.13349,0.12787,0.12410768456434991,0.11984
20-01-2026 10:30,25478.75,0.11189,0.11147,0.10921,0.10773575879441662,0.10666,0.10664977202029009,0.10692092793874691,0.10901,0.11309,0.11659,0.12183,0.12783,0.13375,0.14165,0.21488,0.20559707512072967,0.19698470096154752,0.18781,0.17961,0.17067732075851613,0.16191,0.15362,0.1457913742872713,0.13855,0.13287,0.12723,0.12353,0.1192
20-01-2026 10:35,25473.7,0.12945979070423944,0.12579,0.12109472307067738,0.1168,0.11332,0.11134,0.11109,0.11174193583065165,0.11489,0.11793,0.12257,0.12839,0.13405,0.14165,0.21389,0.20442,0.19551,0.18693,0.17812,0.16921595110365392,0.16038,0.152,0.14354,0.1360717796283433,0.13003,0.12406,0.11976,0.11477
20-01-2026 10:40,25492.55,0.10672,0.1075,0.10644,0.10503,0.10373,0.10351,0.10426176804485575,0.10662,0.11040817904344537,0.11392,0.11913,0.12533,0.13116,0.13874,0.21694,0.20647,0.1980267525921436,0.18906,0.18062,0.1716022311408256,0.16265,0.1537,0.14615,0.13932,0.1333,0.12777,0.12399,0.11969
20-01-2026 10:45,25480.45,0.11358,0.11198,0.11056,0.10835,0.10654,0.10603,0.10659,0.10837963299995106,0.11211,0.1154,0.12067718460811123,0.12682,0.13278510078402314,0.1398,0.21571,0.2057,0.19716,0.18776,0.17897,0.16961,0.161,0.15226,0.14411,0.13716,0.13185,0.12612121269353344,0.12186,0.11749
20-01-2026 10:50,25478.05,0.10456,0.10553690807982931,0.1052,0.10423,0.10371,0.10367,0.1047,0.10718,0.11123,0.11475,0.12041643308829338,0.12687,0.13248,0.14035,0.21647532027002556,0.20685,0.19856,0.1891126374641384,0.18033,0.17134,0.16222,0.15388,0.14507,0.13858,0.133,0.1275,0.12352,0.11934
20-01-2026 10:55,25465.4,0.11001,0.10927296747950023,0.10838626766895412,0.10717,0.10613,0.10588,0.10683,0.1089518224044724,0.11304,0.11638,0.12194,0.12796,0.13420115771290544,0.14169,0.21569,0.20598,0.19799,0.18832,0.17924741260432206,0.17018,0.16098,0.15304104908183153,0.14537203602694532,0.13819861532729338,0.13224752197328432,0.12627,0.12217,0.11789
20-01-2026 11:00,25459.55,0.10868,0.10823896724337706,0.10691,0.10551,0.10506,0.10499,0.10609,0.10852,0.11267,0.1165,0.12191,0.1283,0.13487,0.14197,0.21490000814404245,0.2054,0.1968206877695744,0.18736,0.17861,0.16953,0.16059183046279865,0.15227,0.14379,0.13738,0.1317,0.12624,0.12208,0.11829
20-01-2026 11:05,25453.55,0.11082,0.10903,0.10737948155684318,0.1057071851801138,0.10513,0.10492,0.1061667070349097,0.10871,0.11321,0.11702,0.12277,0.12954373525241705,0.13604,0.14342,0.21486572242969307,0.20524,0.19601,0.18708,0.17858,0.16914,0.16012573913729208,0.15103274997362753,0.14305,0.1366,0.13097,0.12559,0.12122,0.11696
20-01-2026 11:10,25452.35,0.11218478122421927,0.11093,0.1091,0.10713,0.10604330557645841,0.10565,0.10673,0.10914,0.11382,0.11773,0.12347,0.13009,0.1366,0.14428,0.21249,0.20293,0.19392,0.18522,0.17663,0.1674,0.15857,0.15020950496817825,0.14242,0.13592,0.13029,0.12486049745791628,0.1209,0.1166
20-01-2026 11:15,25445.65,0.12009,0.11524127112258588,0.11068,0.10879,0.10733784977594002,0.10679,0.10767,0.11018,0.11439,0.11865,0.12418,0.13069,0.13729,0.1449,0.21202863949448922,0.20226,0.19364,0.18416,0.17559,0.16626068145175305,0.15732,0.14903,0.14108,0.1344329171503687,0.12892,0.12356,0.119466157393953,0.11507
20-01-2026 11:20,25449.95,0.11642,0.11418,0.11154,0.10934,0.10777,0.10718570294480691,0.10791,0.11005,0.11411,0.11805,0.12375422914585495,0.13031,0.13678,0.14464,0.21234,0.20231,0.19334,0.18431,0.17548,0.16635,0.15739,0.1490276969351219,0.14115,0.13428,0.12837,0.12298,0.11879,0.11461
20-01-2026 11:25,25447.1,0.12414244770597395,0.12100475293972578,0.11703,0.1135,0.11081,0.10937791276879529,0.10955,0.11127,0.11507,0.11875394286667978,0.12429,0.13025,0.13698,0.14503,0.21107,0.20205,0.19304606481824094,0.18367,0.17454,0.16549007456323192,0.15634,0.14866,0.14012,0.13309,0.12699,0.12120659279772793,0.11676,0.11183
20-01-2026 11:30,25458.7,0.11427126531795447,0.11182,0.10942,0.1076,0.10639,0.10614805977016607,0.1065620679552447,0.10885,0.11318973553430796,0.1172,0.12297,0.12923,0.13594,0.14388,0.21286,0.20387685114909845,0.1952,0.18574,0.17703505422377502,0.16773,0.15875,0.15054,0.14234,0.13524,0.12935,0.12382693731361781,0.11971,0.11532
20-01-2026 11:35,25466.4,0.11355,0.11138,0.10887,0.10647,0.1051,0.10478,0.10551,0.10775116628754651,0.11214,0.11609,0.12192,0.12851620269632105,0.1352,0.14326257700387351,0.2133203046354435,0.20421,0.19568,0.18664,0.17681,0.1678,0.15921,0.15068,0.1423,0.13516,0.12912,0.12373,0.11943,0.11498
20-01-2026 11:40,25461.5,0.12097,0.11642866140939778,0.112,0.10852,0.10679,0.10562,0.1063,0.1084,0.11251,0.11636,0.12252,0.12877,0.13566,0.14361,0.21189568925102087,0.20279,0.19414278783807537,0.18483335292111813,0.17596,0.16727,0.1579,0.14947,0.14098,0.1336103626785184,0.12775030047563782,0.12192,0.11721,0.11279541479523895
20-01-2026 11:45,25463.2,0.12048,0.11557,0.11228,0.10909,0.10699618753424418,0.10589,0.10640377884393312,0.10853021437632888,0.1132033285171262,0.11682,0.12256,0.12889,0.13567,0.14366,0.21245,0.2034855704359843,0.19501,0.18563,0.17653,0.16721,0.15814,0.14953345585814345,0.14123,0.13391,0.12791,0.12175,0.11723,0.11238
20-01-2026 11:50,25474.5,0.11774,0.11478,0.11103308737261454,0.10766,0.10586,0.10460689023864701,0.10512,0.10724,0.11143,0.11565,0.12162,0.1283547101628398,0.1352,0.14297,0.21369,0.20379,0.19501,0.18616,0.17707355813189465,0.16797,0.159,0.15025,0.1420312940863578,0.1342633183311665,0.12763,0.12168283967368085,0.11707,0.11218
20-01-2026 11:55,25481.0,0.10771,0.103,0.10276,0.10132,0.10055,0.10028,0.10179639679138763,0.10480868489715103,0.10935,0.11412,0.12074,0.1275,0.13459,0.14305,0.2158096977279831,0.2060266315906386,0.19745983010584287,0.18800600914002294,0.17896,0.16935,0.16058,0.15217,0.14355,0.13664,0.13013,0.12432,0.12024,0.11575
20-01-2026 12:00,25467.5,0.09915,0.09916,0.09962,0.09945,0.09935,0.09996,0.10187404162009461,0.10494610090275128,0.10965,0.11489,0.12143,0.12857,0.13616,0.14475,0.21431969772759543,0.20503,0.19685,0.18735,0.1778,0.1687,0.15987437878313385,0.15162,0.14359177817341495,0.13625535787502346,0.13011,0.1244,0.12066,0.11678
20-01-2026 12:05,25450.2,0.09507,0.09683,0.09809,0.09795,0.09876,0.09977,0.10199736380475788,0.1057,0.1111,0.11635,0.12323,0.13027,0.13801,0.14649,0.21282,0.20368,0.1954,0.18582,0.17652,0.16785,0.1592,0.15096,0.14268,0.1357128140756399,0.12987,0.12465002535819772,0.1211,0.11695
20-01-2026 12:10,25433.1,0.1132,0.11044,0.10853,0.10653,0.10577,0.10538,0.1068,0.10975,0.1145,0.11952,0.12627,0.13302,0.14059,0.14884,0.213,0.20233,0.19356,0.1843,0.17503711433012029,0.16616,0.15694,0.14921170568769077,0.14142198213686624,0.1347013562866491,0.1283487651260827,0.12192123190826501,0.11718,0.11337
20-01-2026 12:15,25439.15,0.10619,0.10565,0.1047601438783754,0.10336,0.10326,0.10351,0.10532,0.10852,0.11348,0.11845,0.12495,0.13179,0.1390779333084794,0.14682,0.2137,0.20348,0.19506,0.18538,0.17628,0.16702276952623504,0.1577,0.14944646489666985,0.14148,0.13493,0.12875,0.1233,0.1181726351194698,0.11306294292954698
20-01-2026 12:20,25436.4,0.10653513389289378,0.10538617303720814,0.10402,0.10292,0.10264,0.10319232610563173,0.1053769360080294,0.10835477549765293,0.11297,0.11805,0.12472,0.13187,0.13929,0.14763,0.21345,0.20300942624212484,0.1944560554553913,0.1846225576379765,0.17538,0.16608,0.15717,0.14894,0.14065,0.13405,0.12774,0.12213,0.1182,0.11411
20-01-2026 12:25,25423.6,0.1208,0.11588,0.11273,0.1099,0.10793,0.10703968724046259,0.10829,0.11071,0.11532187893975729,0.12048,0.12691,0.13422,0.14152,0.14968,0.2114674004385119,0.20144,0.19343,0.18337,0.17426,0.16461,0.15543,0.14757,0.13902,0.13232,0.12569,0.11981,0.11431711714882177,0.10854682737567903
20-01-2026 12:30,25431.55,0.10947,0.10734695691681166,0.10553,0.10408,0.10356,0.10387,0.10576,0.1087,0.1137658590589484,0.11914,0.12623,0.13368,0.14167,0.15026,0.2132712180509013,0.20250359904021087,0.19397,0.1843,0.17522,0.16558,0.1569,0.1486,0.14075,0.13438,0.12794,0.1214856107116215,0.11544711714881097,0.10911682737568942
20-01-2026 12:35,25423.05,0.11435267923617973,0.11162,0.10934,0.10734638202423648,0.10628,0.10629390302700993,0.10779043910290668,0.11054,0.11542,0.12063,0.1270434707412117,0.13448349805922685,0.1426,0.15113,0.21128288471721632,0.20148,0.19346,0.18374,0.1745092625897331,0.1649,0.15614,0.14836,0.14033,0.13389,0.12714,0.12128,0.1170812294572199,0.11297
20-01-2026 12:40,25423.5,0.10643,0.10618,0.10558551213745535,0.10452,0.10418,0.1047,0.10697,0.11016,0.11521,0.12074582612398954,0.12754,0.13497,0.14277,0.15133,0.2106438370982555,0.20113,0.1930390725451118,0.18383,0.17468,0.16537952421713914,0.15647,0.14846,0.140660074542885,0.13422698428520988,0.12806,0.12269,0.11854,0.11481
20-01-2026 12:45,25416.4,0.11852,0.11428,0.11149,0.10896,0.10773,0.10729,0.10892,0.11188,0.1167,0.12145,0.12829,0.13531,0.14295,0.1516,0.20956288471721038,0.19996,0.19164,0.18237,0.17329,0.1644209687081521,0.15509394965450835,0.14701,0.13937,0.13277,0.12663,0.12093,0.11667,0.11318573164014077
20-01-2026 12:50,25426.5,0.11311,0.11122,0.10906,0.10681,0.105949447711783,0.10587,0.10744,0.11062,0.11512402874981884,0.11979,0.12630429760022485,0.13337,0.14056,0.14862,0.21124,0.202,0.1928,0.18391,0.17481905057547018,0.16542,0.15643,0.14851,0.14039,0.13381,0.12721,0.12141,0.1171,0.11314
20-01-2026 12:55,25428.95,0.1147,0.11217,0.1095202358715388,0.10689,0.10592,0.10607,0.10751,0.11028,0.11486,0.11946,0.1261,0.13324,0.14029,0.14881,0.21106,0.20141,0.19312,0.18387,0.17481,0.1652,0.15629,0.14784,0.13991,0.13364,0.12696,0.12119390761949024,0.11649,0.11241
20-01-2026 13:00,25428.55,0.11009,0.10856,0.1069,0.10542,0.1045,0.10516,0.10692530799547523,0.11007402730048717,0.11462,0.11955,0.12619,0.13349,0.14096154628782703,0.14912,0.21205,0.20261194061567236,0.1943,0.18527,0.17612695100779246,0.16656,0.15769,0.14962,0.14138,0.13494,0.12799,0.12204,0.11751,0.11376265467479604
20-01-2026 13:05,25423.7,0.11124,0.10884381521351635,0.1070369607869298,0.10539,0.10460327005061638,0.1048,0.10666,0.1096,0.11432,0.11944,0.12623,0.13368,0.14102,0.1499790272229184,0.21158,0.20228,0.19419,0.18511,0.17593277693759019,0.16629,0.15714,0.14924,0.14094,0.13456,0.12772,0.12189246502709829,0.11728,0.11361
20-01-2026 13:10,25424.7,0.1078,0.10677,0.10565,0.10431,0.10396,0.1043,0.10644,0.10939,0.1143599777988546,0.11943,0.12599,0.13342,0.14111616524475626,0.14945,0.21222,0.20243,0.1940560082882809,0.18492,0.17599,0.16618,0.15752725164078116,0.14959,0.14143,0.13471318050173398,0.12811,0.12231,0.11824702468657883,0.11415
20-01-2026 13:15,25413.05,0.11755630521298037,0.11396,0.11111,0.10903,0.1073,0.10742,0.10895,0.11184,0.116517437241824,0.12138,0.12790304329713087,0.13515,0.14205,0.15068,0.2115,0.20196743901037573,0.19348,0.18399,0.17438,0.16511,0.15615,0.14777,0.13981530131874534,0.13339,0.12652,0.12068703740942338,0.11654463873201998,0.11188
20-01-2026 13:20,25432.95,0.10549,0.10521,0.10463,0.10332,0.10306,0.10374269599677544,0.10583,0.10895,0.11362,0.11841332889049351,0.12507207284682642,0.13176,0.13839,0.14622,0.21272,0.20298,0.19458,0.18595,0.176687946276923,0.16723,0.15861,0.15051,0.14257560158600027,0.13619,0.12938,0.12385,0.11980004279831441,0.11571
20-01-2026 13:25,25422.0,0.11166,0.11031,0.10826,0.10659,0.10591,0.10591,0.107553963842731,0.11048,0.11505,0.11937,0.12564,0.13239,0.13918,0.14686,0.21180326976717162,0.20228,0.1938,0.18479611921813008,0.17549,0.16598,0.15731,0.14858,0.14068,0.13409064621023428,0.12769,0.12213,0.11805973629890026,0.1139
20-01-2026 13:30,25415.05,0.10348,0.10326,0.10286,0.10234,0.10244,0.10378,0.10643,0.10968,0.11480024395080018,0.11975,0.12607,0.13332,0.14008,0.14774,0.21187,0.20201,0.19422,0.1848416228642363,0.17533,0.16572,0.15696,0.14927,0.14108,0.13473566247207638,0.12852,0.12322456818878849,0.11927,0.11595
20-01-2026 13:35,25392.3,0.10629,0.10578,0.10436,0.10439,0.10435,0.10572,0.10846805259331276,0.11231,0.11748,0.12272,0.12934,0.13666,0.14399,0.15221,0.21263,0.20288,0.19494,0.18565,0.1764,0.1668,0.15868,0.15101,0.14296,0.13658,0.13079,0.12511,0.12114,0.118813924098315
20-01-2026 13:40,25365.4,0.1195,0.11614,0.11303,0.11111,0.10982,0.11059,0.11295,0.11636,0.12121,0.1265,0.13288,0.14036,0.14718,0.15527,0.21185523443581794,0.20149,0.19393,0.18288,0.17352,0.16381,0.15514,0.14686,0.13905842822595169,0.13282,0.1262,0.12081,0.1167614255110089,0.11217
20-01-2026 13:45,25372.15,0.11362,0.11193,0.10892,0.10755,0.10657,0.10757,0.11044,0.11415,0.11937,0.12474,0.13185,0.13917,0.14658,0.15474,0.21139,0.20267,0.19435575489373164,0.18461,0.17568,0.16583,0.15737814662156202,0.14928,0.14163252122551803,0.13548,0.12896,0.12333,0.1187,0.11453
20-01-2026 13:50,25364.1,0.11784059767504795,0.11542,0.11236278965307882,0.11015,0.10898,0.10929,0.11172,0.1156,0.1207687596590238,0.12618517129614135,0.13298,0.14043,0.14763,0.15575,0.21097,0.20219,0.19352962873093943,0.18316719349525823,0.17436388003158246,0.165006617868588,0.15701,0.1484810290815399,0.14016,0.13401,0.12738,0.12171,0.11726,0.11303
20-01-2026 13:55,25368.4,0.11865559767506506,0.11596,0.11256532716734817,0.11014,0.10894730067244462,0.10947,0.11184,0.11536,0.12047,0.12582,0.13258,0.13973,0.14713,0.15527,0.21065,0.20234,0.19506,0.18455,0.17557,0.16568,0.1572015172060207,0.14869,0.14079,0.13478,0.12791,0.1224,0.11736,0.11303
20-01-2026 14:00,25369.7,0.11487559767493105,0.11201,0.10893,0.10744,0.10673,0.10818,0.11086,0.11473,0.12021,0.1255118559430205,0.13214,0.1396,0.1468,0.15515,0.21334,0.20365,0.1959,0.1862260655784226,0.17656242046199902,0.16678,0.15798,0.14922,0.14073,0.13489,0.12891858594674066,0.12302794456280422,0.11774572538613727,0.11254114518679655
20-01-2026 14:05,25359.55,0.11369559767495441,0.11154,0.10917,0.10798,0.10734,0.10897,0.11175,0.11592,0.12161,0.12701987481804944,0.13384,0.1413,0.1492014101923549,0.15808,0.21296052193062198,0.20364,0.19509,0.18532,0.17684,0.16732,0.1586,0.14999,0.14228,0.13639,0.12966,0.12411,0.11977,0.11642079345916868
20-01-2026 14:10,25355.15,0.1183,0.11485,0.11245,0.11089639067672971,0.11,0.11118192379249188,0.11373,0.11751,0.12316,0.12830779769237532,0.13493950735607782,0.14275231279449457,0.15054,0.15889,0.21223,0.20319,0.19497518696364743,0.18513,0.1764887118036046,0.16724,0.15862,0.1502191640435954,0.14221,0.13597,0.12932,0.12349521404876874,0.11927626316203736,0.11436
20-01-2026 14:15,25366.45,0.11168360322249407,0.11021,0.10853509154778106,0.10745,0.10704,0.10866,0.11137,0.11521,0.12100717737915699,0.12634,0.13298,0.14056153336556548,0.14814,0.15703504129389206,0.21042359235892324,0.20194,0.19271,0.18404517635733372,0.17576,0.16672,0.15844,0.15069377455504177,0.14275280487359143,0.13675,0.13014,0.12487495421128848,0.12065,0.11665
20-01-2026 14:20,25356.3,0.12201,0.11807,0.11505344736995742,0.11293,0.11176,0.11244322563472546,0.1147,0.11805,0.12277,0.12807,0.13424,0.14166,0.14925,0.15844456510329213,0.21,0.20085,0.1926,0.18335,0.17458,0.16573,0.15718,0.14903,0.14153,0.13538,0.12847,0.12274,0.11845,0.11392
20-01-2026 14:25,25378.65,0.12105,0.117,0.1135351785915029,0.11102,0.10963,0.11063,0.11258,0.1160205500892485,0.121,0.12604,0.13239,0.13931,0.14648,0.15474,0.21293,0.2034,0.19521,0.18604817155026496,0.17705,0.1674,0.15813,0.14975,0.14172232203660012,0.13547,0.12861,0.12265,0.11805,0.11323
20-01-2026 14:30,25385.8,0.11073,0.10874,0.10686474972546232,0.10583621018819032,0.10555,0.10716,0.10965386189296945,0.11346,0.11850171077094783,0.12355,0.13016,0.13685,0.14384138933235424,0.15173757062676804,0.21419,0.20425,0.19609612400455725,0.18659,0.17846,0.169,0.16006,0.15221,0.14446383522832246,0.13853,0.1319,0.12654,0.12214,0.11784
20-01-2026 14:35,25374.45,0.10874,0.10747,0.10589,0.10523,0.10508688747961231,0.10647,0.10924,0.11288,0.11822695390583758,0.1233,0.12981,0.1370250448547663,0.14366,0.1516,0.21543,0.20562,0.19772,0.18902,0.17987,0.1709,0.16238,0.15404,0.14631477280877941,0.14024,0.13360131308420256,0.12795,0.12368,0.11927
20-01-2026 14:40,25356.7,0.1111420278760663,0.10881,0.10683,0.1063496898573295,0.10637,0.1082,0.11121,0.11492,0.12054,0.12572,0.13238,0.1394,0.14656,0.15455,0.21718831791827883,0.20743,0.19928,0.18959,0.18121,0.17213,0.16356,0.1549,0.1474,0.14077,0.13453,0.12876,0.12406,0.11977
20-01-2026 14:45,25345.55,0.11529,0.11294,0.11041,0.10929298799647323,0.10864,0.10987,0.11265,0.11615,0.12160908282732846,0.12716234954160394,0.13376,0.14068,0.14752,0.15514,0.21677,0.20717,0.19801,0.1883,0.17987,0.16997,0.16096,0.15256,0.1447308251439733,0.13852,0.13195,0.12642,0.12178,0.11732
20-01-2026 14:50,25348.5,0.10425,0.10393,0.10305,0.10306181936221502,0.10348,0.10534,0.10893,0.11320338377271744,0.11893,0.12412,0.1315,0.13842,0.14581,0.1543,0.21856,0.20883,0.19958708983111728,0.18946,0.18060970415299724,0.17097,0.16189,0.153,0.14558,0.1391,0.13254,0.12706773635749138,0.12282,0.11852768968087647
20-01-2026 14:55,25335.5,0.09571,0.09742,0.09848,0.09992,0.101,0.10445,0.10817,0.1129,0.11911607185714178,0.12474,0.13244,0.13951,0.14673,0.15479,0.21849,0.2083661126387835,0.19966656847399145,0.18952414809623133,0.18023,0.16993,0.16071,0.15238,0.14526,0.13876,0.13306,0.12801,0.12455,0.12171
20-01-2026 15:00,25288.25,0.1044,0.10407,0.10406,0.10487,0.10649861049159862,0.10966,0.1139,0.11894,0.1255,0.1315347409311173,0.13929832139659662,0.14653,0.15438637078586268,0.16265,0.2131,0.20251,0.19301,0.18224,0.17393,0.1639,0.15496,0.14722,0.14049,0.13464,0.12897884681810523,0.12433,0.12107,0.11819
20-01-2026 15:05,25289.95,0.09740026274255778,0.09853,0.09973,0.10149,0.10418,0.1078,0.11255,0.11733,0.12391,0.12995493440236464,0.13772040521983978,0.14491,0.15284,0.16084,0.21652,0.2058725612135947,0.19639,0.18535,0.17685,0.16723599456590732,0.15847,0.15071,0.14413,0.13867,0.1335,0.12859,0.1260899752169876,0.12319
20-01-2026 15:10,25245.35,0.09945,0.10120954940896282,0.10265245475652575,0.10516,0.1089,0.11311,0.11855,0.1240583712151489,0.13062,0.13679165427153497,0.1442,0.15119,0.15931,0.16759,0.21653,0.2042,0.19461,0.18401,0.17462,0.16560947682582905,0.1576,0.15086,0.14497,0.14046,0.13613,0.13301,0.13092,0.13020156741347966
20-01-2026 15:15,25238.75,0.10515,0.10596,0.10699,0.10871,0.11216,0.11597318161923627,0.12091,0.1260474934624723,0.1332091785073792,0.13918,0.14648654387690174,0.15373,0.16161,0.16897,0.22738,0.21506,0.20426074785288986,0.19277,0.18245960510787776,0.17182,0.16316,0.1551230033571461,0.14824,0.14265,0.13738661582512962,0.13321,0.12921541890849156,0.12514156741354332
20-01-2026 15:20,25191.85,0.12125,0.11886,0.11737,0.1180093875801649,0.11975,0.12250617609654742,0.12685,0.13185,0.13761,0.14411,0.15051,0.15709,0.16451175680614405,0.17198,0.22036549795406618,0.20918,0.20017,0.18901,0.1790751230505783,0.16855,0.15906,0.15045761276880296,0.14289,0.13612,0.13026,0.12498,0.12099,0.11734
20-01-2026 15:25,25185.2,0.13628065338262266,0.13321856533809667,0.1297,0.12673,0.12581,0.12786,0.12951,0.13379631466093123,0.13935,0.14396,0.15066056016716664,0.15751,0.16495,0.17189,0.21988216462075943,0.2088,0.19656,0.18717,0.17528,0.16647,0.15823,0.15255,0.14239,0.1339,0.12805,0.12057,0.11524,0.11105170995675712
21-01-2026 09:15,25171.75,0.15949881811935496,0.15294,0.14646111043949092,0.14119,0.13853,0.13825,0.1395,0.14265016292781219,0.14727,0.15271,0.15900306225289149,0.16575,0.17272,0.18004,0.22163,0.21205,0.20214,0.19239,0.18253,0.17277,0.16299,0.15324,0.14406,0.13532,0.12661,0.11838,0.11024,0.10135
21-01-2026 09:20,25204.0,0.14489,0.13684,0.13149,0.12897,0.12792,0.12825,0.13111,0.13522,0.14083,0.14681,0.15371,0.16135,0.16841,0.17651,0.22981,0.2191072669230358,0.20887,0.19878,0.18866,0.1785678773100806,0.1682988374894734,0.15893,0.14964,0.14123,0.13293,0.12507,0.11766,0.11031
21-01-2026 09:25,25249.5,0.11239,0.11088698633937501,0.10841,0.1092,0.11058643907311433,0.11359,0.11808798376098924,0.124,0.13056,0.1378,0.14569,0.15395,0.16214,0.16992,0.23932,0.22872,0.21878582083143944,0.20844,0.19844,0.18841149052033124,0.1780961945995472,0.16883,0.15985,0.15212,0.14385,0.13775,0.1322,0.1272686001740698
21-01-2026 09:30,25231.8,0.13669,0.1304571947682244,0.12412,0.12087,0.12038,0.12136431250609629,0.12475,0.12956,0.13608,0.14246,0.15005,0.15783,0.16532,0.17285,0.23610313430203825,0.22488407493349483,0.21491626057547525,0.20422,0.19388,0.18338,0.17282512335883385,0.16297,0.15255,0.14322,0.13429,0.12583,0.11875,0.11057
21-01-2026 09:35,25229.95,0.11020297159924285,0.1095207406322198,0.10846,0.10857,0.11034947916628535,0.11357,0.11819,0.12409,0.1309,0.13852,0.146927029162817,0.1555,0.16438,0.17241,0.2393,0.2280659658003077,0.21739,0.20703,0.19684770436772184,0.18647,0.1758,0.16575,0.15633,0.14788,0.13944,0.13261,0.12591,0.12057
21-01-2026 09:40,25195.85,0.12934395809402888,0.12386,0.12034,0.11914,0.11944,0.12178,0.12572,0.13112721466413857,0.13744,0.14442,0.15206,0.15995563728649867,0.16790899298185877,0.17625,0.23126,0.22039,0.20921,0.19894,0.18912,0.17868,0.16798689876015677,0.15788,0.14814,0.13936,0.13038,0.12255,0.11511,0.10827335773433286
21-01-2026 09:45,25195.8,0.12773395809402943,0.12241,0.11905,0.11758,0.11856966931490259,0.12115,0.12508,0.13066,0.1370203760165177,0.14369,0.15164,0.15969780389134539,0.16779,0.17631,0.23048119052563962,0.21955,0.20885,0.19851668434890798,0.18822,0.17803,0.16765647156427993,0.15791,0.14843,0.1399,0.1314,0.12326,0.11657,0.10994
21-01-2026 09:50,25185.15,0.12236,0.11795,0.11613148104061566,0.11528,0.11660003475962238,0.11966,0.12412301178587477,0.1304,0.13697,0.14439,0.15238,0.16083,0.16916,0.17729,0.22539,0.21541,0.20434,0.19499,0.18528,0.17565,0.16525,0.15601,0.1469,0.138537918781752,0.13028,0.12291391656549111,0.11641,0.11009
21-01-2026 09:55,25177.9,0.11379,0.11152,0.11105666352907591,0.11141,0.11346,0.11718,0.12215,0.1284,0.13536454150606206,0.142749701115771,0.15187581424096405,0.16066,0.16945,0.17796953929159068,0.22504,0.21521,0.20467,0.19503284120641382,0.1858370275351764,0.17627,0.16649619563144372,0.1575,0.14867,0.14081,0.13328184026600096,0.12667,0.12103,0.1157
21-01-2026 10:00,25151.55,0.12546,0.12240265590963469,0.11970565540378175,0.11892,0.11961,0.12284,0.12739,0.13308,0.13961,0.14673,0.15487,0.16346,0.17209,0.18132049167244682,0.22193,0.21176,0.20152774466966195,0.19167,0.18148,0.1718,0.16211,0.15239,0.14399,0.13558,0.12784,0.12142,0.11518910901050221,0.10876
21-01-2026 10:05,25168.3,0.11903361688198748,0.11538,0.11423,0.11445,0.11623215643265905,0.12014589317716685,0.12511019574195525,0.13075,0.13746,0.14494,0.15349,0.16138,0.16973,0.17714,0.22286,0.21264,0.20243,0.19279,0.18268,0.17313,0.16324,0.1546,0.1458,0.13816,0.13112,0.12476,0.11912,0.11439
21-01-2026 10:10,25142.55,0.12749,0.12315,0.12023,0.12039,0.12189,0.12482,0.12969272807423404,0.13563,0.14202,0.1494639522483695,0.15767,0.16529,0.17225,0.18029,0.21797,0.20761,0.1974829143646851,0.18776,0.17788,0.16848,0.15882731034256786,0.14989,0.14065,0.13289,0.12515,0.11804,0.11153,0.10527
21-01-2026 10:15,25145.8,0.12333,0.11947,0.1175,0.11752350175682842,0.11928,0.12282,0.12764,0.13377,0.1409,0.14848237780683038,0.15653,0.16493,0.1719,0.17995,0.22032,0.21,0.1997326183837352,0.18993,0.17991722144842737,0.17012,0.16051,0.1516768093267708,0.14240680404810913,0.13445,0.12696,0.1204,0.11402,0.1085
21-01-2026 10:20,25143.35,0.1079,0.10745,0.1083,0.11044,0.11423,0.11910596249646718,0.1254,0.13227,0.14021,0.14801,0.15664,0.16499,0.17225,0.18071,0.22032,0.21089,0.20145,0.19248,0.18309,0.17442,0.16525,0.15763,0.14974,0.14271,0.13565,0.13077,0.12584,0.12255
21-01-2026 10:25,25100.4,0.12159,0.11908,0.11899,0.1201,0.12283,0.12680354415926362,0.13228,0.13878,0.14571,0.15384,0.1622460043498827,0.17048,0.17831,0.18593,0.21872,0.2089,0.19884,0.18907,0.17952,0.1701164439775043,0.16056,0.15206,0.1438,0.13602,0.12931,0.12317,0.11792890145290612,0.11316
21-01-2026 10:30,25093.35,0.1226883446725614,0.12031,0.11937,0.12075,0.12372,0.1282,0.13354,0.14005157506202018,0.14693,0.15483,0.16325,0.17129810401097628,0.1784647271963232,0.18642,0.21712,0.2065,0.19696,0.18695,0.17737638411154208,0.1679,0.1584,0.14965,0.1415,0.13396815951248445,0.12674894677042534,0.12053,0.11435,0.10948
21-01-2026 10:35,25094.5,0.11848,0.1171,0.11731,0.1193357744025472,0.12286736534434957,0.12727,0.1325095367242388,0.13961037842549054,0.147,0.15472,0.16342,0.17133,0.17914,0.18757,0.2166,0.20606,0.19642,0.18667,0.17674,0.16751,0.15835247158261714,0.15015,0.14241,0.13525,0.12902,0.12337,0.11888,0.11549332207155508
21-01-2026 10:40,25076.8,0.11119198634748778,0.1126,0.11532781471203887,0.11919,0.12378,0.12957,0.13582,0.14283,0.14989,0.15783,0.16683,0.17532404233864857,0.18316,0.19098,0.21921,0.21009,0.20117,0.19196,0.18356641051570557,0.1754,0.16699,0.16,0.15276,0.14706,0.1419872498132748,0.13814,0.13602,0.13435
21-01-2026 10:45,25011.65,0.12991,0.12886,0.12996,0.13271,0.13656,0.14146140703646906,0.1476,0.15431,0.16135,0.16871,0.17751,0.18442,0.19259985645375266,0.20053685615809688,0.2134,0.20348,0.19441,0.18465,0.17497,0.1664,0.15781,0.14998,0.14243,0.13580938890316774,0.129657670482294,0.1243,0.11945,0.11484
21-01-2026 10:50,25009.05,0.1201,0.12206,0.12546025457887175,0.1298,0.13479,0.14050738100027174,0.14727,0.15449858901663177,0.16232,0.16956,0.17816,0.18631,0.1940866135022209,0.20172,0.22256,0.21319,0.20412,0.19480807118875262,0.18603,0.1781565250127186,0.16962437963014126,0.16240667483393822,0.15621,0.1511,0.1474,0.14463,0.14192,0.14173
21-01-2026 10:55,24957.3,0.14328,0.1421896553299642,0.14171,0.14384,0.14722,0.1518,0.157,0.16313605627035216,0.16965,0.17684,0.1847994734643998,0.19209,0.19924,0.20689,0.22052,0.21047663086155527,0.20088,0.19093,0.18127,0.17231866909392,0.16314,0.1544,0.14602,0.13843,0.13070091018731708,0.1235,0.11612557633275672,0.10975771804453364
21-01-2026 11:00,24996.3,0.1347,0.13476855388649467,0.13532,0.13812,0.14231,0.14755,0.15363,0.16007,0.16697,0.17401,0.18197,0.18865,0.19583,0.20379,0.22455,0.21423,0.2040957256562636,0.19389,0.18403,0.17527917091470033,0.16654,0.15824,0.15051172716130023,0.14372,0.13748076774924065,0.13204,0.12724,0.12359937692751087
21-01-2026 11:05,24985.75,0.13916397060073396,0.13763,0.13894,0.14137,0.1458,0.15085,0.1568,0.16288,0.16942,0.17636,0.18417,0.19065,0.19721,0.20514,0.2196,0.20915,0.19859326524823911,0.18793478935474237,0.17801,0.16867,0.159713527951292,0.15128,0.14394,0.13636,0.12993,0.12302,0.11789112903146343,0.11277
21-01-2026 11:10,25017.2,0.14025397060071046,0.13950232440230953,0.14029,0.1410089659462088,0.14317,0.14704,0.15151,0.15717019931597268,0.16355,0.1702428350422613,0.1778,0.18489,0.1916,0.19977,0.22119,0.21052,0.20085,0.19069,0.18073,0.17053,0.1613,0.15209,0.1432,0.13358,0.1254396635681981,0.11749,0.11042,0.10185
21-01-2026 11:15,25046.1,0.14397,0.14016,0.13939106464546286,0.13908,0.14103,0.14436,0.14881,0.15391,0.15965,0.16606,0.17377,0.18004,0.18735,0.1947,0.22158,0.21124,0.20104,0.19101,0.18117,0.17147608186468385,0.16191,0.15273,0.14403,0.13539,0.12731,0.12038,0.11276,0.10639644082215902
21-01-2026 11:20,25060.3,0.13169,0.12981,0.1297,0.13102,0.13391,0.13809,0.14346546302361982,0.14952,0.15591420764804018,0.1628156254071282,0.17068,0.17767,0.18455775429956747,0.1924068215185265,0.22501,0.21545101689374005,0.20584,0.19596,0.18562,0.17611,0.16717,0.1585,0.14967,0.14173,0.13515,0.12908,0.12283,0.11697
21-01-2026 11:25,25041.3,0.12924,0.12753,0.12769,0.12964,0.13366,0.13824,0.14359,0.14983,0.15679,0.16395,0.17192,0.1789,0.18698,0.19456,0.22775,0.21815,0.20868,0.19892,0.18899,0.17966,0.17054,0.1622,0.1541860944153528,0.14682,0.13968108300942964,0.13311,0.12778,0.123
21-01-2026 11:30,25041.05,0.13283,0.13058,0.13102542398031267,0.13195,0.13501,0.13941,0.14466215379359507,0.15084,0.15772689947737073,0.16494,0.1728,0.17992,0.18742,0.19521512780745218,0.22611,0.21610230793897647,0.20663455995781552,0.19698424021205166,0.18746,0.17814,0.16902533405829764,0.16022,0.15174,0.1437,0.13617,0.12995,0.12374,0.1176
21-01-2026 11:35,25049.35,0.13118,0.12936,0.12957,0.13118,0.13391,0.13844,0.14389,0.14995,0.15668,0.16385320771880127,0.17176,0.17913270444622223,0.18645,0.19453,0.22696,0.21725729514958805,0.20769,0.19761,0.18773,0.17863,0.16983,0.16134,0.15299750961270203,0.14528,0.13856,0.13231,0.12686,0.12162
21-01-2026 11:40,25042.9,0.13463294110554108,0.13186,0.13145,0.13247,0.13537,0.13958469764912737,0.14483,0.1505,0.15708,0.16411,0.17186,0.17917,0.18658,0.19412,0.22612,0.21626,0.20649,0.19653,0.18629,0.177,0.16772,0.15908,0.15079,0.14328,0.1361710207745558,0.12979,0.12372,0.11822397469674253
21-01-2026 11:45,25045.15,0.13427294110554094,0.13206,0.13170873295347194,0.13236,0.13523,0.13924,0.14427,0.1499,0.15644,0.16362,0.17162,0.1783,0.18635,0.1939,0.22687,0.21664,0.20673,0.19655,0.18659,0.17713,0.16783,0.15919,0.15074331345767758,0.14292,0.13557,0.12887,0.12235,0.1164039746967617
21-01-2026 11:50,25057.75,0.13374,0.13061,0.12978,0.1313,0.13417,0.13801,0.1433,0.14884,0.15563,0.16264,0.17054,0.17769,0.18521,0.19285,0.22699,0.217,0.20702463363858434,0.19684531177519896,0.18704,0.17749321208159927,0.16813,0.15925,0.15112,0.14337,0.13526,0.12839,0.12245,0.11627
21-01-2026 11:55,25064.55,0.13047,0.1286,0.12848,0.12994,0.13295,0.13718,0.14238,0.14817,0.15471,0.16176,0.1697,0.17657,0.18406,0.19166,0.22742,0.21717,0.20743713493874558,0.19738,0.18712,0.17786,0.16849,0.15966,0.15133730910410115,0.14360836256893963,0.13634,0.12975923558429156,0.12378,0.11829
21-01-2026 12:00,25081.9,0.14194,0.13712,0.13497,0.13424,0.13572521147985714,0.13853,0.14254,0.1473789383424421,0.15337,0.15944,0.16694,0.17378,0.18123,0.18878,0.225,0.21461,0.2048,0.19469453159098027,0.18411468845147938,0.17414,0.16427,0.15487,0.14552,0.13689245686184295,0.1284864215394772,0.1206,0.11306,0.10483
21-01-2026 12:05,25117.2,0.12873,0.12563,0.12408,0.12472219221836879,0.12718,0.13056,0.1351,0.14051,0.14695,0.15358,0.16124662707517215,0.16809,0.17581,0.18372,0.22865071590105282,0.21847,0.20894,0.19909565315600464,0.18906,0.17998,0.17017,0.16139,0.15266,0.14483,0.13702,0.13023,0.12375,0.11802
21-01-2026 12:10,25113.35,0.13919,0.13376,0.13116,0.13082,0.13145,0.13404,0.13797,0.1430077775828166,0.14912,0.15502,0.16263,0.16926,0.17671,0.18414561415379577,0.22408,0.21377,0.20384,0.19393917848782127,0.18363443173102928,0.17402,0.16463,0.15525,0.14665,0.13796,0.12963,0.12258,0.11519697355946223,0.10767
21-01-2026 12:15,25129.25,0.14212,0.13645,0.13299260898166895,0.13138,0.13217,0.13418641812113122,0.13796,0.14234,0.1479,0.15374,0.16084,0.16697,0.17331,0.18063,0.2261474475783923,0.2158,0.20614,0.19586,0.18542080189609328,0.17534,0.1656,0.15635,0.14722,0.13817,0.13001,0.12186,0.11408,0.10638
21-01-2026 12:20,25163.0,0.13704,0.13153,0.12841610090946406,0.12705,0.1275645624409493,0.13021059686961592,0.13361,0.13822,0.14354,0.14955,0.15667,0.16300132859162458,0.16958,0.17664,0.23038,0.22027,0.21058,0.20048,0.19061698155228873,0.18101,0.17114,0.162,0.15272,0.14432,0.13626,0.1279,0.1207232813674399,0.11349
21-01-2026 12:25,25166.9,0.11646,0.11482,0.11454,0.11565,0.11826,0.12214906330863953,0.12722,0.13303,0.13967,0.14655,0.15443,0.16135,0.16878,0.17644732521622591,0.23888,0.22894,0.2194068886118206,0.20945,0.19993,0.19064,0.18145,0.17286511073052924,0.1643177449644032,0.15653294488123876,0.14943,0.14255,0.13679,0.132
21-01-2026 12:30,25153.65,0.14411,0.1375794354877817,0.13294,0.13066,0.13051,0.13202,0.13503492147258503,0.13924,0.14482,0.1501,0.15725,0.16402,0.17046,0.17743,0.23409,0.22385,0.21446,0.20464503185025448,0.1945423332625106,0.18477,0.17467,0.16519,0.15566,0.14664,0.13804,0.12914,0.12071,0.11267
21-01-2026 12:35,25191.3,0.1472,0.14047,0.13539,0.13212,0.13145859223316864,0.13255,0.13494,0.13883,0.14335,0.14828,0.15471,0.16102,0.16722598483972234,0.17383,0.2341,0.2241,0.2145795173778281,0.20454935560696383,0.19469,0.18542,0.17552,0.16609,0.15689,0.14758,0.13896,0.13075,0.12259,0.11461
21-01-2026 12:40,25225.6,0.136447486498491,0.1311,0.1275376061525969,0.12561,0.12506,0.1262,0.12875,0.13243111768867052,0.13711,0.14219,0.14804,0.15492,0.16058,0.16847,0.24091,0.23056,0.22149,0.21174,0.20221,0.19333,0.18365,0.17487955041705472,0.16626,0.15777054014558223,0.1495605868290973,0.14166,0.13429,0.1274
21-01-2026 12:45,25260.15,0.14866,0.14190324022790965,0.13502,0.13106,0.12889,0.12878,0.13061242618826768,0.13345,0.13754,0.14228,0.14785836514064107,0.15331,0.15916,0.16562,0.24423164663298239,0.23445,0.22483,0.21557,0.20544,0.19649,0.18674607289750147,0.17763,0.16816,0.15944,0.15062,0.14206,0.13387,0.12606
21-01-2026 12:50,25266.0,0.1519195398581001,0.14299,0.13659,0.1323889837803109,0.13038741575321017,0.12986,0.13099,0.13379,0.1377,0.1423,0.14736,0.15339,0.15914,0.16617,0.24811664663292235,0.23813,0.22897,0.21950909807282656,0.2098,0.20057,0.19091,0.182,0.17238,0.16351,0.15473,0.14632,0.13756,0.12958
21-01-2026 12:55,25281.8,0.13917,0.13482498553824407,0.12875820695104792,0.12593,0.12452367733232511,0.12511814580144243,0.12737580550193564,0.13034744327006278,0.13403,0.13891,0.14462,0.15084,0.15753,0.1646685696734168,0.25027,0.24056,0.23144,0.22236,0.2125,0.20318,0.19394,0.18479,0.17522,0.16673,0.15789,0.14926,0.14108,0.13375
21-01-2026 13:00,25281.3,0.13807,0.13319,0.12776,0.12551,0.12366,0.12413,0.12643,0.12955,0.13415,0.1393895323065608,0.14535,0.15225,0.1586,0.16594,0.25099,0.2412,0.23143,0.22218,0.21278,0.20316,0.19335,0.18437,0.17501326340260445,0.16632435799112824,0.15764,0.14886,0.14094,0.13318
21-01-2026 13:05,25288.85,0.12164,0.11875,0.11667,0.11569,0.11607382400875735,0.11798,0.1212,0.12532,0.13069,0.13647,0.14268,0.1497528267554853,0.15656658136728668,0.16431,0.2521975222838752,0.242300086028709,0.23312,0.22410464954072407,0.21469,0.20515,0.19551,0.18666,0.17799,0.1693,0.16109,0.15329,0.14588,0.13943
21-01-2026 13:10,25221.5,0.14555,0.13388,0.13292,0.12941,0.12723,0.12818,0.1300488519561766,0.13326,0.13677,0.14244,0.14889299424288852,0.15601,0.16247,0.17012,0.24334,0.23292,0.22424,0.21525,0.20452,0.19612,0.18546,0.17645,0.16852,0.15804,0.14967,0.14177,0.13249,0.12413
21-01-2026 13:15,25225.05,0.1338,0.12896,0.1255820633211212,0.12326,0.1228,0.12402,0.12671730167561307,0.13065,0.13568,0.14121,0.14793,0.15501,0.16172,0.16931,0.24435,0.23512,0.22589,0.21678,0.20749,0.19819,0.18872717001038833,0.18004,0.1711,0.1628,0.15452,0.14636,0.13888,0.13236
21-01-2026 13:20,25225.7,0.12872,0.12486,0.12236920020739006,0.12081,0.12085,0.12246,0.12556,0.12964,0.13486,0.14077,0.14766104283168563,0.15468,0.16132,0.16885,0.24729680223895803,0.23715811781576418,0.22782,0.21895,0.20902,0.19978,0.19047,0.18129,0.1726537869027858,0.16424,0.15609905078640815,0.14833,0.14156,0.13545
21-01-2026 13:25,25205.25,0.13593290673754932,0.1299,0.12663,0.12487,0.12494,0.12639794511399327,0.1291,0.13326,0.13824719486119744,0.14405,0.15016,0.1575584591530353,0.16463,0.17223,0.24316,0.2337,0.22373,0.21445,0.20456461112695995,0.195032188608665,0.18538,0.17635,0.16764,0.15913,0.1512,0.1437362019690804,0.1367728292516749,0.1304
21-01-2026 13:30,25215.7,0.11588513613016481,0.11372447896712194,0.11384,0.11439,0.11611,0.11898,0.12304397691896696,0.12793,0.13384,0.14041,0.1474131716574229,0.15514745243602396,0.16265,0.17059,0.24707,0.23815,0.2284185980800733,0.21911,0.20948,0.20028,0.19101795992092854,0.18238,0.17411,0.16604,0.15871,0.15219,0.14655,0.14146
21-01-2026 13:35,25182.35,0.14827,0.13934,0.13698,0.1338,0.13289,0.13224,0.13432797663536433,0.1378,0.1423,0.14773,0.15379,0.16070321150367112,0.16719,0.17421,0.23753234558467268,0.22763,0.21800303883352018,0.20869,0.1986,0.18997,0.18004,0.17157,0.16251,0.15369570532731014,0.14488368357283768,0.13646,0.12972,0.12058
21-01-2026 13:40,25193.1,0.13324,0.1285423284680996,0.1257,0.12472,0.12518,0.12695,0.12985225716529925,0.13381,0.13901,0.14486,0.15137762696895085,0.1581,0.16516,0.17297,0.24104,0.23161,0.22252,0.21314,0.20345,0.19387,0.18456,0.17598,0.16730036069469356,0.15902,0.15123226453884278,0.14393,0.13706,0.13075
21-01-2026 13:45,25192.95,0.13211,0.12832,0.12570201283456198,0.12411,0.12448,0.12634,0.12935,0.13333637011897642,0.13859,0.14451,0.15095,0.15785,0.16523,0.17348,0.24175,0.23225,0.22274,0.21318,0.20349,0.19378,0.18417,0.17565,0.16677,0.15838,0.15059686450272572,0.14335,0.13649,0.13029
21-01-2026 13:50,25179.95,0.12507,0.1225,0.12106,0.12096,0.12254,0.12493,0.12858,0.13335,0.13902,0.14547661549591712,0.15218,0.15955,0.16688,0.1742,0.2418,0.23224,0.22298,0.21312,0.20354,0.19431,0.18498,0.1767,0.16826,0.1603,0.15311,0.14644,0.14051,0.1352012431964888
21-01-2026 13:55,25164.25,0.12508,0.1227,0.12142,0.12175880688434375,0.12362,0.12607147911376132,0.12986,0.13471,0.14081,0.14683,0.15375,0.16127,0.16886,0.17614,0.24014,0.23066,0.2216,0.21187,0.20207,0.192951236258126,0.18326987989538565,0.17487,0.16677,0.15894,0.15212,0.14506,0.13935,0.13429
21-01-2026 14:00,25141.15,0.13399354861121915,0.12917,0.12692,0.12689,0.12849,0.1309,0.13466,0.13925,0.14488,0.15069,0.15765,0.16457,0.17215,0.17942,0.2335396407351701,0.2242,0.21511,0.2058,0.19571199045278628,0.18634,0.17715,0.16852,0.16041233775681452,0.15275,0.14567,0.139,0.13297111890442687,0.12701
21-01-2026 14:05,25151.55,0.12298,0.12147,0.11975882718760394,0.11955,0.12101,0.12406,0.12791,0.13284,0.13906,0.1454786807435997,0.15267,0.1606,0.16894,0.1774710107352466,0.23437,0.22453,0.21563,0.20635,0.19667,0.18761,0.17836,0.1697522597738996,0.16148,0.15407,0.14726,0.14125,0.13603427799698914,0.1311
21-01-2026 14:10,25141.05,0.12427061200834535,0.12105,0.12018,0.12055,0.12248,0.12586,0.12964,0.13475,0.14084085801830323,0.14735,0.15495,0.16301,0.17114674286051448,0.1790576774020853,0.23095,0.2211,0.21161291992565046,0.20237163009629439,0.19295,0.18376,0.17480504843253047,0.16635881669085825,0.15815,0.15046,0.14392,0.1377,0.13258172435035015,0.12778
21-01-2026 14:15,25139.05,0.14051,0.13525,0.13158571900861135,0.12945,0.12981,0.13115,0.13380829133903302,0.13773,0.14279,0.14832129065377184,0.15467,0.16227,0.16974,0.17697,0.22544,0.21577,0.20643,0.19658,0.18674,0.17739,0.16786,0.15897,0.15036,0.14196942466360965,0.13421,0.12632,0.11937,0.11216
21-01-2026 14:20,25178.3,0.11383313503135889,0.11156,0.11175,0.11306,0.11584415488675709,0.11962,0.12405,0.12924,0.13577,0.14209929892291792,0.14905,0.15704,0.165,0.1733073664996095,0.23348,0.22449,0.2153330686458549,0.20603,0.1965,0.18749638686478357,0.17844,0.17048,0.16261,0.15546212994950806,0.14925,0.14362,0.13928,0.13574
21-01-2026 14:25,25144.75,0.11203,0.11192,0.1129,0.11453,0.11751,0.12133,0.12644,0.13201,0.13842,0.14552,0.15314,0.16094,0.16956,0.17796069983290405,0.22976,0.2208553586591791,0.21204,0.20324,0.19409,0.18498,0.17631,0.16855,0.16094,0.154,0.14811358282570503,0.14273579592628424,0.13846,0.13411688343609146
21-01-2026 14:30,25130.1,0.13469708715575351,0.13178047998826675,0.13004,0.12881,0.12961,0.13109,0.13442,0.13863,0.14401,0.14972,0.15656,0.16380605525958453,0.17098,0.17869,0.22543,0.21582,0.20649,0.19662,0.18686,0.17739,0.16792,0.1590229514612786,0.1500655668405019,0.1418,0.1341141105989903,0.12673,0.11991,0.11289
21-01-2026 14:35,25146.5,0.13019453405633408,0.12594,0.1239,0.12393,0.12532,0.12787,0.13157548361474664,0.13605,0.1419,0.14791043465195386,0.15477,0.16188,0.16945,0.17727,0.22669,0.21725,0.20771,0.19788,0.1879990092365381,0.17837,0.16959,0.1609,0.1526,0.14480189716970956,0.13790891487262918,0.13126,0.12538,0.12013201195389323
21-01-2026 14:40,25152.35,0.12128941302523548,0.11893,0.11854538695080828,0.11882,0.12084,0.12401,0.1281434117305839,0.13315,0.13905,0.14561,0.15274950697186757,0.16013,0.16837,0.17615,0.22728,0.21766,0.2084652617972296,0.1993,0.18974475340832328,0.18086,0.17211,0.1643615403907021,0.1567048732890634,0.1493753479136288,0.14301,0.13732,0.13209,0.1274920119538988
21-01-2026 14:45,25149.7,0.12554,0.12304,0.1220389304904702,0.12183,0.1233,0.126,0.12989,0.13458275829565994,0.14041,0.14667047052646595,0.15357,0.16122,0.16874,0.17748,0.22466,0.21461,0.20589,0.19637,0.187,0.17806,0.16955,0.16164616782293856,0.15405,0.14697,0.14065,0.1347,0.12959,0.12474
21-01-2026 14:50,25153.5,0.1183264653152329,0.1179981628219347,0.1182,0.11852331980524519,0.12042,0.12336,0.12734833502068185,0.13215,0.13819,0.14432,0.15163,0.15930439855007836,0.16705,0.17562,0.22362,0.2140054290781489,0.20483,0.19536,0.18592,0.17725,0.16877,0.16103,0.15363,0.14652,0.1403,0.13459147885738196,0.12976,0.12525
21-01-2026 14:55,25147.1,0.12119,0.12051881520769309,0.1192,0.11878,0.12095,0.12358579519067356,0.12738,0.13253,0.13854,0.14511381651600389,0.1525,0.16021,0.16788,0.17644,0.226,0.21577,0.20664,0.19663,0.1870487482035112,0.17788,0.16911,0.16108,0.1528,0.146,0.13932,0.1337,0.12836,0.12385
21-01-2026 15:00,25160.2,0.13160300770180228,0.128652123452098,0.12599,0.12423,0.12455696829250461,0.12612,0.1293,0.13273,0.13886,0.14424,0.15146,0.15934,0.16699582960027132,0.17493,0.22462,0.21447164144243144,0.20482,0.19463833706789258,0.18445,0.17483,0.16566,0.15683752897788372,0.1482,0.1406,0.13350084748248636,0.1271,0.12105877465927106,0.11472
21-01-2026 15:05,25171.7,0.11706,0.11539,0.1148,0.11552,0.11721,0.12017,0.1241,0.12894,0.13536,0.14201,0.1498213139277154,0.15794,0.16584,0.17458,0.22647,0.21712,0.20732,0.19776,0.18797,0.17895497596847781,0.17025,0.16227,0.15494,0.14792,0.14197,0.13652,0.13194,0.12811904783361838
21-01-2026 15:10,25159.7,0.11404,0.11283,0.11313,0.11384,0.11659,0.11985927094739103,0.12453578104609613,0.12979307833983256,0.1363,0.14291,0.15131,0.1595,0.16735,0.1761497445678388,0.22813,0.21813,0.20858,0.19826,0.18875,0.17958288357268976,0.17086,0.1629492338575331,0.15527813765218793,0.14858,0.14238,0.13678,0.1328,0.12917
21-01-2026 15:15,25148.5,0.11869662196623355,0.11746130829023665,0.11692,0.11701,0.1190055237909557,0.12188610640388155,0.12587,0.13068906461511431,0.13709,0.14341,0.15188990249632758,0.16095,0.16919,0.17746,0.22618,0.21597,0.20606,0.19582,0.18627581836785012,0.17725506608050273,0.16852,0.16038,0.1526,0.14546,0.139211281679282,0.13368178537316794,0.12898,0.12484
21-01-2026 15:20,25154.25,0.11111,0.11098,0.11203497753065622,0.1123,0.11485686461103724,0.1183,0.12263,0.12762,0.13529,0.14189,0.15119,0.15955,0.16812,0.17634,0.22363855595289023,0.21398,0.20528,0.19525,0.18665,0.17793,0.16939,0.16151,0.15378,0.14632,0.14024830447667283,0.13498,0.1309,0.12763120376572637
21-01-2026 15:25,25150.7,0.12111,0.11857,0.11712,0.11677,0.1183,0.12103,0.12473,0.12919,0.13625,0.14187,0.15043159525127964,0.15893,0.16642,0.17481,0.22146188928629057,0.21134,0.20163,0.19141,0.18099101310041577,0.17105,0.16232,0.15337336273296465,0.14483,0.13698,0.1301308270594478,0.12394,0.11898,0.11483120376571355
22-01-2026 09:15,25332.45,0.10473,0.10481080960118799,0.10454,0.10521,0.10684,0.10947,0.11372,0.11836,0.12544,0.13242,0.14014,0.14997,0.15905,0.16873,0.24688188928628746,0.23565,0.22513,0.21365,0.20268,0.19258,0.1816,0.17114,0.16105,0.15211,0.14424,0.13698,0.13113,0.1260912037657065
22-01-2026 09:20,25329.3,0.11621407655896986,0.11259,0.11074,0.10979,0.11021,0.11218,0.11591,0.12018,0.12695,0.13378,0.14197,0.1510438620286059,0.15953,0.16876,0.24508,0.233182025241774,0.22247938096926415,0.21083,0.19932,0.18844961285407463,0.17772,0.1671792752617395,0.15679,0.14767,0.13918320210075222,0.13125,0.1246,0.11798
22-01-2026 09:25,25334.05,0.14668169154401878,0.13823,0.13143,0.12624062008028847,0.12337264482381978,0.12234,0.12374,0.12643,0.13155,0.13711,0.14428233526129686,0.15203,0.1597,0.16864,0.24449,0.23292,0.22276,0.21093,0.19921,0.18794,0.17635,0.16546,0.15452,0.14421542433847023,0.13472,0.12604,0.11829432119249206,0.10968
22-01-2026 09:30,25400.35,0.1313,0.12552,0.11846,0.11595112554999065,0.11534,0.11588,0.11904872762275454,0.12335,0.12958210915893828,0.13597,0.14327,0.15144554361469603,0.1591,0.1679,0.29877,0.28957,0.27803,0.26802,0.25667,0.24469,0.23145,0.21741,0.2023399019042577,0.18732,0.17325715634975697,0.1594380327175701,0.14582,0.1327088058848007
22-01-2026 09:35,25415.7,0.12572,0.1196,0.11492,0.11249,0.11221,0.11558,0.12023,0.12671,0.13404,0.14122,0.14855,0.15675,0.16402,0.17148,0.30317,0.29661,0.28651,0.27879980275488747,0.26983,0.25848,0.24745,0.23456,0.22072,0.20666,0.19281,0.17783,0.16503,0.1509
22-01-2026 09:40,25405.7,0.12722,0.12223,0.11794,0.11543,0.11462,0.1168,0.12063,0.12524,0.13202465552690693,0.13851,0.14587345526309672,0.15358,0.16068,0.16828,0.29928,0.2891,0.27712,0.2670020273859828,0.25601,0.24365,0.23047,0.21787673825275478,0.20472,0.19126,0.17853,0.16576,0.15406,0.14212
22-01-2026 09:45,25400.1,0.15452,0.14307,0.13348,0.12744,0.12418,0.12365,0.12604,0.12986,0.13537,0.14087,0.14796,0.15554,0.16312,0.1704,0.29,0.279156674427305,0.26748,0.25775,0.24630114959001825,0.2343,0.22245,0.20936,0.19737,0.18456,0.17194,0.15918,0.14702,0.13419
22-01-2026 09:50,25430.85,0.10962,0.10808,0.10618,0.10596,0.10719149886463143,0.10993,0.11415033088304594,0.11981595276952042,0.12606,0.13221,0.13989,0.14758915080096138,0.15476,0.16258097349487297,0.2845,0.273891407301654,0.26278,0.25342693209733075,0.24304,0.23201,0.22049,0.20827,0.19722,0.1857,0.17472,0.16379417433411475,0.1545387752580973,0.14369
22-01-2026 09:55,25385.65,0.1372099787233433,0.12983,0.12362,0.12020047916548945,0.11901,0.11909,0.12178,0.12571,0.13161,0.13658,0.14401,0.15158,0.15875,0.16661,0.2655,0.25452,0.24299,0.23352,0.22257,0.21122,0.19957,0.18796,0.17596,0.16476659453871187,0.15463568052481613,0.14430325645146552,0.1348,0.12521
22-01-2026 10:00,25404.05,0.10776,0.10582,0.10418437976329215,0.10378,0.10450037753689938,0.10659,0.11024,0.11494,0.12111,0.12750863854966482,0.13519,0.14291,0.15032,0.1582618090116468,0.26132,0.24963,0.23888,0.22953,0.21924800574328734,0.20862,0.19673,0.18526,0.17367,0.16329113286735017,0.15416,0.14472,0.13716,0.13014102537743497
22-01-2026 10:05,25387.2,0.11719,0.11299,0.10987685512224771,0.10822,0.10842,0.10970333443381998,0.11325302277976193,0.11733,0.12315,0.12947914424079826,0.13748,0.14503,0.15280931554273175,0.16041,0.26225,0.25061,0.23979,0.22998,0.21877,0.20853,0.19724,0.18511495131458694,0.17356,0.16269,0.15291187203943854,0.14351,0.13566055351233094,0.12669
22-01-2026 10:10,25366.75,0.13658,0.128374792216866,0.12072,0.11698037926754029,0.11568,0.11694,0.11915,0.12345,0.12918,0.13488,0.14185830219900045,0.1495277470152042,0.15688,0.16445,0.2579975543965967,0.24688,0.23518,0.22525,0.21435200891409367,0.20384926207619522,0.19267,0.18108727279248021,0.16968,0.15848,0.14848606707924636,0.13837,0.12908,0.12057
22-01-2026 10:15,25384.2,0.09766,0.09814425240557087,0.0975233879730841,0.09906,0.10208,0.10502,0.10997,0.11552,0.12304,0.12969,0.13847,0.14584,0.1535,0.16136,0.25894,0.24810162071374084,0.23735,0.22862,0.21919,0.20863,0.19834804961118072,0.18719,0.17595,0.16545,0.15665,0.14742,0.14028934895286532,0.13255
22-01-2026 10:20,25330.55,0.13469,0.12744,0.1220604057395762,0.11863201907042666,0.11717092809512879,0.11744,0.12075,0.12462132324627968,0.13132,0.13681,0.14468,0.15186,0.15964,0.16747,0.24705,0.23563,0.22491936841739288,0.21547,0.20534,0.19424,0.18383,0.17305,0.16197,0.15146,0.14198,0.13311,0.12491221244779943,0.11665939248314397
22-01-2026 10:25,25335.0,0.09628,0.09735,0.09889,0.10032,0.10334,0.10665,0.11183,0.11809668063698704,0.12565,0.1329,0.14153,0.14950530771203965,0.15712,0.16553,0.24,0.22954043545512884,0.2187356154248237,0.20926,0.1992391794404686,0.18905,0.17911,0.16988,0.1606,0.15157,0.1443,0.13825,0.13302,0.12907939248327774
22-01-2026 10:30,25273.25,0.13945,0.13166,0.12574,0.12204,0.12132,0.12241,0.12566073005870967,0.12998,0.137,0.14348758139772191,0.15175,0.15956,0.16779,0.17688,0.23624,0.22619,0.21609,0.20399,0.19332,0.18314907752290743,0.17284,0.16271,0.1521,0.14205,0.13349,0.12467,0.1169,0.10937
22-01-2026 10:35,25312.45,0.09793163674527132,0.09934099636247004,0.10158890404800514,0.10439,0.10721,0.11117,0.11653804703234746,0.12258,0.13031,0.13765,0.14618,0.15453,0.16222,0.17138,0.23916,0.22825,0.21796,0.20729,0.1962,0.18687,0.17646,0.16749,0.15827,0.14937,0.14221,0.13534,0.12967,0.1250697703591658
22-01-2026 10:40,25290.35,0.12122,0.11683,0.11428,0.11369,0.11429,0.117,0.12102654343322902,0.12637234301824232,0.1343964414070049,0.1408,0.14941,0.15731,0.16522,0.17431,0.23637,0.22582,0.21577,0.20398,0.19285,0.18280231866306337,0.17255,0.16337,0.15366593003738832,0.1446,0.13703,0.1298,0.12394711572496149,0.11738
22-01-2026 10:45,25288.95,0.1135,0.11212,0.11098955108274515,0.11106902745260815,0.11267,0.11604733464670935,0.12097,0.12635867847880458,0.13415,0.14106,0.14966,0.15788,0.1662324110181606,0.1755259224393148,0.23673,0.22668127440694202,0.21672,0.20513,0.1944,0.18474,0.17462,0.16521,0.15611,0.14677,0.1396,0.13244,0.1268942724499472,0.12065
22-01-2026 10:50,25270.45,0.11997,0.11690756498199856,0.11448,0.11425,0.11599,0.1193287967111879,0.12413,0.1292795032803539,0.13761345605887224,0.1441,0.15263,0.16065117887318953,0.16839,0.17794,0.23618,0.22562450581018761,0.21531,0.20447,0.1937,0.18389,0.1737790949620911,0.16402024032647083,0.15441304312783297,0.14588,0.13804,0.13084013834008898,0.12515230973885325,0.11856
22-01-2026 10:55,25267.3,0.0946,0.09808,0.10061,0.10451,0.10876,0.11403,0.12045,0.12698642694327159,0.13522,0.14329,0.15206,0.16066,0.16887,0.17887,0.23925,0.22912,0.2192528543515263,0.20926,0.19936935211751747,0.19022,0.18099,0.17219,0.16384248556217182,0.15599,0.14955,0.1433,0.13964,0.13687
22-01-2026 11:00,25234.85,0.1185,0.11694,0.11547,0.11648,0.11914,0.12277,0.12787,0.13398,0.14143,0.14793,0.15618,0.16415222950138367,0.1716,0.1813,0.23335,0.22333,0.21319,0.20304,0.19266,0.18352,0.17395091982914607,0.16501,0.15589,0.148,0.14069018336296354,0.13366,0.12873,0.12323
22-01-2026 11:05,25223.35,0.12387,0.12094,0.11987,0.12041391077560237,0.12243941083308321,0.12569,0.13042,0.13594002576984893,0.14347,0.15015,0.15842514184263756,0.16614,0.17361,0.18285,0.23148,0.22185,0.21166,0.20118,0.19055,0.18182,0.17225,0.16331862467505215,0.15447,0.14595,0.1388494960933858,0.1321,0.12579,0.12123
22-01-2026 11:10,25234.6,0.11783,0.11612,0.11568482554640841,0.11679,0.11961,0.12341,0.1285766393008804,0.1344,0.14175,0.14842919239570299,0.15632,0.16431,0.17175,0.18097,0.2335535349202972,0.22345,0.21361,0.20313,0.19275,0.18408917123535173,0.1751,0.16645,0.1585031503029987,0.15054372080742076,0.14371,0.13697,0.13062556581983917,0.1246098268230089
22-01-2026 11:15,25230.3,0.11734,0.11619,0.11596,0.11705,0.11998459230085744,0.12398,0.1291265370852476,0.13488,0.14284,0.1494228107589847,0.15772127857358095,0.16565,0.17294120052970116,0.18214284601575795,0.23256,0.22248512118045713,0.21276,0.20203,0.19194,0.18281188422489902,0.1733,0.16454,0.15615,0.14857,0.14203,0.13552,0.13174,0.1269
22-01-2026 11:20,25224.65,0.137,0.13082,0.12749,0.12654,0.12726994265245184,0.12968,0.13375,0.13829624104870844,0.1452,0.15148,0.1587,0.16648,0.17362,0.18287,0.22973,0.2191202142781231,0.20875,0.19782,0.18693,0.17738,0.16773,0.15831,0.14919,0.14061066999543995,0.13329035311120527,0.12592,0.11974,0.11326
22-01-2026 11:25,25274.25,0.11029,0.1095,0.11047,0.1123,0.11503,0.11882,0.12406136664652656,0.12989871252536203,0.1372,0.14366,0.15165,0.1597,0.16749,0.1765036886249932,0.23577975162074805,0.22587264014925043,0.21613739860862835,0.20607,0.19547,0.18598,0.17682,0.16785113681033295,0.15866191423254059,0.15095,0.1442,0.13826,0.13343,0.13062
22-01-2026 11:30,25237.65,0.12721,0.12374,0.12201,0.12194,0.12356,0.12649,0.13095903773649986,0.13617,0.14325999229701564,0.14986,0.15778,0.16548,0.17365,0.18226,0.2316,0.22112,0.21067,0.20008,0.18997,0.17999319475740955,0.16987,0.16085,0.15191,0.1438,0.13708,0.13062,0.1252,0.12044
22-01-2026 11:35,25252.75,0.11588,0.11479,0.11479,0.11592299337042948,0.11857,0.12203,0.12717,0.13271993271740293,0.1402,0.14765,0.15566,0.16411,0.17208,0.18127,0.23498,0.22361,0.2135,0.20258,0.1922523274954969,0.18266,0.17321,0.16413,0.15533,0.14776,0.14132,0.13517,0.13073,0.12644
22-01-2026 11:40,25230.6,0.11102973960494728,0.11095,0.1127,0.11542,0.11893,0.12346,0.12878,0.13507,0.14286,0.15035,0.1589,0.16736595058897893,0.17552,0.18424,0.23382,0.22297,0.21283,0.20268,0.19240209359513613,0.18294,0.1738,0.16513,0.15713,0.15000561602464257,0.14431,0.13938,0.1355,0.13284
22-01-2026 11:45,25200.8,0.13034,0.12707,0.12579,0.12618,0.12794,0.13121,0.13519,0.14066,0.14796,0.15439,0.16295,0.17075,0.17877,0.18749835130376047,0.22867,0.2180203823686811,0.20777,0.19708,0.18627,0.17701,0.16751478307316064,0.1585,0.14969,0.14189,0.13525,0.12864,0.1236823344749812,0.119
22-01-2026 11:50,25218.4,0.119673633030989,0.11799,0.11825,0.12004,0.12293,0.12667215093025055,0.13162,0.13778,0.14525,0.15228,0.160421224137495,0.16861871944240897,0.17647,0.18503,0.23193,0.22182,0.21127,0.20134,0.1911,0.18159,0.17246,0.163648986977495,0.15526,0.14788,0.1416076881124522,0.1358,0.13142,0.12799
22-01-2026 11:55,25201.6,0.12001,0.11932,0.11974,0.12163,0.12481,0.12881,0.13424,0.14034,0.1483,0.15507,0.16351,0.17177,0.1796,0.1887,0.23017,0.2196,0.2096245631661287,0.19954,0.18937,0.18024,0.17079,0.16267,0.15446,0.14755,0.14166,0.1361,0.13219251793937098,0.12873
22-01-2026 12:00,25184.35,0.13758,0.13244,0.12988,0.13034,0.1316146543652976,0.13458104880589003,0.13886,0.14457,0.15216,0.15893848137210287,0.16743,0.17523,0.1834567472294572,0.19241,0.22792878560240842,0.21731,0.20632,0.19602,0.18569,0.1759351897863124,0.16609,0.1571,0.14822,0.14008,0.13273,0.12559,0.12063,0.11536
22-01-2026 12:05,25218.75,0.13087,0.12668,0.12499,0.12484,0.12645915719291587,0.1297405888984626,0.1341,0.13956,0.1470691710807289,0.15396,0.16225,0.1702367903832146,0.17781,0.18703,0.2305,0.21984,0.20922,0.19904,0.18865,0.17912433956464868,0.16943,0.16058,0.15135,0.14328,0.13606,0.12929,0.12342,0.11846
22-01-2026 12:10,25226.35,0.12834,0.12438,0.12308,0.1236364927203546,0.1255,0.12883,0.13301887078552943,0.1386,0.14562,0.15261648109059794,0.16094,0.16851,0.17645,0.18564,0.23027,0.21899,0.208485441520413,0.1981,0.18752,0.17778,0.16817,0.15915366410087686,0.15021,0.14225,0.13511,0.12849,0.12273,0.11839
22-01-2026 12:15,25221.55,0.13087,0.12662,0.12485,0.12467,0.12612,0.12894,0.13336,0.13905,0.14608,0.15310231750242426,0.16142,0.16924,0.17660323628640295,0.18576186327267785,0.22881002799486336,0.21801,0.20739125785413068,0.19688,0.18636,0.17645,0.16673,0.15759842231097523,0.14855,0.1402,0.13314,0.12629,0.12024,0.11566
22-01-2026 12:20,25272.95,0.10777,0.10918,0.11013,0.11252,0.11574,0.11971,0.12478,0.13064361756168621,0.13909152482231546,0.14593,0.15429,0.16213,0.17068,0.17989567279649443,0.23702,0.22579,0.21552,0.20511,0.19413,0.18511,0.17556,0.16716,0.15828,0.15104,0.1448087135657672,0.13898092796471304,0.13467,0.13125
22-01-2026 12:25,25240.05,0.13081,0.12610402519813954,0.12305,0.12343,0.12401,0.12723,0.13101,0.13657,0.14324,0.15053,0.15886,0.16678,0.17518,0.18403,0.2314,0.22064128086587265,0.21001,0.19899,0.18839494516823388,0.17866,0.16859,0.15934,0.15022,0.1419863226809861,0.1350647805237215,0.12828,0.12165,0.11719
22-01-2026 12:30,25251.1,0.13184,0.12588,0.12274,0.12196,0.12266,0.12497303540155306,0.12915415557028775,0.13462133124843423,0.14101,0.14825,0.1565,0.16431,0.17251232391928925,0.18126,0.23153,0.22096,0.20977,0.19965,0.18893259208807203,0.1792,0.1693610840519566,0.159955107978252,0.15072,0.14231,0.1349,0.12783,0.12144,0.1164643151232426
22-01-2026 12:35,25259.05,0.11375,0.11285,0.11296,0.11425,0.11663,0.12023,0.12509,0.1311,0.13856,0.14621387527547972,0.15486,0.16348095571698532,0.17196,0.1812,0.23364269479059807,0.22293,0.21239,0.2021,0.19122,0.18161,0.17186665684118885,0.16285,0.15423,0.14655,0.14013,0.13408,0.12891,0.12525
22-01-2026 12:40,25236.55,0.12143,0.11888,0.11785,0.11858,0.12061,0.12433,0.1288,0.1348,0.14199,0.14964,0.15811111932223126,0.16577,0.17465,0.18377,0.23071,0.21957,0.20866,0.1981901021272421,0.18749,0.17785,0.16802,0.15876,0.15014,0.14232,0.1357,0.12925,0.12412,0.11937
22-01-2026 12:45,25253.05,0.11637725950624872,0.1137,0.11324,0.11404,0.11663,0.12046913905186442,0.12552993938938817,0.13136,0.13793522436421896,0.14457155702238922,0.15314370513030723,0.16141215728221706,0.17067231523588264,0.18119,0.23296,0.22186,0.21098,0.1998,0.18881,0.17943,0.16946,0.16021,0.15147,0.1431755091390639,0.1361,0.12987238111873636,0.12471,0.12011
22-01-2026 12:50,25254.0,0.10616,0.10634,0.10745,0.11055,0.11341,0.11806,0.12397,0.13122658125927048,0.13861,0.14621,0.15514988981837802,0.16340699563825747,0.17242,0.18251,0.23222,0.22122,0.21044,0.19967,0.188929857227025,0.17930008858504792,0.16946,0.16058,0.15221,0.14482,0.13801,0.13233859273805762,0.1278,0.12496
22-01-2026 12:55,25215.15,0.11693,0.11559,0.11562,0.11762,0.12057,0.12475,0.13009,0.13645,0.14476,0.15255777279444258,0.16112,0.16993,0.17877167469871433,0.18816,0.22672,0.21609,0.20483,0.1943,0.1832,0.17413,0.1644001517089123,0.15541,0.14757,0.14025,0.13412,0.12866,0.12398,0.1207239105437749
22-01-2026 13:00,25215.7,0.12028,0.11817,0.11746,0.11863,0.12125,0.12499638385309335,0.13016,0.13671,0.14473,0.15251,0.16138,0.17026,0.17891,0.18906,0.2264,0.2154,0.20430721807198193,0.19346,0.1825,0.17286,0.1628750266500788,0.15348,0.14544,0.1378,0.13144,0.12542264038819342,0.1203,0.11621
22-01-2026 13:05,25210.35,0.11631,0.1154118933849604,0.11518352878530311,0.11698,0.12032,0.12456019013591539,0.13022,0.13689,0.14524,0.15312,0.16221,0.17072,0.1797,0.19028,0.2267552135152634,0.21559,0.20467,0.1936500290581405,0.18263,0.17306,0.16318520453577323,0.15394,0.1462,0.13844,0.13297,0.12712,0.12302749714979978,0.11964
22-01-2026 13:10,25206.6,0.11138,0.11140175179173525,0.11223,0.11446140986588582,0.11804,0.12279,0.12887,0.13615,0.1446855628415918,0.15277,0.16252,0.17164,0.18067,0.18400942735820036,0.22767,0.21638,0.20602,0.19486,0.18383080924498385,0.17393,0.16423,0.15523,0.14719,0.13983,0.13354,0.12783,0.12334,0.12059
22-01-2026 13:15,25186.75,0.13000060327667207,0.12416,0.12157,0.12197,0.12368770476097038,0.12712,0.13228,0.13881,0.14705,0.15477,0.16365,0.17236,0.18179,0.19077,0.22374,0.21337,0.20264,0.19149,0.18051033301556485,0.17076,0.16041,0.15123,0.14258463817298192,0.13418283909504072,0.12696,0.1203,0.11439,0.10863
22-01-2026 13:20,25195.0,0.12164835457715895,0.11774,0.117,0.11817642135818704,0.12077,0.12443,0.13025,0.13702,0.14521,0.15337257063668003,0.16253,0.17128,0.18032,0.19023,0.22537,0.21471889785738074,0.20384,0.19303,0.18168,0.17161,0.16195,0.1531,0.14463,0.13691933196332076,0.13042,0.12430876887807676,0.11923,0.11484
22-01-2026 13:25,25194.95,0.11545,0.11404,0.11425,0.11633,0.11942,0.12361,0.12991554957359075,0.13692,0.14568,0.15398240886581843,0.16349,0.17252134984922304,0.18163,0.19123,0.22589,0.21543,0.20496,0.19431,0.18359,0.17389,0.16421,0.15583,0.14765,0.14,0.13434,0.12896813992116654,0.12492,0.12161593104123317
22-01-2026 13:30,25171.75,0.1432,0.13615,0.1311,0.12962,0.13031,0.13214,0.13635664774580836,0.1427157548622208,0.14993,0.15715,0.16596,0.17461,0.184,0.19342,0.22127630876445312,0.21074,0.1997323016320467,0.18873855868417297,0.17787,0.16798,0.15783,0.14782,0.13849922059158584,0.12957,0.1217,0.11384,0.10646,0.10051427215806893
22-01-2026 13:35,25225.85,0.10471,0.1062736201596444,0.10754,0.11027847259288463,0.11402,0.11893766144297435,0.12522,0.13245,0.14071816462050468,0.14907853828975537,0.15859,0.1672,0.17614402659185296,0.18541,0.2262711805594164,0.21672473634772382,0.20571,0.19599,0.18523,0.17619,0.16668040714799465,0.15805,0.15029418886693915,0.1427807167696055,0.137,0.13167,0.12773,0.12513
22-01-2026 13:40,25195.9,0.12374,0.12136647951396592,0.11914747744505248,0.11976,0.1222219110948329,0.12616,0.13153,0.1382,0.146321275096436,0.15395,0.16323,0.17177983582126563,0.18046,0.1899,0.22344,0.21331,0.20238569997023037,0.19152,0.18081861575117172,0.1712214041618491,0.16095041922167913,0.15191,0.14299,0.13503,0.12823,0.12148111280804029,0.11572,0.11087495338022474
22-01-2026 13:45,25188.3,0.13094770005601908,0.12541,0.12318,0.12313,0.12513,0.12814,0.13346399848127868,0.13966,0.14793,0.1552984179671427,0.16408,0.17253738114134995,0.18112,0.19097,0.22203,0.21151,0.19995,0.18986,0.17852,0.16927,0.15911237180049104,0.14961,0.14032,0.13213,0.12488,0.11745,0.11126,0.10524
22-01-2026 13:50,25206.65,0.13146510286881566,0.12637,0.12402,0.12326,0.12433,0.12728,0.13213,0.13825,0.14571,0.15345,0.1624,0.17075755852323146,0.17913,0.18909,0.22516006713221437,0.21404,0.20291,0.19184,0.18065,0.17112,0.16077,0.1507,0.14105,0.13153,0.12403,0.11657,0.10964,0.10354
22-01-2026 13:55,25236.1,0.11656,0.11359,0.11294612869921167,0.11388523765753283,0.11625,0.12045,0.12573,0.13196175051274192,0.14101775083963278,0.14887,0.15822,0.16671,0.1759857298369111,0.18618,0.22795,0.21717,0.20582,0.19499,0.18373,0.17406,0.16392,0.15415098494599253,0.14413639713478135,0.13574,0.12863434854286265,0.12181,0.11645,0.11189
22-01-2026 14:00,25232.35,0.11278,0.11148178815623613,0.11044,0.11153554776475295,0.11441788465889434,0.11889,0.12442,0.13177,0.14082,0.14875,0.15824,0.16729,0.1762,0.18660077503758707,0.2271811169214542,0.21603093340358612,0.20418,0.19241,0.18109,0.17107268213069576,0.16079,0.15092,0.1423,0.13419,0.12787,0.12171,0.11697139777523487,0.11263
22-01-2026 14:05,25228.35,0.1113578345501994,0.10708,0.10712,0.10975,0.11323,0.11804,0.12407,0.13184,0.1409,0.14891,0.15874265122598205,0.16756,0.17697825294242495,0.18734,0.2242724327107593,0.21401,0.20296423059469423,0.19156,0.1803308688333503,0.1706941784628066,0.16046,0.15106,0.14225,0.13464,0.12825,0.12236,0.1183,0.1145
22-01-2026 14:10,25212.7,0.10325,0.10382,0.10594,0.10885,0.11289,0.11798,0.12494,0.1329766537255618,0.14238,0.15053,0.16028,0.16979,0.17899,0.18902,0.22308,0.21316949831241536,0.20205,0.19124,0.18092405450553756,0.17176,0.16192,0.15288,0.14506,0.13776,0.13253,0.12725,0.12369,0.12136374778939345
22-01-2026 14:15,25178.75,0.12182,0.1185,0.11731,0.11826,0.12078,0.12452,0.13073,0.13801,0.14683,0.15506,0.16487,0.17383,0.18321,0.19368346492835548,0.22145728062914388,0.20979,0.19827,0.1869,0.17605,0.16626,0.15609,0.14672,0.13785601131639127,0.12978,0.12368,0.11768,0.11226284896494353,0.10694208890616107
22-01-2026 14:20,25194.65,0.11846,0.11485,0.11436924851856772,0.11535,0.11816,0.12227669862370796,0.12966750126857507,0.13774901135247047,0.14569,0.15327802052665776,0.16323735797704422,0.17242,0.18114,0.19248,0.2156644234861655,0.20607848282367514,0.19576490522157958,0.18559612928194105,0.17536,0.16566,0.15514888981771313,0.14546,0.13666,0.12849,0.12242,0.11604739097887312,0.11085,0.10634
22-01-2026 14:25,25206.4,0.13345,0.12568,0.1217,0.11997,0.12155,0.12397,0.12961,0.13628,0.14473,0.15238,0.16165,0.17013,0.17877,0.18890082602112865,0.22143,0.21092,0.19894,0.18769,0.17572770016393038,0.16488907061959207,0.15369,0.14311,0.13369052630454084,0.12438673156342568,0.11657,0.10903,0.10235,0.09526
22-01-2026 14:30,25236.6,0.14193,0.13211,0.12578,0.1224,0.12169309023483359,0.12338095743384508,0.12701,0.13266076877648444,0.14065,0.1477,0.15648,0.16456,0.1726,0.18226415935447757,0.2254700132387296,0.21403,0.20264,0.19115,0.1791,0.16887152899964303,0.15779,0.14667,0.1368,0.12692,0.11873,0.11061,0.1026,0.09509
22-01-2026 14:35,25267.55,0.13245,0.12446,0.11907,0.11651001975463621,0.11656,0.11849,0.12255,0.12866,0.13621,0.14339,0.15211,0.15998,0.16808,0.17725,0.22783,0.21768,0.20597814762562244,0.19426,0.18242,0.17251,0.16169,0.15087,0.14137,0.13163,0.12353951762301915,0.11555,0.10842,0.10158
22-01-2026 14:40,25289.0,0.12113808328966798,0.11554,0.11167362576610569,0.11038,0.11062,0.11348,0.11844,0.12494,0.13286,0.1400902140880747,0.14849,0.1556,0.16394,0.1729821559811091,0.23124439065726843,0.21954,0.20935,0.19642,0.18545,0.17533,0.1644,0.15399,0.14452,0.13534,0.12744,0.12046,0.11392,0.10707
22-01-2026 14:45,25289.65,0.1265,0.11898,0.11442,0.11143,0.11179,0.11412,0.11793,0.12328,0.1315,0.13850739976575582,0.14695,0.15481,0.16299,0.17293,0.22661,0.2165,0.2054041179209034,0.19358,0.18106,0.17133,0.15961,0.14912,0.13972,0.13057,0.12292,0.11586,0.10908,0.10263
22-01-2026 14:50,25294.65,0.11257,0.10885,0.10637504355678232,0.10539893221204118,0.10653396070371293,0.10929,0.11406,0.12007,0.12843,0.13603,0.14516964914235014,0.15341,0.16192,0.17181,0.22732,0.21666,0.20698,0.19387,0.1822,0.17141,0.160618710203366,0.14994121097536386,0.14075,0.13205,0.12467,0.11794,0.11225,0.1065
22-01-2026 14:55,25290.85,0.12505,0.1183,0.11366,0.11078,0.11049,0.11193,0.11479,0.12027,0.12826,0.13538244119550882,0.144,0.15238,0.16102,0.17101815476812526,0.22431,0.21334,0.20302,0.19065,0.17886,0.16850363996087983,0.15749,0.1469,0.13782,0.12883,0.12193,0.1152,0.10925178389621157,0.10323
22-01-2026 15:00,25269.5,0.11006,0.10676,0.10425,0.10401,0.10550830452765388,0.10865,0.11289,0.11928,0.12814,0.13594,0.14531,0.15404,0.16274172763137204,0.17172,0.22366,0.21357,0.20234,0.18974,0.1781,0.16765820113102384,0.15686,0.14672,0.13796606353086432,0.12967,0.12325,0.11717967695783749,0.11208,0.10714
22-01-2026 15:05,25256.3,0.13972,0.12993152473297398,0.1227624096517991,0.11811,0.11608824837781041,0.11644,0.11855,0.12337,0.13109,0.13759,0.14609,0.1536,0.16076,0.17157,0.22269,0.21193,0.20212,0.18893,0.17636,0.16553,0.15355,0.14238,0.13331,0.12411,0.11681,0.1094,0.10242,0.09535
22-01-2026 15:10,25297.3,0.12411,0.11729,0.11174,0.10823,0.10723416970639539,0.10824,0.11119,0.11643,0.12445,0.13117230389063125,0.13938,0.14775,0.15498,0.16581,0.22594789846660168,0.21557,0.20443417647347442,0.19217,0.1803460029861395,0.1699,0.15856,0.14748,0.13834,0.12938,0.12225,0.11514,0.10924,0.10397176214342244
22-01-2026 15:15,25297.45,0.13466,0.12452,0.1167365703927618,0.11152,0.10988,0.10975,0.11238509022017143,0.1180405053689595,0.12425,0.13058,0.13859931667416248,0.1468674168083484,0.15617,0.16649,0.22460206513336933,0.21324,0.20198,0.18929,0.17728479300620675,0.16658,0.1554,0.14371,0.13387809706848447,0.12415,0.11671,0.10891,0.10236,0.09474
22-01-2026 15:20,25308.25,0.1378006419626713,0.12651,0.11843,0.11297,0.11042,0.10944,0.11139,0.11523,0.12287,0.12878,0.13797,0.1464,0.15511013101633803,0.16518,0.22618,0.21531,0.20509,0.19178,0.17973,0.16889,0.1573,0.14589,0.13596,0.12591,0.11792702398933261,0.10996,0.10303,0.09568
22-01-2026 15:25,25314.1,0.12667988086126625,0.1190378841560808,0.11396,0.10975,0.1081000455549356,0.10811,0.1098,0.1137178285263344,0.12229009939208767,0.12859,0.13684,0.14746,0.15602971683103756,0.16634,0.22511289573511423,0.21422,0.20312,0.19107,0.17871,0.16752229350664816,0.15573,0.14379,0.13299,0.12317928145091347,0.11524,0.10856,0.10267,0.09702319316926793
23-01-2026 09:15,25292.15,0.11931,0.11649,0.11509,0.11353410921796933,0.11418,0.11547,0.11955,0.12571,0.13367193326437984,0.14050492764757253,0.15092388918189273,0.1623237871865326,0.17459,0.18513000456309334,0.24477,0.23396,0.22297,0.21079624366926508,0.19709099212732412,0.18555214320646296,0.17365,0.16193,0.15213,0.14322,0.13578,0.13011,0.12536,0.12142
23-01-2026 09:20,25265.75,0.15631,0.14353,0.13315,0.12625240163683668,0.1228,0.12116,0.12231,0.12772,0.13584,0.14465,0.15473954425457806,0.16482,0.17196158167414707,0.18469,0.24396,0.23249408608965155,0.22085,0.2079,0.19492,0.18248,0.17022675885638622,0.15744,0.14538,0.13438,0.12516,0.11665,0.10902,0.10073
23-01-2026 09:25,25330.85,0.12813,0.12132,0.11486,0.11163,0.10964,0.10946,0.11183,0.11716,0.12565,0.13412665996249792,0.14542664330717117,0.15603,0.16594754106641754,0.17721,0.25325827574844934,0.24198,0.23026,0.21748,0.2051,0.19247,0.1795,0.16666,0.15364,0.1427,0.13305,0.12516,0.11848,0.11202531769656236
23-01-2026 09:30,25330.3,0.10976484871736081,0.10461,0.10332,0.10229,0.10288,0.10443,0.10828,0.11533,0.12474,0.1352,0.14612,0.15747755504092564,0.16717,0.17867,0.25374,0.24117646390595307,0.23008574482006283,0.21749,0.2051,0.19356,0.18263987019648922,0.1704708981920154,0.1584308707705856,0.14693648443644414,0.13837,0.13156,0.12593,0.12058
23-01-2026 09:35,25299.45,0.12453,0.11639,0.11166,0.10824055399053296,0.10737,0.10758,0.11121,0.11806,0.12835,0.13843612913722828,0.14951,0.16119,0.17159,0.18236,0.25024,0.23797764337950336,0.2268741518338726,0.21401,0.20141,0.18963,0.1773284309970579,0.16441,0.15234,0.14161,0.13315,0.12488,0.1189,0.11226
23-01-2026 09:40,25299.95,0.11211,0.10773,0.10503950302661293,0.10357434663229188,0.10436,0.1056,0.10957,0.11735,0.12776978561179883,0.13748,0.14949,0.16018,0.171,0.1817,0.25295,0.24189,0.22915,0.21597,0.20356,0.19183,0.17915,0.16708,0.15541,0.14557,0.13685,0.12948,0.12378,0.11808
23-01-2026 09:45,25269.0,0.13505,0.12568,0.11863,0.11398,0.11201,0.11176,0.11522,0.12257,0.13271,0.14283432540516416,0.15413,0.16573,0.1727251994306269,0.18534,0.24748,0.23541368655600167,0.22327,0.2101016300141578,0.19701,0.18500908459629054,0.17224,0.15981,0.14748,0.13673,0.1272073452931427,0.11923101965225216,0.11206,0.10445
23-01-2026 09:50,25300.7,0.10649301243931715,0.1026259216764745,0.10102,0.09972,0.10033,0.10306232369020495,0.10776777236591138,0.11544,0.12655,0.13711,0.14907,0.16072,0.16983,0.18175,0.25005,0.23827986454301794,0.22641,0.21445,0.2017135820203243,0.19005,0.17787523577179012,0.16533,0.15422,0.14411090417063746,0.13561,0.12812,0.12267,0.11716
23-01-2026 09:55,25284.3,0.12230421031341546,0.11467,0.10997,0.10683,0.10583,0.10672406810317102,0.11068,0.11894,0.1295,0.14041,0.15111,0.16268237984309156,0.17282,0.18339,0.24836568562780975,0.23659,0.22362,0.21121,0.19804886372521147,0.18583,0.17265,0.16037,0.14893,0.13825,0.12943518137978788,0.12193,0.11563675924962055,0.10906
23-01-2026 10:00,25294.9,0.11551,0.10871,0.10436,0.10219,0.10211,0.10379,0.10796,0.11405670533234068,0.1262972854904945,0.13743953874794707,0.14825,0.1595548550803397,0.17017,0.18201,0.24879,0.23819,0.22575,0.21331,0.19948,0.18824,0.17501,0.16269,0.15122,0.14046883563232956,0.13134,0.12581,0.11644,0.11059
23-01-2026 10:05,25293.15,0.10517,0.10167,0.09968,0.0982,0.09925,0.10135,0.10671,0.11611,0.12728,0.13881,0.1515391299791109,0.16201,0.17172,0.18302,0.24961239907535196,0.23745,0.22507,0.21211792762141857,0.19887,0.18769,0.17481,0.16247,0.1505260443695883,0.14012,0.13096091197943283,0.12392,0.11809,0.11261
23-01-2026 10:10,25285.05,0.11052,0.10593697006652811,0.1024,0.10061,0.10086,0.10313,0.10837,0.11749,0.12893,0.13934,0.1512,0.16325,0.17293,0.18352,0.24859668478976596,0.2364,0.22405065871099145,0.2111,0.19732,0.18653,0.17334466481427155,0.16068,0.1488422901634189,0.13838,0.12927048647683081,0.12203,0.11586,0.10975
23-01-2026 10:15,25283.3,0.09813,0.0969,0.09643,0.09644,0.09796,0.10146075052942675,0.10741,0.11611864762227248,0.13035197736984255,0.1408,0.15197,0.16357,0.17405221225860973,0.18454,0.24748,0.23625,0.22383,0.2114,0.19799,0.18669,0.17432,0.16229,0.15133,0.14089247340257233,0.13319,0.12637,0.12096,0.1163
23-01-2026 10:20,25261.25,0.11266,0.10693,0.10368,0.10196,0.10212,0.10575935392442685,0.11161478794276486,0.11993,0.13215,0.14255903366460354,0.15483,0.16683,0.17642,0.18760071273979215,0.24452,0.23264,0.21969,0.20778,0.19476,0.18301,0.16998,0.15745,0.14593,0.13537,0.12714,0.11906,0.11292,0.10675
23-01-2026 10:25,25266.4,0.12923,0.12084,0.11406811674238831,0.10906,0.1068,0.10733,0.11143,0.12046,0.13196370683071731,0.14234,0.15368,0.1651,0.17515,0.18488,0.24610784451117726,0.23405,0.21999,0.20768,0.19478,0.1828,0.16955386246932458,0.15649,0.14408706177844213,0.13273,0.12314,0.1146,0.10689,0.09988192707061076
23-01-2026 10:30,25303.15,0.11532,0.10978,0.10509,0.10165,0.10087,0.10216,0.10624,0.11495,0.12659,0.13721,0.14878,0.15988,0.16944,0.17992,0.24986,0.23875,0.22534,0.213495663741976,0.20076,0.1885,0.17510452250221997,0.16166,0.14948415744354496,0.13819,0.12852,0.12019,0.11289,0.10629192707059902
23-01-2026 10:35,25313.0,0.10599,0.10186,0.09907,0.09747,0.09731405765897849,0.0994,0.10381,0.11312,0.12386,0.13501,0.14694,0.15955,0.16936,0.18005,0.252,0.24023,0.2274921730508253,0.21507240861324825,0.20168484763590314,0.1897,0.17706,0.16405659932537967,0.15175,0.14111,0.13216,0.12382201406916828,0.11661,0.10953692707059164
23-01-2026 10:40,25297.7,0.11135,0.10597853274480654,0.10164,0.09885,0.09857,0.10014,0.10505036156471823,0.11392,0.12568,0.1366,0.14834,0.16081,0.17098,0.18154,0.24998,0.23817,0.22548466177014453,0.21299,0.20011,0.18782,0.17474,0.16203,0.14983317060644022,0.13919,0.12963644939416225,0.12116,0.11415,0.10767
23-01-2026 10:45,25297.35,0.09821,0.0961,0.09449,0.09374,0.09458,0.09708,0.10329,0.11295548962076869,0.12481,0.13631,0.14812248377816395,0.15986,0.16983,0.18134495379206944,0.25003,0.23822,0.22587,0.21354870784588262,0.20057,0.18858,0.17634,0.16313,0.15174,0.14097,0.13188,0.12401,0.11728,0.11121568842050568
23-01-2026 10:50,25284.35,0.10889,0.10308,0.09980427289494562,0.09792,0.09777,0.10001829774899734,0.10539,0.11485,0.12655,0.13792,0.14926035409112337,0.16072742931225628,0.17007748887550947,0.1813,0.24965,0.23762731754470243,0.22462,0.21215,0.19953,0.18702,0.17404,0.16081,0.14871,0.13728,0.12794,0.11977,0.11228,0.10575
23-01-2026 10:55,25278.2,0.11094,0.105,0.10087,0.09864,0.09843,0.10062,0.1063,0.11618,0.12824,0.1389,0.1509551888022117,0.16219,0.172,0.18298,0.24888224506566448,0.23687,0.22382,0.21133,0.19828,0.18614,0.17283,0.15906,0.14677546293403876,0.1357,0.12612,0.11761881409705142,0.1103,0.10344
23-01-2026 11:00,25279.7,0.09949,0.09668,0.09482602081384645,0.09447,0.09556,0.09858,0.10531415542385231,0.11571,0.12772,0.13938789039651056,0.15124,0.16314,0.1738,0.1836,0.24788,0.23718,0.2236,0.21164,0.19899,0.18645,0.17314,0.15991,0.14826,0.13761,0.12834,0.12056,0.11372,0.1076921756620114
23-01-2026 11:05,25270.35,0.11142,0.10533,0.10125,0.09914,0.09979851792322832,0.10156310964766302,0.10775,0.11755,0.12923,0.14062,0.15264484796864788,0.16401,0.17519,0.1861965893764491,0.24668,0.23478,0.22181,0.2094,0.19641011043485598,0.184,0.17078,0.15764,0.14516,0.13386,0.12443,0.1159,0.10893,0.10227
23-01-2026 11:10,25281.6,0.10635,0.10161745222375985,0.09802,0.09604,0.09709,0.09969,0.10605,0.11605,0.12821,0.13898,0.15062,0.16303005765848258,0.17368,0.1835,0.24835,0.23587,0.22297346288689057,0.2104072893231967,0.19733,0.18506,0.17165,0.1587,0.1462,0.13463,0.12497,0.11648,0.10931,0.10249
23-01-2026 11:15,25277.8,0.09535,0.09197411523291167,0.09053423822092627,0.09105606537269952,0.0938,0.09774640856453974,0.10508,0.1156,0.12818,0.1392,0.15124,0.16343705116786925,0.17365,0.18335,0.24587,0.23482,0.22086,0.20872,0.1960328094558166,0.18418,0.17177,0.15952,0.14744,0.13673,0.12756394942353566,0.11975720981338692,0.11301,0.10725
23-01-2026 11:20,25261.05,0.11031,0.10344,0.09958,0.09768,0.09885,0.10159,0.10799,0.11835,0.13099999629416753,0.14178,0.15327,0.1652811058597702,0.17543,0.18648,0.24568,0.23374,0.2202,0.20750464433835306,0.19441,0.18205,0.16923296404353175,0.15658,0.14398,0.13288,0.12320016578833659,0.11444,0.10707,0.10066371678593358
23-01-2026 11:25,25270.95,0.1105219558219514,0.10164,0.09754,0.09611,0.09717,0.10005,0.10647662961052251,0.11709,0.12867,0.14035,0.15238,0.16421,0.1747397019068676,0.18445,0.24609603063296137,0.23482361049382122,0.22117,0.20887,0.19554,0.1829,0.17018,0.15771,0.14458,0.13327,0.12294,0.1140527134008574,0.10649,0.09934
23-01-2026 11:30,25274.7,0.09177,0.08955,0.08944,0.08999901310199845,0.0926,0.09732,0.10491369238949833,0.11568,0.12800869580204358,0.13943,0.15140898383632448,0.16318,0.17404852792920206,0.18476,0.24712,0.23528,0.2218,0.20902,0.19618,0.18467,0.17181,0.15975,0.14731,0.1366507950045872,0.1278,0.11977701129548798,0.1137203711089064,0.10746
23-01-2026 11:35,25252.0,0.0935,0.09162,0.09139987503830642,0.09228,0.09519,0.10037,0.10855,0.11968,0.13238848721338195,0.14375,0.15529,0.16707,0.17758,0.18871,0.24268,0.23094,0.21751,0.20479,0.19155,0.18014,0.16828,0.15635,0.14542,0.13578,0.12799,0.12090050570590968,0.11509,0.11053
23-01-2026 11:40,25221.8,0.10092,0.09778,0.09666,0.09753763720509347,0.10061,0.10582,0.11556,0.12721,0.13961,0.15203,0.16314,0.17479514460945647,0.18383,0.19383943208345505,0.23925,0.2275224869071333,0.21433,0.20188,0.18882,0.1767655162532698,0.16385,0.15167,0.14043,0.13085,0.12271,0.11550164183758746,0.10956,0.10438
23-01-2026 11:45,25210.75,0.09618,0.09657498412110131,0.09747,0.09935,0.10373,0.10955,0.11906,0.13073,0.1424,0.15445545438814792,0.16531,0.17591,0.18594904822183864,0.19675,0.23574,0.22526,0.21174,0.1984,0.18638,0.17499,0.16393,0.15306,0.14354,0.13564,0.12815,0.12247,0.11882,0.11379
23-01-2026 11:50,25193.45,0.11117,0.1073,0.10584152544617888,0.10572464211985168,0.1085,0.1135579599911972,0.12208,0.13307,0.14486,0.1561,0.16703,0.17741,0.18736,0.19852,0.23272,0.22105,0.20822,0.1948252624917699,0.18169,0.16945,0.15821,0.14668199213110883,0.13596,0.12681,0.11883,0.11236,0.10684,0.10173
23-01-2026 11:55,25208.4,0.10773,0.10369,0.1022,0.10292,0.10575,0.11112063712613587,0.11979,0.1304,0.14257,0.15349,0.16485661713568722,0.17532,0.18533,0.19565271477922364,0.23561,0.22389,0.21046,0.19772,0.18489,0.17183,0.16035,0.14834,0.13744,0.12787,0.11970312461307955,0.11298,0.10728,0.10255754910314248
23-01-2026 12:00,25209.75,0.10982402438256897,0.10481,0.10303,0.10346,0.10637,0.11101,0.11858067038283,0.13157134508533086,0.14275,0.15335,0.16428,0.1752,0.18573473477561467,0.19714,0.23589,0.22355,0.21077755217096028,0.198,0.18517,0.17247921064393834,0.15967,0.1473,0.13627,0.1266,0.11817637398889971,0.11104,0.10492,0.09911
23-01-2026 12:05,25207.8,0.09717,0.09678514225980223,0.09727286333468309,0.09955,0.10375,0.10947,0.11933,0.13061,0.14312,0.1545,0.16511,0.17556,0.1863954354700397,0.1982,0.23501,0.22209,0.20998,0.19729,0.18451,0.17225,0.1607,0.14862,0.13850565800253867,0.12999,0.12296,0.11696,0.11247,0.10886
23-01-2026 12:10,25190.3,0.10602,0.10311,0.10236,0.10405,0.10765,0.11347357644301598,0.12261,0.13353,0.14595,0.15725,0.1684368205214682,0.17872,0.18877,0.1993849643682952,0.23266,0.22015407445771945,0.2070396227844225,0.1943,0.18239,0.16962,0.15765,0.14576,0.13523,0.12612,0.11846,0.11226,0.10728002473289923,0.1021
23-01-2026 12:15,25193.1,0.12044,0.11324,0.1091,0.10827731301690598,0.11003,0.1141,0.12241,0.13313,0.14523,0.15652930462908055,0.16696,0.17778928283059886,0.18781,0.199,0.23385,0.22083,0.20803,0.19529,0.18201,0.16936,0.15689,0.14393,0.13247,0.12203,0.11306,0.10491,0.09748,0.09034
23-01-2026 12:20,25216.55,0.09396078776568915,0.09324008181694175,0.09660595052101031,0.09993,0.10351,0.10881,0.11807877431140437,0.12907,0.14159,0.15302667890079258,0.16402,0.17452,0.18521,0.19582,0.23652,0.22488,0.2115,0.19831,0.18568596145518335,0.17343,0.16068,0.14839,0.13724,0.12774,0.11932,0.11244,0.10652,0.10192
23-01-2026 12:25,25202.7,0.10902,0.10505,0.10325222197387576,0.10354,0.10616728947916017,0.11111,0.1202,0.13111,0.14351,0.15435,0.1652,0.1766,0.18683855016649642,0.19783,0.23468,0.22237,0.20902,0.19636,0.1836,0.17081355781740779,0.15822,0.14607909454108026,0.13416380707826972,0.12424,0.11559,0.10825812123817868,0.10184,0.09596
23-01-2026 12:30,25205.2,0.10924,0.10449,0.10241,0.10351,0.1062,0.11118,0.12027,0.13111610618711259,0.14318,0.15422111621174914,0.16526655356812708,0.17632,0.18762,0.19829,0.23408077523285525,0.22218,0.20888,0.19609884087842883,0.18345791416660565,0.17105,0.15802,0.14526447951985333,0.13319,0.12291,0.11407,0.10656,0.09979,0.09415
23-01-2026 12:35,25205.5,0.11402,0.1082626370057195,0.10454,0.10462,0.10685,0.1115,0.12027,0.13105,0.14285,0.1542803028509406,0.16493,0.17635,0.18638,0.19688,0.23527,0.22295,0.20959,0.19669459258805372,0.18372,0.17078,0.1578538741185887,0.14482,0.13307,0.12233,0.11291,0.10468,0.09735,0.09112612068404617
23-01-2026 12:40,25211.7,0.11514,0.10918641842861768,0.10518,0.10499,0.10666,0.11088,0.11947,0.12981,0.14194,0.15277,0.16456,0.17497,0.18622,0.19683,0.23403,0.22129,0.20819,0.19528,0.18287,0.17019,0.15677,0.1439720617759028,0.13127263065307165,0.12064,0.11144,0.10326241392597445,0.09605,0.08937
23-01-2026 12:45,25238.75,0.09531,0.09296,0.09274,0.09478,0.09861,0.10362,0.11331,0.12359045749235636,0.13567,0.14706,0.15868,0.17112,0.18118,0.19242,0.2355250646023905,0.22423217905253331,0.2115,0.19929,0.18696,0.1748,0.16178,0.14858,0.13741056918279032,0.12777,0.11935,0.1118,0.10566,0.10053
23-01-2026 12:50,25208.05,0.11818,0.11082287151115755,0.10589,0.10503,0.10731892073633614,0.11150643616120441,0.11886,0.12907,0.14080732295805515,0.15177,0.16278,0.17508,0.18566831911860232,0.19678,0.23324506460200786,0.22163,0.20784,0.19651,0.18341,0.17058,0.15667231381029573,0.14308,0.13085,0.11971,0.11004170254274548,0.10129,0.0937,0.0855
23-01-2026 12:55,25226.8,0.09191,0.09074,0.09136179654234576,0.09436,0.09881108086662832,0.10493,0.11438542479589785,0.12694,0.13837,0.15025,0.16205,0.17356,0.1841871636175058,0.19498,0.23641,0.22369,0.21182,0.20039,0.187349839219291,0.17433,0.16074,0.14707,0.13576,0.12571,0.11721,0.10981,0.10391,0.09895
23-01-2026 13:00,25191.8,0.10732,0.10216,0.10054,0.10197,0.10559,0.1115611835969001,0.12128,0.13301,0.14502427105048768,0.15608,0.16683,0.17872,0.18873,0.19995,0.23239,0.22018,0.20746,0.19582,0.18204,0.16979,0.15628,0.14286,0.13142,0.1209,0.11199,0.10378944681182002,0.09654,0.08989
23-01-2026 13:05,25191.25,0.10677646803304382,0.10077,0.09948,0.10124,0.10514,0.11102,0.12143,0.13289878163809446,0.14478,0.15664,0.16748,0.17944,0.19018,0.20155,0.2309429515098168,0.21953,0.20747,0.19582,0.18203,0.17015,0.15659,0.14283,0.13138,0.12085,0.1118,0.10375,0.0965,0.09041
23-01-2026 13:10,25194.95,0.10157,0.09802,0.09731,0.09991,0.10395,0.1104,0.12038973224393244,0.13232,0.14454659291714378,0.15573,0.167,0.17842,0.18909,0.20112,0.23302,0.22106053193109237,0.2083559121951099,0.19653511252281078,0.18311,0.16964,0.15624,0.14236,0.13117,0.12040730620940214,0.11148,0.1041,0.09747,0.0918034369812428
23-01-2026 13:15,25171.1,0.09416,0.09469992490686675,0.0962,0.101,0.10765644578161633,0.11552,0.12639,0.1371812813209683,0.14998274734880723,0.1611,0.17255,0.18417,0.19448,0.20596,0.227306107784903,0.21619,0.20472,0.19249,0.17935183103847102,0.16678,0.15381,0.14203,0.13153,0.12279,0.1152,0.10933,0.10496,0.10098
23-01-2026 13:20,25141.7,0.09918,0.10042,0.10271,0.10734,0.11295,0.12068665918422027,0.13196,0.14377,0.1549,0.16568,0.17719962260603703,0.18856,0.19941,0.21075343766285545,0.22429,0.21339,0.2011,0.18918,0.17603,0.16335,0.15068,0.1396,0.12972,0.12119014864512219,0.11468066251233205,0.10861,0.10422,0.09779
23-01-2026 13:25,25138.55,0.09959,0.09975,0.10254288480525554,0.10753,0.1139,0.12191,0.13279,0.14464,0.15683,0.16747,0.179,0.19071,0.20056,0.21212,0.22394,0.21174,0.20072,0.1877945164391748,0.17434,0.1622,0.14993,0.1380180159727711,0.12773,0.11936,0.11245,0.10677,0.10293222384547396,0.09899
23-01-2026 13:30,25095.3,0.10352,0.10563,0.10930018072856308,0.11503,0.12248,0.1307448047028271,0.1424,0.15439,0.16649001813357436,0.1774,0.18879,0.20028,0.21161,0.2223,0.22468,0.21272,0.20148,0.18886,0.17617,0.16462,0.15373,0.1436,0.13495,0.12775624346602582,0.12242190768511554,0.11829,0.11625933820633233,0.11441
23-01-2026 13:35,25072.05,0.10627,0.10742,0.11133,0.11663,0.12394154842927958,0.13282,0.14377,0.15568,0.16759239516841454,0.17828,0.18980068618255047,0.20123,0.21156,0.22285086804181758,0.22141,0.20854635600055446,0.19618,0.18407510628952903,0.1715,0.15941,0.14792,0.13777,0.12862,0.12121,0.11527,0.11055590140765173,0.10719,0.10371
23-01-2026 13:40,25076.35,0.1005,0.10382,0.10953,0.11588,0.12411,0.132580241580007,0.14483308769862288,0.15623,0.16833,0.17852,0.19002,0.20138490335256298,0.21165,0.2226,0.2251,0.21295492751316744,0.20101,0.18915,0.17594,0.16462,0.15405,0.14446,0.13605430279534508,0.12982,0.12428,0.1212676047396138,0.11991,0.1204
23-01-2026 13:45,25053.0,0.11187,0.1133306855149685,0.11669,0.12201,0.12927,0.13836,0.14889,0.16014,0.17213,0.18326656515110543,0.1941,0.2057728640672294,0.21633,0.22737,0.21884,0.20619262844677252,0.19423119250459367,0.18173,0.16826,0.15582,0.14497,0.13459122793198067,0.12546251766292577,0.11786,0.11116,0.10602,0.10177407913991329,0.09759
23-01-2026 13:50,25055.05,0.11105,0.11255,0.11691,0.12263,0.12998,0.13922,0.14982,0.16105,0.17257,0.18399,0.1948,0.20664,0.21730476365493956,0.22849,0.22043,0.20712,0.1947062856284896,0.18212,0.16866,0.15651,0.14516,0.13427934412526402,0.12498,0.11719,0.11063,0.10486,0.10082,0.09818618527838639
23-01-2026 13:55,25054.0,0.11215,0.11334,0.1173,0.12222976361832427,0.12874,0.136536040573223,0.1482006065251736,0.15952,0.17036,0.18221,0.19365,0.20479,0.21583127478615693,0.22718132334861432,0.21977,0.2081,0.19563,0.18322,0.1706,0.15865,0.14751,0.13711,0.1281,0.12067,0.11411,0.10903,0.1056,0.10223
23-01-2026 14:00,25054.2,0.11441,0.11542316577746724,0.11838569986448771,0.12263471204520049,0.12875,0.13712,0.14666116663091464,0.15833,0.1693,0.18057,0.19126,0.20207,0.21334,0.22331,0.21929,0.20717,0.19529,0.18134,0.1686343369505959,0.15607748149703882,0.14443,0.1335,0.12424,0.1165,0.10991,0.10398,0.09874,0.09436
23-01-2026 14:05,25065.1,0.11171,0.11208,0.11495,0.11976,0.1261,0.13483,0.14508,0.15631,0.16766,0.17854,0.18921,0.20071662141857904,0.21187,0.22187,0.22034,0.20887,0.19703,0.18391,0.1705865134422094,0.15778,0.14614,0.13499,0.12562,0.11815,0.11132949076516077,0.10558,0.10159,0.09656
23-01-2026 14:10,25058.25,0.11362,0.11404,0.11716,0.1215,0.12778,0.13652,0.14643751442583416,0.15781,0.16918,0.1801,0.19032,0.20165,0.2129334879497796,0.22438,0.22067,0.20880875250921185,0.19652,0.18292,0.16945,0.15701,0.14502,0.13361,0.12347,0.11525,0.10969,0.10308,0.09849,0.09298
23-01-2026 14:15,25090.65,0.09978,0.10291,0.10775853159142194,0.11374,0.12098,0.12996,0.1401,0.15103,0.16303,0.17347,0.18454,0.19525,0.20646460058895486,0.21772,0.22608,0.2139,0.20107,0.18844,0.17504,0.16301,0.15186,0.14089,0.13175,0.12436,0.11926,0.11535,0.11377207220257118,0.11247
23-01-2026 14:20,25059.65,0.10638,0.10812,0.11229970920478166,0.11766,0.12479600095119282,0.13389,0.14391904968747454,0.15581,0.16723,0.17783,0.18819,0.19926,0.2099147314931392,0.22059424007922673,0.22341,0.21041,0.19825,0.185131300793575,0.17186,0.15965,0.14814,0.13705,0.12795,0.12066,0.11533478102961743,0.11106,0.10765,0.10473
23-01-2026 14:25,25049.75,0.11671902422313808,0.11518,0.11749,0.12119,0.12738,0.13461,0.1447,0.15513,0.16647,0.17606,0.18685058545550495,0.19830413728244425,0.2093222355176144,0.22056,0.2197,0.20694,0.19409,0.1802,0.1663043431623737,0.15341,0.141559187602624,0.1291622494715378,0.11907,0.11017,0.10294,0.09634,0.08975,0.08191
23-01-2026 14:30,25077.85,0.11012,0.11027,0.11321,0.11741,0.12437,0.13273068702842533,0.14348,0.15363,0.16489,0.1743,0.18512,0.19678,0.20853,0.2183,0.22389,0.21011,0.19796,0.1842,0.17068,0.15744,0.14487,0.13241,0.1218876695862473,0.11309,0.10574,0.09974,0.0941,0.08855
23-01-2026 14:35,25087.05,0.1078,0.10743,0.11035746480582544,0.11406,0.12089121019010297,0.129,0.1372835898514928,0.14828814492630416,0.16100754666478823,0.17109,0.18275,0.19420030376494982,0.20595,0.21554,0.22344,0.21103833957543,0.19846,0.18482,0.17106,0.15737,0.14542,0.13310288610237125,0.12292,0.11456021306246512,0.10799,0.10227,0.09782,0.0929
23-01-2026 14:40,25094.55,0.10497720022862356,0.1053,0.10947,0.11466,0.12255,0.1307256922757802,0.1417397826303819,0.15227,0.16277,0.17191,0.18385,0.19511,0.20621083436658685,0.2169,0.22589,0.21284863604316823,0.20016,0.18735,0.17383,0.1611544827626949,0.14868442081005917,0.13695,0.12586,0.11704,0.11101,0.10538,0.10040240477668878,0.09482485634602494
23-01-2026 14:45,25081.45,0.10176,0.10398,0.10845395622756475,0.11413,0.12268644076741375,0.13217,0.14255,0.15294,0.16372224347187148,0.17305,0.18476081072331876,0.19652,0.20829,0.21885,0.2247,0.20978,0.19875,0.18541,0.17329,0.1604,0.14899224306082026,0.13823,0.12811,0.12037070789679018,0.11468,0.11013,0.10692,0.10409021451477234
23-01-2026 14:50,25059.3,0.11025347038905108,0.11185591669641068,0.11717,0.12096255672295311,0.12789,0.13662,0.14639,0.15629,0.16695,0.17648,0.18874,0.19922,0.21018,0.22051,0.21779895308670483,0.20545,0.19303,0.18035,0.16728,0.15404,0.14196,0.1298030068217771,0.11889,0.10969,0.10285153953896815,0.09703,0.0915,0.08374
23-01-2026 14:55,25096.0,0.10471102794670577,0.10472,0.1084,0.11268,0.11992,0.12927,0.13943,0.1500871461754041,0.16087,0.17099,0.18296920860414947,0.19457,0.20503,0.21545,0.22446,0.21052087970504557,0.19757,0.18516,0.17236,0.15908,0.1469249573082652,0.13503,0.12398,0.11532,0.10926,0.10437,0.10001,0.09741
23-01-2026 15:00,25071.15,0.10632,0.10791,0.11251,0.11727,0.12556,0.13521,0.14652,0.15761,0.16824,0.17934,0.1912,0.20287,0.21389,0.22422,0.22224,0.2097045970998171,0.19792,0.1847149918129525,0.17151,0.15851547033120755,0.14663,0.13499,0.12455329276311683,0.11609,0.11005,0.10618,0.10368,0.1
23-01-2026 15:05,25059.0,0.1009,0.10433,0.10951,0.11488,0.12411,0.13455,0.14715,0.15877,0.17062,0.1813,0.19332521853620113,0.20477,0.21637,0.22744,0.2193,0.20704532606699116,0.19568,0.18348,0.17207,0.16041,0.15012,0.13935,0.13024,0.12326,0.11889947452202052,0.11648,0.11517,0.11593
23-01-2026 15:10,25045.6,0.11068,0.11273537219434476,0.11676,0.1215,0.13029,0.1398388452682015,0.15104,0.16104,0.17246,0.18276336549535152,0.19467133960541963,0.20637687783520212,0.21719,0.22664,0.21785409218954158,0.20548,0.19328114077568337,0.18023,0.1672802783191394,0.15451,0.14377,0.13176,0.12172408631972804,0.11352,0.10779,0.10344,0.09980637987392058,0.09623
23-01-2026 15:15,25061.1,0.10403,0.10756,0.11216,0.11735,0.12658,0.1366,0.14719,0.15763,0.16971,0.18027,0.19149,0.20296,0.21502,0.22596,0.22229,0.20842,0.19569,0.182329528005926,0.16807995149201752,0.15498,0.14334,0.13215,0.12057,0.11286,0.10961,0.1063,0.10431832691902329,0.1021
23-01-2026 15:20,25040.65,0.1146,0.11616,0.12127991449322012,0.12539280289715451,0.13309,0.1423330982632522,0.15303,0.16330455440936661,0.17486,0.18481,0.19659517005407617,0.20832,0.2181,0.22899,0.21955006135738922,0.2064214484465544,0.19313,0.17961,0.1662,0.15292,0.14013,0.12789,0.11618,0.10749,0.1026829524382726,0.0991,0.09488,0.08909
23-01-2026 15:25,25049.65,0.10887,0.11147,0.11604,0.12176,0.13109,0.1404564914826822,0.15154,0.16182,0.17314,0.18434,0.19727,0.20814,0.2205,0.22986,0.21958,0.20286,0.19008,0.17715,0.16433,0.15096,0.13995,0.12821263329157254,0.11550694842121052,0.10726,0.10175,0.09947,0.09448,0.08977
27-01-2026 09:15,25113.05,0.27499,0.30202,0.32281,0.35058,0.38461,0.42786,0.47824,0.52453,0.57367,0.62043,0.6661735246147595,0.70998,0.7561159851772695,0.7983611642213108,0.80455,0.75263,0.70349,0.64961,0.59775,0.55382,0.51257,0.48379,0.46589,0.46533,0.47357,0.49258,0.51278,0.54893
27-01-2026 09:20,24981.3,0.37173,0.38093,0.40439949550985266,0.4380575885563159,0.47625549520139465,0.5158096612366544,0.55918,0.60764,0.6609,0.70752,0.76109,0.80431,0.84893,0.8902545271517712,0.722,0.67056,0.63579,0.57755,0.52942,0.47801,0.4320463387441459,0.39554,0.37825,0.3773,0.38901,0.3994086603128651,0.41378,0.42236044999726147
27-01-2026 09:25,24940.7,0.41215,0.41457,0.42548,0.45720613229370743,0.4958,0.53823,0.58329,0.633644342248913,0.6864,0.73837,0.78617,0.83239,0.877,0.9203211938182423,0.70051,0.6528677951897657,0.60735,0.55241,0.5018,0.4528,0.40457,0.36324,0.3408437965659196,0.32686,0.31923,0.31138,0.2881,0.26077169337181827
27-01-2026 09:30,24944.4,0.43418,0.43019,0.43895930450208615,0.45789,0.4951764297102619,0.53966,0.5848760962886478,0.63551,0.68635,0.7387646148944814,0.79262,0.83608,0.8795613597612408,0.92433,0.69697,0.65541,0.61709,0.56144,0.51004,0.45156,0.40055627930548443,0.35395,0.31876,0.30027,0.27178933565307134,0.2570089021961524,0.23261,0.15552
27-01-2026 09:35,25018.3,0.4495,0.42747,0.41019,0.42032,0.45178,0.48583322162770826,0.52925,0.57595,0.62223,0.67629,0.7253740682727332,0.77034,0.81264,0.85271,0.7399058878422923,0.69537,0.64737,0.60076,0.54814,0.4962,0.44574,0.3963030803445572,0.35472,0.32039,0.29276,0.26448,0.22211,0.12637
27-01-2026 09:40,25090.85,0.4547,0.4137,0.39014,0.38476,0.40993,0.44455,0.48925,0.53745,0.58193,0.63655,0.68678,0.73576,0.76941,0.81462,0.79603,0.74443,0.69617,0.64951,0.60292,0.55029,0.49947,0.45308,0.40468,0.36501,0.333,0.30009,0.26344,0.2039
27-01-2026 09:45,25142.05,0.36816,0.34955,0.3373,0.34272,0.36723203156953727,0.40126,0.44811,0.49461,0.54701,0.59015,0.641629059879913,0.6927549973810162,0.74219,0.78754,0.8168732128520911,0.77235,0.7240476460310291,0.6754,0.63383,0.58196,0.52995,0.4791760057439193,0.43571,0.40108,0.3768,0.35236,0.3343954287855204,0.29136
27-01-2026 09:50,25142.45,0.34662,0.32683,0.31992,0.32756,0.35831,0.39611,0.44871,0.50094,0.54737,0.59426,0.65191,0.6984619484666869,0.74216,0.78114,0.8190631696814125,0.77273,0.72082,0.67648,0.6303928117625738,0.58085,0.53176,0.48237,0.4405,0.40779,0.37839058474280435,0.3667978672684066,0.34076,0.30921
27-01-2026 09:55,25130.4,0.32119,0.31184,0.31403,0.32672,0.36179,0.4063876905020606,0.45679,0.51181,0.5633622584435976,0.61344,0.6642936866828778,0.71226,0.75959,0.7934,0.80994,0.7601,0.72919,0.6784008534313363,0.6264,0.56905,0.516,0.46864,0.42882,0.40198715196339524,0.3854009861407071,0.37073,0.3566313362209105,0.33788
27-01-2026 10:00,25139.8,0.32443,0.3150063673205756,0.3127735866780405,0.32502,0.3620607185441229,0.40375,0.4537306521362935,0.51008,0.56064,0.6100131747190383,0.66324,0.70756,0.7605274861198369,0.795451718102377,0.83447,0.78289,0.7342436786308936,0.68513,0.633,0.58504,0.52821,0.47811,0.431,0.39817,0.37604,0.35656,0.33606,0.31098
27-01-2026 10:05,25125.85,0.30215,0.29677,0.30128,0.32297,0.36228,0.40899,0.46656,0.51932,0.57315,0.62148,0.67629,0.72081,0.7646323882848786,0.80129,0.8336383801148711,0.7832324651652285,0.73296,0.6833798501834384,0.63328,0.57812,0.52108,0.47288,0.43083,0.40016,0.38385,0.37058,0.35888,0.33865
27-01-2026 10:10,25088.75,0.4075,0.3744170936659314,0.35823,0.36103,0.3864765359602488,0.42782,0.48428,0.53178,0.58393,0.63445,0.68859,0.73067,0.7829,0.82034,0.81291,0.76659,0.71267,0.66199,0.6094700442465789,0.55399,0.49687,0.44858,0.39699,0.36248,0.33467,0.30806223889589396,0.27156,0.21831
27-01-2026 10:15,25129.65,0.43897,0.39066,0.36472,0.36018,0.38258,0.41304,0.46193882390564805,0.51171,0.56872,0.61118,0.66561,0.71362,0.75313,0.79688,0.84848,0.7956,0.74158,0.69533,0.63808,0.58309,0.53429,0.47852,0.43107,0.38655,0.35069,0.31475,0.27834,0.22729
27-01-2026 10:20,25170.2,0.32589,0.30563,0.3003254543304197,0.31025,0.34257,0.38807,0.4398762505725028,0.49493,0.553,0.59737,0.65279,0.69651,0.74989,0.78886,0.87099,0.8242652280423134,0.78094,0.73318,0.67496,0.62221,0.56933,0.5165055518665245,0.46210196197806724,0.42046,0.3892651479132985,0.36053,0.3374438121661052,0.30288
27-01-2026 10:25,25164.05,0.25371,0.26218,0.27617,0.30173,0.34283,0.39283,0.4492,0.50273,0.5590561689261412,0.60586,0.67118,0.7153007347535838,0.7597858467955451,0.79871,0.87468,0.82807,0.77342,0.72691,0.67296,0.61698,0.5619,0.51093,0.46379624350617044,0.42822,0.40896,0.39171446532374804,0.38081,0.37269
27-01-2026 10:30,25123.35,0.3273,0.31534,0.32142712650690575,0.33808,0.3785394614616641,0.42491,0.48153,0.5329464259005513,0.58658,0.63961,0.6989478080367154,0.7464,0.79521,0.83545,0.85189,0.79916,0.75078,0.7005884671492313,0.64601,0.59014,0.54071,0.49048,0.43891,0.39674,0.3669489098933814,0.33773,0.31402,0.28019
27-01-2026 10:35,25122.35,0.26479414978087856,0.2804086819365873,0.3076,0.33586,0.37908,0.4297086036387651,0.48624,0.54057,0.58795,0.64561,0.7025,0.74763,0.79619,0.82755,0.8585,0.80533,0.75652,0.70959,0.65084,0.5962743560117628,0.540231604699224,0.49179,0.4435,0.40453,0.3796260641643135,0.35626,0.33601,0.31486
27-01-2026 10:40,25095.65,0.26335043032143557,0.27705,0.30858,0.34517,0.39676,0.45359895187006694,0.5135,0.57223,0.62559,0.6780292532074736,0.7322957329940362,0.7755,0.82494,0.87277,0.82604,0.77517,0.73559,0.66826,0.62248,0.56794,0.5143175391716936,0.46905,0.42666,0.41728,0.41798,0.42719,0.44604,0.47381
27-01-2026 10:45,25027.6,0.33335,0.33817,0.35486,0.38911999879860965,0.44222,0.49912,0.5557,0.61343,0.66951,0.72857,0.7818134003973268,0.82268,0.8687815054253523,0.91224,0.81134,0.75038,0.7037300259634727,0.64989,0.59084,0.53037,0.47477,0.42695,0.37786,0.3478583274450976,0.33006,0.3156037190976994,0.2975,0.26889
27-01-2026 10:50,25020.95,0.3147099999984221,0.3311,0.36862486438996006,0.41388,0.46816,0.5232094546160927,0.58347,0.63393,0.67963,0.74791,0.8027,0.8509,0.89024,0.94593,0.82915,0.7654018544606053,0.7120843015672513,0.65159,0.59194,0.5382,0.48057,0.4304,0.38904216618680626,0.36854,0.36669,0.37527,0.3935375765646589,0.40869
27-01-2026 10:55,24997.0,0.3272,0.36294940367007505,0.38667017905592976,0.4288,0.4812533823501607,0.53983,0.59563,0.64794,0.70518,0.76982,0.81506,0.8733,0.92499579812042,0.97544,0.80799,0.7522989337980269,0.70166,0.64264,0.58219,0.52396,0.46518942705392957,0.41534,0.37268,0.35504,0.35497,0.3588637768150948,0.37173723669412473,0.3853
27-01-2026 11:00,24984.95,0.31782999999986716,0.34999213887548475,0.3910523718506934,0.44337,0.49355,0.55304,0.60914,0.66918,0.7194,0.7846,0.83519,0.8898095020933533,0.94099,0.99173,0.8343218808874652,0.7658560888685827,0.70616,0.63595,0.57545,0.5152385339370766,0.45921,0.40189,0.34996,0.32186,0.31013,0.29312,0.26525,0.201
27-01-2026 11:05,25008.55,0.35938,0.37815478049319345,0.39529,0.43643,0.48808,0.5433491601890805,0.60524,0.65624,0.71909,0.77679,0.83301,0.88779,0.93527,0.98664,0.8328109834505638,0.76668,0.72755,0.6648515160543603,0.5991020427916371,0.53754,0.47948,0.42233,0.36786,0.33818,0.32588,0.3183660652528063,0.31009,0.29008
27-01-2026 11:10,25017.35,0.35447,0.37502069298304264,0.3917,0.4329122463293329,0.48639,0.54371,0.6020065060542003,0.66031,0.71616,0.78283,0.83535,0.90092,0.94465,0.9941876855420969,0.84323,0.78659,0.74005,0.66858,0.6117265822556508,0.55235,0.4890777440048015,0.42763,0.37099,0.33704,0.32149,0.3109104631973908,0.29971,0.27694
27-01-2026 11:15,25024.0,0.36044,0.36747,0.38888,0.42815,0.48191,0.53609,0.59681,0.65096,0.70102,0.77263,0.82914,0.88409,0.9336210947561223,0.9822,0.84713,0.79103,0.74571,0.67934,0.61259,0.5514001436221698,0.48546,0.42832,0.37381,0.33669,0.31376,0.29753,0.29718705155717345,0.25166508163863177
27-01-2026 11:20,25044.9,0.32104,0.33931405239687795,0.36439,0.41123,0.46217,0.52086,0.58499,0.63522,0.69429,0.7605268108912588,0.81298,0.87951,0.92713,0.96345,0.85907,0.8038,0.75361,0.68763,0.63226,0.56455,0.51188,0.45302,0.39312,0.36313,0.34214,0.33306,0.32606,0.31835
27-01-2026 11:25,25036.65,0.36696,0.36749,0.38782,0.42691,0.4739628954024717,0.52892,0.58582,0.63827,0.6913,0.76463,0.8207,0.88782,0.93488,0.9859878997950339,0.8621962398982667,0.80684,0.7612192959699782,0.69546,0.6387578711815258,0.57808,0.5149,0.45444,0.39294,0.34485,0.31554,0.29122367997953086,0.26278,0.209
27-01-2026 11:30,25078.55,0.30177,0.31892,0.34583,0.39147,0.44413602836349536,0.50143,0.55908,0.6149493698527322,0.67088,0.73376,0.7916854232557995,0.85717,0.91064,0.95374,0.89745,0.84137,0.79065,0.72989,0.6731508991491858,0.61261,0.54192,0.4866,0.42664,0.38602,0.36245,0.34457,0.33544,0.31998376065327655
27-01-2026 11:35,25074.65,0.34720000000006623,0.34012,0.35804,0.39528,0.436,0.49221,0.55529,0.60544,0.66896,0.73161,0.79348,0.84687,0.91508,0.94711,0.90452,0.83873,0.7941441507252126,0.73505,0.67733,0.61641,0.54493,0.48589,0.42361,0.37293,0.33543,0.30816998304972787,0.28242,0.25141
27-01-2026 11:40,25088.45,0.51292,0.44935,0.42746,0.43359,0.45344,0.48777,0.54722,0.59689,0.6513772722166391,0.70847,0.76042,0.8144385956597769,0.86804,0.91268,0.9249570719703903,0.86574,0.8155326274438547,0.75212,0.68852,0.62328,0.56051,0.5012,0.43625,0.38682,0.3401,0.29952,0.25544,0.17427
27-01-2026 11:45,25159.6,0.26014,0.2794,0.30133,0.33437,0.37354,0.43836,0.49435,0.54956,0.60709,0.6697027734804585,0.73216,0.78416,0.830383665306742,0.86457,0.97798,0.9111,0.85324,0.79336,0.7316,0.6714972596672554,0.5995029410505336,0.5393348200735598,0.48941,0.44602,0.42422,0.41054,0.40549,0.41203
27-01-2026 11:50,25103.25,0.3271,0.32609,0.3415,0.37589,0.41313,0.47188787718275704,0.53389,0.59395,0.6449081488873472,0.69661,0.77721,0.81837,0.87825,0.92405,0.94209,0.87488,0.81721,0.76497,0.69521,0.63118,0.56521,0.50148,0.44941,0.41029497453647784,0.38774,0.37397106306422767,0.36494,0.34715
27-01-2026 11:55,25084.4,0.38528999999939517,0.37526,0.3787604570862579,0.4052,0.43891,0.49008,0.55875,0.60674,0.66333,0.71693,0.79863,0.85098,0.91214,0.9533349213575377,0.95193,0.8816702167358267,0.823346670696816,0.76111,0.69042,0.61931,0.557141551832179,0.4919851129069291,0.43434,0.39001,0.358767002340029,0.33146,0.30429,0.26015
27-01-2026 12:00,25100.25,0.3932,0.37693,0.37919,0.4033021486390602,0.44151,0.49354,0.5541,0.60307,0.65156,0.7042819706245181,0.77765,0.82725,0.8908311457718339,0.9347252958078647,0.9623,0.88186,0.82452,0.77303,0.706342054764779,0.6313978812376991,0.571,0.5129762794688643,0.45472,0.40448,0.37113,0.34364,0.31813,0.2841167694626173
27-01-2026 12:05,25122.5,0.35913,0.347,0.35271,0.37884,0.42015,0.47865,0.53933,0.5954491207541354,0.65344,0.69809,0.78273,0.82285,0.89728,0.9342135907806676,0.98853,0.90705,0.84928,0.78884,0.72602,0.6541,0.59385,0.5325266939516488,0.47451,0.4271482309452458,0.39439,0.37132,0.3522,0.3268487435119661
27-01-2026 12:10,25117.85,0.37709,0.3605,0.36361,0.38941,0.42902,0.487375382018132,0.55495,0.59802,0.66477,0.72079,0.78509,0.84864,0.9091657257414655,0.95972,0.98491,0.90182,0.84542,0.79545,0.73937,0.6659,0.6041165046462444,0.54119,0.47988,0.42957,0.39059,0.36109,0.33405,0.3012
27-01-2026 12:15,25117.6,0.30765,0.31365,0.33785,0.38075,0.438,0.49899,0.56222,0.62062,0.6774226962623114,0.73016,0.799493932521571,0.84696,0.9233,0.97212,1.01025,0.92673,0.85601,0.81432,0.7486,0.67419,0.61091,0.5527372740141192,0.4884951586748077,0.44767,0.41968,0.39999,0.38464,0.37378
27-01-2026 12:20,25109.2,0.39454,0.3758521422924081,0.37656,0.40138,0.44891590105133977,0.51201,0.57587,0.62761,0.68817,0.73425,0.81144,0.8637,0.94107,0.99043,1.00465,0.93314,0.8760568736782505,0.819,0.755239678597525,0.6835,0.62307,0.55271,0.48838,0.42912,0.37872,0.33881,0.3000564716355118,0.24873
27-01-2026 12:25,25134.2,0.27995,0.29513,0.325440425329098,0.37419,0.42935,0.4948,0.56462,0.623955181822342,0.67951,0.73799,0.81575,0.85823,0.94879,0.98686,1.03517,0.94871,0.90214,0.8435863715349952,0.77268,0.72383,0.63977,0.58404,0.51233,0.4603617111687649,0.42482,0.40127,0.38577,0.37778
27-01-2026 12:30,25098.2,0.34532,0.342670641112379,0.36118,0.4013,0.45691,0.52494,0.59417,0.66049,0.71503,0.76211,0.84146,0.89501,0.98724,1.00813,1.0379,0.95103,0.88906,0.83341,0.76474,0.70024,0.62633,0.56307,0.49249,0.4407,0.39862,0.36573,0.33397,0.29361
27-01-2026 12:35,25099.65,0.32818,0.3356,0.36352,0.41336,0.47017,0.53637,0.6040234143457868,0.66877,0.72412,0.7908701958209612,0.86377,0.92022,1.00022,1.03866,1.04009,0.97827,0.90271,0.8465783706596637,0.77667,0.71739,0.6438527530768453,0.57224,0.51253,0.45385,0.41578,0.3894967432452308,0.3681,0.34388823185987916
27-01-2026 12:40,25084.95,0.3550200000003315,0.35756,0.3851,0.43265,0.48939,0.55081,0.61517,0.6819070080288302,0.749138158945417,0.81686,0.87549,0.9270165406009474,0.99762,1.04657,1.04478,0.96906,0.90513,0.84759,0.7796040883851852,0.71012,0.62832,0.55539,0.49525,0.43853484473424464,0.3998458129300579,0.3691673024488016,0.34137,0.30249828492264175
27-01-2026 12:45,25083.9,0.3167000000004464,0.33588,0.38006,0.43751,0.49765,0.5648511914866167,0.63201,0.6994937040865029,0.76706,0.82994,0.8936952511882176,0.94517,1.0283,1.06306,1.05972,0.98286,0.91795,0.85952,0.78761,0.7134,0.6369,0.56286,0.50176,0.45209,0.42086,0.40056,0.38685,0.38058
27-01-2026 12:50,25065.25,0.3993,0.39715,0.42182,0.46947,0.52555,0.59988,0.66958,0.7268788163703125,0.78377,0.85703,0.9248203293113677,0.98798,1.04271,1.0919800080573692,1.07631,0.96973,0.90591,0.83859,0.75874,0.69506,0.62552,0.54605,0.4748346854974275,0.41217,0.36272,0.31743,0.28691002597713255,0.2231700636653669
27-01-2026 12:55,25094.45,0.33154,0.3502,0.3889,0.4443746673334313,0.5172902960692798,0.58448,0.6533433557802194,0.71484,0.77353,0.84815,0.9181158705226757,0.98176,1.05306,1.10751,1.10123,1.0251246699227388,0.9564902476925332,0.88526,0.80352,0.7374,0.65314,0.57953,0.5093,0.44418,0.40057,0.36528,0.34277,0.3115
27-01-2026 13:00,25087.35,0.32893,0.348,0.391410423834552,0.45282,0.52299,0.58998,0.66662,0.72416,0.7970859447060236,0.86777,0.94264,1.00345,1.07589,1.13114,1.11403,1.03344,0.95265,0.8909438328172636,0.81111,0.74373,0.66463,0.5872559678011413,0.51132,0.45443,0.408,0.37208,0.33849,0.30072
27-01-2026 13:05,25077.3,0.37491,0.387,0.42388,0.47872,0.5369,0.61433,0.69302,0.74483,0.82368,0.87877,0.93987,1.01338,1.08612,1.13901,1.10891,1.0295396653357531,0.96104,0.90142,0.80672,0.74013,0.66738,0.5811342725297934,0.50256,0.44235,0.39140735597452103,0.34786,0.30785,0.25246
27-01-2026 13:10,25078.6,0.38621,0.39523,0.43152,0.48027,0.54075,0.6185,0.6834,0.75694,0.82697,0.90538,0.98283,1.04564,1.12058,1.15819,1.12954,1.0471,0.96446,0.90732,0.8257066346571897,0.76234,0.68031,0.611804871726831,0.536613387458839,0.4650793245490634,0.40577,0.35911,0.31882,0.25628
27-01-2026 13:15,25088.55,0.4012272530515737,0.41003,0.44149,0.48748,0.54588,0.62644,0.70165,0.76234,0.83383,0.88793,0.99268,1.048219654101936,1.13316,1.14869,1.15813,1.07422,0.99013,0.9322,0.83392,0.77672,0.6923730853034548,0.61558,0.53137,0.46989,0.41386,0.36185,0.32856574804315564,0.26639
27-01-2026 13:20,25085.9,0.43553,0.43431,0.45449,0.49675,0.55424,0.6322391175933724,0.71032,0.7859813062307186,0.86254,0.92093,1.00047,1.0453,1.15693,1.19614,1.15829,1.07399,1.0084156937127176,0.94771,0.8571102508344783,0.78017,0.70546,0.61252,0.5312414056583651,0.4614,0.39462,0.34643532780455494,0.3026,0.23747
27-01-2026 13:25,25098.05,0.46141,0.45251,0.46505,0.50455,0.56244,0.6351802956536567,0.71329,0.78384,0.86895,0.94142,1.01001,1.09028,1.1697,1.21001,1.1724438096663783,1.10515,1.05253,0.97691,0.89784,0.81566,0.73052,0.64864,0.56142,0.47273,0.40676,0.34945,0.30219,0.2565531270174292
27-01-2026 13:30,25112.65,0.36831,0.38375,0.42493840541892813,0.48536,0.55493,0.63535,0.71437,0.79586,0.87378,0.94799,1.03188,1.0882265004516773,1.16419,1.22291,1.22766,1.15967,1.08677,1.0075691093559318,0.92938,0.8474008157897799,0.75914,0.68207,0.58743,0.5117,0.44197,0.39028,0.35284,0.3170231270172112
27-01-2026 13:35,25095.5,0.28249,0.34666867791004385,0.42153,0.49482,0.576261926960067,0.65956,0.7536,0.8196,0.9005872565469646,0.98382,1.0623866386241636,1.126582025486121,1.22002373610271,1.28497,1.21494,1.1548291623689115,1.09508,1.00257,0.93371,0.8510409666568857,0.7560117888358507,0.68561,0.6160717029454246,0.56349,0.535831908050998,0.52212,0.53098,0.59249
27-01-2026 13:40,25049.05,0.37743,0.42277,0.49073,0.5725920148634444,0.66038,0.74594,0.82367,0.90134,0.97221,1.06132,1.1209,1.187514257247115,1.27192,1.33216,1.20272,1.13539,1.06165,0.99634,0.92155,0.83142,0.73084,0.64204,0.55651,0.4863,0.42132,0.39112,0.36411,0.33202
27-01-2026 13:45,25044.1,0.42625,0.4670635131152264,0.51533,0.59021,0.660756482085413,0.736034571952318,0.8286099568526102,0.9131655923112355,0.9862388909492777,1.06364,1.15186,1.2071802076396558,1.2912379960581317,1.34114,1.245310577828795,1.1523164602374856,1.0821,1.004872241348954,0.91634,0.83709,0.73498,0.63898,0.55494,0.4712649786261574,0.39944,0.35232,0.30672,0.22099
27-01-2026 13:50,25054.3,0.37171,0.42344,0.49546,0.57747,0.67696,0.75746,0.85059,0.94007,1.0022,1.08021,1.1667841991812504,1.26015,1.34868,1.39246,1.314,1.2235037561930104,1.15066,1.06292,0.9819,0.88599,0.77972,0.67892,0.58948,0.50801,0.4364363224076459,0.39785,0.3843182502172264,0.34367
27-01-2026 13:55,25040.65,0.38421,0.43769,0.5171583292349161,0.6083,0.70442,0.7981312418123078,0.89528,0.97861,1.05464,1.13671,1.21434,1.30604,1.37665,1.44131,1.331542296865647,1.23488,1.1570116567647626,1.0770979319212974,0.99334,0.8927211953661245,0.7791478609398688,0.68166,0.5826512324665482,0.48888,0.40466,0.35208851237517363,0.29989,0.20917
27-01-2026 14:00,25042.35,0.32664,0.4114,0.50478,0.60881,0.70982,0.80406,0.89113,0.96993,1.0818,1.15066,1.22752,1.3206,1.41273,1.50397,1.372598378166237,1.28946,1.18482,1.0946,1.01173,0.9110425595155495,0.8088,0.7067641117177568,0.6073,0.52322,0.44833,0.41858,0.4138299999998708,0.34501523110083215
27-01-2026 14:05,25010.6,0.39868,0.48123,0.5779401597250717,0.67489,0.78007,0.8790575738407256,0.9729018563746848,1.0674,1.15967,1.25366464012141,1.3203874484593987,1.41135,1.505345517787677,1.57916,1.35802,1.27511,1.2004212214278984,1.10648,0.99522,0.89362,0.78825,0.67908,0.56582,0.47476,0.38944936865601526,0.32586,0.27633,0.12281
27-01-2026 14:10,25041.35,0.37357,0.45821,0.55878,0.6662686726851965,0.77277,0.86212,0.94634,1.05464,1.156630002658426,1.25296,1.321807363345754,1.40178,1.49949,1.56997,1.40252,1.3088253936204814,1.240748496134113,1.14421,1.0163,0.91977,0.8388,0.72874,0.6184254882082887,0.51409,0.41328,0.3543,0.31415,0.25836
27-01-2026 14:15,25034.25,0.3695,0.45459,0.56798,0.67166,0.7859027636171558,0.89058,0.9861220930961869,1.08509,1.19427,1.31635,1.37374,1.49623,1.55624,1.62888,1.44116,1.35926,1.283157644201349,1.18998,1.05823,0.9419,0.8413535129603334,0.73568,0.62576,0.52151,0.41642,0.35006914334324,0.31669,0.27147
27-01-2026 14:20,25028.4,0.40083,0.48493,0.59172,0.6941549644005459,0.79921,0.89922,1.0028,1.10091,1.197807425742772,1.302228900693152,1.38358,1.51294,1.61732,1.7236192578122875,1.48547,1.33764,1.3076,1.1912460014666766,1.07166,0.96811,0.8591,0.75421,0.6467,0.5403,0.44549,0.3874,0.34854,0.28994
27-01-2026 14:25,25022.0,0.42522,0.51321,0.62323,0.7317,0.84639,0.9466419047081952,1.04852,1.1661,1.26484,1.37808,1.46805,1.55096,1.65772,1.76347,1.5581533357631268,1.4534600000025604,1.3426844170903636,1.22728,1.1074082466706936,1.002259848629987,0.88354,0.76492,0.64858,0.5281,0.41194197739402816,0.3072164129561567,0.2387377727776766,0.11719
27-01-2026 14:30,25040.85,0.39181,0.50066,0.62518,0.75971,0.88623,0.99624,1.1264,1.2432,1.34177,1.46343,1.56662,1.66481,1.772607164663386,1.87057,1.57868,1.49654,1.414383591549263,1.32053,1.1951051980927232,1.07647,0.944,0.8212,0.696842349836749,0.57136,0.45098,0.36207,0.30341,0.25746675901348515
27-01-2026 14:35,25042.95,0.54896,0.57786,0.66313,0.76466,0.89905,1.00651,1.09641,1.22306,1.34797,1.50913,1.5939239574052029,1.68869,1.77649,1.8546,1.65134,1.52633,1.463723960729108,1.38194,1.2514284413120937,1.12711,0.98879,0.87119,0.74329,0.60591,0.46679,0.3320461015237402,0.22634078317321837,0.10484
27-01-2026 14:40,25097.55,0.33389,0.42508,0.55551,0.67826,0.78645,0.92303,1.03769,1.16763,1.23569,1.42219,1.5154619658973656,1.63715,1.7336473391418756,1.83068,1.7994,1.6687,1.576998883323536,1.47385,1.33685,1.22119,1.06074,0.93888,0.84334,0.69108,0.5457381691891761,0.40992,0.31756,0.26193
27-01-2026 14:45,25108.1,0.37525,0.42842,0.5506943869181279,0.68849,0.8273,0.97349,1.11692,1.23827,1.32278,1.48454,1.58344,1.71158,1.815320513458041,1.908746666668867,1.91042,1.71363,1.6325097118278749,1.53578,1.4053144448685568,1.27885,1.15422,1.00505,0.88216,0.7278724125155445,0.58912,0.43418,0.30565,0.20319
27-01-2026 14:50,25122.3,0.334020000000146,0.4328,0.55658,0.70672,0.84021,0.9529,1.12283,1.2314557433483735,1.34638,1.48257,1.61719,1.79522,1.88216,1.94677,2.057995670012538,1.89989,1.7764605511219955,1.64927,1.5205134331903047,1.37749,1.24586,1.08792,0.94426,0.78047,0.6278937702532307,0.47032,0.31555,0.16639
27-01-2026 14:55,25143.55,0.35345,0.38729,0.52999,0.6674438032533114,0.82563,1.0072,1.1472402532977612,1.2937,1.40702,1.55288,1.69702,1.7779,1.8854396947900165,1.94457,2.2023690033469805,2.06243,1.9756783185766793,1.86546,1.7262,1.55776,1.38835,1.2177,1.08865,0.90835,0.7503339993763208,0.58392,0.39964,0.24166
27-01-2026 15:00,25118.0,0.22867,0.42577,0.5983488562566753,0.76229,0.93694,1.07719,1.24115,1.40258,1.56178,1.66008,1.71452,2.02809,2.10815,2.13811,2.27781,2.11407,1.9501,1.8449724746676175,1.72376,1.54954,1.37437,1.19798,1.01998,0.8539190266400546,0.6876,0.51939,0.32525,0.13422099999828788
27-01-2026 15:05,25134.65,0.20763,0.42034,0.58577,0.74767,0.96576,1.10655,1.2084,1.45281,1.62229,1.78968,1.85084,2.031834383122623,2.16189,2.31529,2.60916,2.34411,2.1711747719506342,2.0160482742864656,1.8685999184993753,1.68275,1.44213,1.2783513002384919,1.11695,0.95237,0.75249,0.56259,0.35433,0.11644
27-01-2026 15:10,25154.95,0.16803,0.40933,0.6219762144728677,0.82645,0.9756648853061514,1.12661,1.335595966725714,1.58429,1.7741956617332872,1.96159,2.03204,2.3302,2.38021,2.55189,2.71129,2.504216663029062,2.3376752621094306,2.13747,2.13017,1.85502,1.65228,1.44843,1.2431,0.97402,0.82574,0.6200369660575014,0.40968,0.17324
27-01-2026 15:15,25174.85,0.14225,0.42629,0.6745,0.81392,1.03772,1.33488,1.47205,1.7240736946649848,1.9952817973330494,2.22048,2.30421,2.50644,2.690767325519014,2.90515,3.17201,2.95157,2.88296,2.51011,2.4194,2.06703,1.84445,1.62086,1.39592,1.16917,1.00123,0.75534,0.5234517199263274,0.23712
27-01-2026 15:20,25198.1,0.0168,0.39816,0.69406,0.954890538831206,1.20671,1.47601,1.84647,2.00071,2.333784507901768,2.6557,2.76165,3.070950862132013,3.3623410744092657,3.69076,3.9501550000067076,3.6535739625683648,3.40433,3.13418,2.86358,2.59234,2.32024,2.04698,1.77218,1.4953,1.21558,0.9612752988659489,0.68798,0.3404
27-01-2026 15:25,25242.4,0.03726,0.35816,0.73157,1.13908,1.53259,1.91634,2.29252,2.66246,3.02705,3.4123378415592014,3.74259,4.108282857142403,4.453772978501866,4.840027041706277,5.780596666660931,5.38476,4.97453,4.59339,4.21172,3.82927,3.44575,3.06078,2.6739,2.28444,1.89151,1.4918482701680824,1.08871,0.6812244878554486
