id,value
07-01-2026 09:15||NIFTY27JAN2624100PE,0.1634231610808441
07-01-2026 09:15||NIFTY27JAN2625500CE,0.1131461471168192
07-01-2026 09:15||NIFTY27JAN2625800CE,0.10157776335693094
07-01-2026 09:20||NIFTY27JAN2624000PE,0.1714030188942861
07-01-2026 09:20||NIFTY27JAN2624200PE,0.15953792940637448
07-01-2026 09:20||NIFTY27JAN2624800PE,0.1284205953677998
07-01-2026 09:20||NIFTY27JAN2625000PE,0.11852540401570211
07-01-2026 09:20||NIFTY27JAN2625300CE,0.10309655509526201
07-01-2026 09:20||NIFTY27JAN2625400CE,0.11031690736340379
07-01-2026 09:20||NIFTY27JAN2625800CE,0.10891731060151405
07-01-2026 09:20||NIFTY27JAN2625900CE,0.10324138846514982
07-01-2026 09:25||NIFTY27JAN2624300PE,0.1545515395206497
07-01-2026 09:25||NIFTY27JAN2625100PE,0.11237050281874321
07-01-2026 09:25||NIFTY27JAN2625300CE,0.09808940208180374
07-01-2026 09:25||NIFTY27JAN2626500CE,0.08488423361180104
07-01-2026 09:30||NIFTY27JAN2623900PE,0.17666797933429546
07-01-2026 09:30||NIFTY27JAN2624300PE,0.15263154636817877
07-01-2026 09:30||NIFTY27JAN2625900CE,0.10049050338970132
07-01-2026 09:30||NIFTY27JAN2626400CE,0.08994332106810818
07-01-2026 09:35||NIFTY27JAN2623900PE,0.17695347793965677
07-01-2026 09:35||NIFTY27JAN2624600PE,0.13730820524747941
07-01-2026 09:35||NIFTY27JAN2625100PE,0.11139407918627771
07-01-2026 09:35||NIFTY27JAN2625900CE,0.10196392329178548
07-01-2026 09:35||NIFTY27JAN2626100CE,0.09602685393506614
07-01-2026 09:40||NIFTY27JAN2625100PE,0.1137268401578782
07-01-2026 09:40||NIFTY27JAN2625600CE,0.09156250744363181
07-01-2026 09:40||NIFTY27JAN2625800CE,0.08743222699451009
07-01-2026 09:40||NIFTY27JAN2625900CE,0.08401466018416313
07-01-2026 09:40||NIFTY27JAN2626200CE,0.08288520701248935
07-01-2026 09:45||NIFTY27JAN2625000PE,0.11590936917694222
07-01-2026 09:45||NIFTY27JAN2625200CE,0.12372744218609955
07-01-2026 09:45||NIFTY27JAN2625900CE,0.09971824621557422
07-01-2026 09:45||NIFTY27JAN2626400CE,0.08913992305670405
07-01-2026 09:50||NIFTY27JAN2623800PE,0.18040817248167992
07-01-2026 09:50||NIFTY27JAN2624500PE,0.1409988158907273
07-01-2026 09:50||NIFTY27JAN2624900PE,0.12099369430634621
07-01-2026 09:50||NIFTY27JAN2625200CE,0.12693982725340414
07-01-2026 09:50||NIFTY27JAN2625500CE,0.1090424043444885
07-01-2026 09:50||NIFTY27JAN2625600CE,0.10665314673676532
07-01-2026 09:50||NIFTY27JAN2626400CE,0.08797775249075791
07-01-2026 09:55||NIFTY27JAN2624300PE,0.1513531917136516
07-01-2026 09:55||NIFTY27JAN2624700PE,0.13045349215655994
07-01-2026 09:55||NIFTY27JAN2625000PE,0.11538372837179119
07-01-2026 09:55||NIFTY27JAN2625500CE,0.12486521358311028
07-01-2026 09:55||NIFTY27JAN2625800CE,0.10988219815313946
07-01-2026 09:55||NIFTY27JAN2625900CE,0.10717231646435284
07-01-2026 10:00||NIFTY27JAN2624600PE,0.13713293337755883
07-01-2026 10:00||NIFTY27JAN2625000PE,0.11754650463041423
07-01-2026 10:00||NIFTY27JAN2625900CE,0.09920656455229729
07-01-2026 10:00||NIFTY27JAN2626100CE,0.09461489416915479
07-01-2026 10:00||NIFTY27JAN2626500CE,0.08841393659338831
07-01-2026 10:05||NIFTY27JAN2625200CE,0.07639762290671515
07-01-2026 10:05||NIFTY27JAN2625500CE,0.11330093954072722
07-01-2026 10:05||NIFTY27JAN2626300CE,0.09402810079488119
07-01-2026 10:10||NIFTY27JAN2623800PE,0.18483021247784492
07-01-2026 10:10||NIFTY27JAN2623900PE,0.1782207063636156
07-01-2026 10:10||NIFTY27JAN2624200PE,0.1608901712201244
07-01-2026 10:10||NIFTY27JAN2625500CE,0.10092888470902685
07-01-2026 10:10||NIFTY27JAN2625600CE,0.10419355671761815
07-01-2026 10:10||NIFTY27JAN2625700CE,0.10706909815381203
07-01-2026 10:10||NIFTY27JAN2625900CE,0.10344113894412738
07-01-2026 10:10||NIFTY27JAN2626000CE,0.10093572011236693
07-01-2026 10:15||NIFTY27JAN2623900PE,0.17814847324880317
07-01-2026 10:15||NIFTY27JAN2625700CE,0.09314126773182953
07-01-2026 10:15||NIFTY27JAN2626100CE,0.08721972182206435
07-01-2026 10:15||NIFTY27JAN2626200CE,0.08648458890048959
07-01-2026 10:15||NIFTY27JAN2626500CE,0.0834803703456486
07-01-2026 10:20||NIFTY27JAN2624000PE,0.17279407281167886
07-01-2026 10:20||NIFTY27JAN2624200PE,0.16183127058374552
07-01-2026 10:20||NIFTY27JAN2624300PE,0.15551761302190362
07-01-2026 10:20||NIFTY27JAN2624500PE,0.1448738236685566
07-01-2026 10:20||NIFTY27JAN2625500CE,0.11209014792326147
07-01-2026 10:20||NIFTY27JAN2625700CE,0.10287413388694226
07-01-2026 10:20||NIFTY27JAN2626100CE,0.09045265088597008
07-01-2026 10:25||NIFTY27JAN2624000PE,0.17092155279838112
07-01-2026 10:25||NIFTY27JAN2624100PE,0.1661728361709727
07-01-2026 10:25||NIFTY27JAN2625600CE,0.09612797786055541
07-01-2026 10:25||NIFTY27JAN2625700CE,0.09573293628262537
07-01-2026 10:25||NIFTY27JAN2626100CE,0.08960348954671134
07-01-2026 10:30||NIFTY27JAN2624200PE,0.15942980543045318
07-01-2026 10:30||NIFTY27JAN2625100PE,0.11057363872233786
07-01-2026 10:30||NIFTY27JAN2625500CE,0.11671054997138651
07-01-2026 10:30||NIFTY27JAN2625600CE,0.11132565003695553
07-01-2026 10:30||NIFTY27JAN2626000CE,0.09580883667196886
07-01-2026 10:30||NIFTY27JAN2626200CE,0.09192246904231029
07-01-2026 10:30||NIFTY27JAN2626300CE,0.08997273782992429
07-01-2026 10:35||NIFTY27JAN2623800PE,0.181224557330857
07-01-2026 10:35||NIFTY27JAN2624200PE,0.15918262830950783
07-01-2026 10:35||NIFTY27JAN2624500PE,0.14256808786251465
07-01-2026 10:35||NIFTY27JAN2625000PE,0.11623526401793148
07-01-2026 10:35||NIFTY27JAN2625400CE,0.12294401180991876
07-01-2026 10:35||NIFTY27JAN2625500CE,0.11606150998738894
07-01-2026 10:35||NIFTY27JAN2626100CE,0.09606033333544847
07-01-2026 10:35||NIFTY27JAN2626300CE,0.09118916946351927
07-01-2026 10:40||NIFTY27JAN2623900PE,0.17692110599293068
07-01-2026 10:40||NIFTY27JAN2624900PE,0.12243998464486919
07-01-2026 10:40||NIFTY27JAN2625100PE,0.11155628465396215
07-01-2026 10:40||NIFTY27JAN2625200CE,0.13263678914861748
07-01-2026 10:40||NIFTY27JAN2625400CE,0.11654412942258069
07-01-2026 10:40||NIFTY27JAN2625600CE,0.1063131934527037
07-01-2026 10:40||NIFTY27JAN2625800CE,0.10063551854864285
07-01-2026 10:40||NIFTY27JAN2626100CE,0.0932318602353642
07-01-2026 10:40||NIFTY27JAN2626300CE,0.08923543823071906
07-01-2026 10:45||NIFTY27JAN2624000PE,0.17136179129100787
07-01-2026 10:45||NIFTY27JAN2625100PE,0.11101628465396195
07-01-2026 10:45||NIFTY27JAN2625300CE,0.1202886391078732
07-01-2026 10:45||NIFTY27JAN2626000CE,0.09467509852128497
07-01-2026 10:45||NIFTY27JAN2626400CE,0.08718137823068943
07-01-2026 10:50||NIFTY27JAN2623900PE,0.17660191230252187
07-01-2026 10:50||NIFTY27JAN2624200PE,0.15975346888682115
07-01-2026 10:50||NIFTY27JAN2625600CE,0.11141870315810458
07-01-2026 10:50||NIFTY27JAN2625800CE,0.10227908826592433
07-01-2026 10:55||NIFTY27JAN2624300PE,0.1554679495881561
07-01-2026 10:55||NIFTY27JAN2624900PE,0.12380872283615588
07-01-2026 10:55||NIFTY27JAN2625500CE,0.11237379729293656
07-01-2026 11:00||NIFTY27JAN2624200PE,0.1605491586365175
07-01-2026 11:00||NIFTY27JAN2626500CE,0.0903609375418376
07-01-2026 11:05||NIFTY27JAN2624300PE,0.15626271590409113
07-01-2026 11:05||NIFTY27JAN2624600PE,0.1403521615202676
07-01-2026 11:05||NIFTY27JAN2624800PE,0.13002065143891722
07-01-2026 11:05||NIFTY27JAN2625200CE,0.05290202881292334
07-01-2026 11:05||NIFTY27JAN2626000CE,0.09509911708122079
07-01-2026 11:05||NIFTY27JAN2626200CE,0.09017916699487562
07-01-2026 11:10||NIFTY27JAN2624400PE,0.1493439070637675
07-01-2026 11:10||NIFTY27JAN2624800PE,0.12914546605604754
07-01-2026 11:10||NIFTY27JAN2625200CE,0.12648210589089345
07-01-2026 11:10||NIFTY27JAN2625500CE,0.11213256654409413
07-01-2026 11:10||NIFTY27JAN2625700CE,0.1008192536087352
07-01-2026 11:10||NIFTY27JAN2625900CE,0.09484852268689163
07-01-2026 11:10||NIFTY27JAN2626300CE,0.08702574401854453
07-01-2026 11:15||NIFTY27JAN2624000PE,0.17147833261948398
07-01-2026 11:15||NIFTY27JAN2624800PE,0.12748184802610346
07-01-2026 11:15||NIFTY27JAN2625400CE,0.12758608269732785
07-01-2026 11:15||NIFTY27JAN2626100CE,0.09561165133987395
07-01-2026 11:15||NIFTY27JAN2626300CE,0.09115174324453344
07-01-2026 11:20||NIFTY27JAN2623800PE,0.1814224300284267
07-01-2026 11:20||NIFTY27JAN2624200PE,0.15972056944785973
07-01-2026 11:20||NIFTY27JAN2624900PE,0.1225374822012954
07-01-2026 11:20||NIFTY27JAN2625300CE,0.11871047670968721
07-01-2026 11:20||NIFTY27JAN2625700CE,0.09952216575743765
07-01-2026 11:20||NIFTY27JAN2626000CE,0.09275907493837197
07-01-2026 11:25||NIFTY27JAN2623800PE,0.18082223002868333
07-01-2026 11:25||NIFTY27JAN2624400PE,0.1479144042996864
07-01-2026 11:25||NIFTY27JAN2624800PE,0.12690458804832302
07-01-2026 11:25||NIFTY27JAN2625300CE,0.1256662162337926
07-01-2026 11:25||NIFTY27JAN2625700CE,0.10315056028198252
07-01-2026 11:25||NIFTY27JAN2625800CE,0.1006390804833217
07-01-2026 11:25||NIFTY27JAN2625900CE,0.09943331152836836
07-01-2026 11:25||NIFTY27JAN2626000CE,0.09604387594801443
07-01-2026 11:25||NIFTY27JAN2626200CE,0.09111487157869598
07-01-2026 11:30||NIFTY27JAN2624300PE,0.15391048232799884
07-01-2026 11:30||NIFTY27JAN2624400PE,0.1485365999331939
07-01-2026 11:35||NIFTY27JAN2624900PE,0.12266632474308142
07-01-2026 11:35||NIFTY27JAN2626300CE,0.08743367259090233
07-01-2026 11:40||NIFTY27JAN2624000PE,0.17147137036770455
07-01-2026 11:40||NIFTY27JAN2624500PE,0.1429184890102954
07-01-2026 11:40||NIFTY27JAN2625200CE,0.1306174799992047
07-01-2026 11:40||NIFTY27JAN2625900CE,0.1000763687464206
07-01-2026 11:45||NIFTY27JAN2624000PE,0.17076578315551372
07-01-2026 11:45||NIFTY27JAN2625000PE,0.11591370930957229
07-01-2026 11:45||NIFTY27JAN2625500CE,0.10930396032978325
07-01-2026 11:45||NIFTY27JAN2625600CE,0.11851190787419068
07-01-2026 11:45||NIFTY27JAN2626400CE,0.08838904324438815
07-01-2026 11:50||NIFTY27JAN2624000PE,0.17060683997181425
07-01-2026 11:50||NIFTY27JAN2624600PE,0.13710820578220748
07-01-2026 11:50||NIFTY27JAN2625700CE,0.1029494415709376
07-01-2026 11:50||NIFTY27JAN2626400CE,0.08535212618178292
07-01-2026 11:55||NIFTY27JAN2623900PE,0.17541976384243022
07-01-2026 11:55||NIFTY27JAN2625200CE,0.1510676363123859
07-01-2026 11:55||NIFTY27JAN2625400CE,0.1241287973855532
07-01-2026 11:55||NIFTY27JAN2626100CE,0.09324006999242519
07-01-2026 11:55||NIFTY27JAN2626300CE,0.08886943442925804
07-01-2026 12:00||NIFTY27JAN2624300PE,0.15204013841242567
07-01-2026 12:00||NIFTY27JAN2624500PE,0.1413643620580367
07-01-2026 12:00||NIFTY27JAN2625500CE,0.11132477745183425
07-01-2026 12:00||NIFTY27JAN2625600CE,0.11066309881468145
07-01-2026 12:00||NIFTY27JAN2626400CE,0.08718141616334016
07-01-2026 12:05||NIFTY27JAN2624200PE,0.15772208426816425
07-01-2026 12:05||NIFTY27JAN2624300PE,0.1516764293860635
07-01-2026 12:05||NIFTY27JAN2625300CE,0.1464218498449361
07-01-2026 12:05||NIFTY27JAN2625900CE,0.10120589338252371
07-01-2026 12:05||NIFTY27JAN2626000CE,0.09815823896439552
07-01-2026 12:05||NIFTY27JAN2626300CE,0.09055988400427104
07-01-2026 12:05||NIFTY27JAN2626400CE,0.08870778284128875
07-01-2026 12:10||NIFTY27JAN2624000PE,0.16890418964880777
07-01-2026 12:10||NIFTY27JAN2625200CE,0.1553435263382335
07-01-2026 12:10||NIFTY27JAN2625600CE,0.11512267200553218
07-01-2026 12:10||NIFTY27JAN2626500CE,0.09086331790711304
07-01-2026 12:15||NIFTY27JAN2624300PE,0.151439087382662
07-01-2026 12:15||NIFTY27JAN2625000PE,0.11421358014859072
07-01-2026 12:15||NIFTY27JAN2625100PE,0.10827941396865574
07-01-2026 12:15||NIFTY27JAN2625300CE,0.15197054595489326
07-01-2026 12:15||NIFTY27JAN2625500CE,0.11933603229274908
07-01-2026 12:15||NIFTY27JAN2625600CE,0.11585602045895506
07-01-2026 12:20||NIFTY27JAN2624000PE,0.16860726082411726
07-01-2026 12:20||NIFTY27JAN2624400PE,0.14559246322865238
07-01-2026 12:20||NIFTY27JAN2625100PE,0.11016941396865636
07-01-2026 12:20||NIFTY27JAN2626100CE,0.09584592335435117
07-01-2026 12:25||NIFTY27JAN2624400PE,0.14580391960181333
07-01-2026 12:25||NIFTY27JAN2624600PE,0.1357380647217555
07-01-2026 12:25||NIFTY27JAN2624700PE,0.13059353323612058
07-01-2026 12:25||NIFTY27JAN2625300CE,0.13707696102322625
07-01-2026 12:25||NIFTY27JAN2626300CE,0.09031430360812974
07-01-2026 12:30||NIFTY27JAN2623800PE,0.18004469452334995
07-01-2026 12:30||NIFTY27JAN2624000PE,0.1685742319018858
07-01-2026 12:30||NIFTY27JAN2624100PE,0.16282287430009362
07-01-2026 12:30||NIFTY27JAN2624500PE,0.14162962372551507
07-01-2026 12:30||NIFTY27JAN2624600PE,0.1359763010846403
07-01-2026 12:30||NIFTY27JAN2625200CE,0.13448381382338742
07-01-2026 12:30||NIFTY27JAN2626300CE,0.09165840332653884
07-01-2026 12:35||NIFTY27JAN2625100PE,0.1099390515060124
07-01-2026 12:35||NIFTY27JAN2625300CE,0.1294094758011757
07-01-2026 12:35||NIFTY27JAN2625400CE,0.12224609232220106
07-01-2026 12:35||NIFTY27JAN2626300CE,0.09134835088792646
07-01-2026 12:35||NIFTY27JAN2626500CE,0.08786009083631963
07-01-2026 12:40||NIFTY27JAN2625100PE,0.11082905150601245
07-01-2026 12:40||NIFTY27JAN2625700CE,0.09915782057270776
07-01-2026 12:45||NIFTY27JAN2623800PE,0.17671349482732043
07-01-2026 12:45||NIFTY27JAN2624000PE,0.16651945537787208
07-01-2026 12:45||NIFTY27JAN2624900PE,0.11960817247537478
07-01-2026 12:45||NIFTY27JAN2625000PE,0.11423765436776104
07-01-2026 12:45||NIFTY27JAN2625800CE,0.10233517190828358
07-01-2026 12:45||NIFTY27JAN2626400CE,0.08765123185405242
07-01-2026 12:50||NIFTY27JAN2624400PE,0.1453786044700452
07-01-2026 12:50||NIFTY27JAN2624700PE,0.12895467665010754
07-01-2026 12:50||NIFTY27JAN2625100PE,0.10985763522409892
07-01-2026 12:50||NIFTY27JAN2626300CE,0.09067223304328363
07-01-2026 12:55||NIFTY27JAN2623800PE,0.1789245501261269
07-01-2026 12:55||NIFTY27JAN2623900PE,0.17277444720827315
07-01-2026 12:55||NIFTY27JAN2625100PE,0.10951763522409913
07-01-2026 12:55||NIFTY27JAN2625200CE,0.12687406091777795
07-01-2026 12:55||NIFTY27JAN2625300CE,0.12550915800195295
07-01-2026 13:00||NIFTY27JAN2624000PE,0.16882460605100047
07-01-2026 13:00||NIFTY27JAN2624400PE,0.14597781434036133
07-01-2026 13:00||NIFTY27JAN2624600PE,0.134880443922953
07-01-2026 13:00||NIFTY27JAN2625300CE,0.1292396714095092
07-01-2026 13:00||NIFTY27JAN2625800CE,0.10491005782974852
07-01-2026 13:05||NIFTY27JAN2623900PE,0.174204936991148
07-01-2026 13:05||NIFTY27JAN2624700PE,0.12979372123519312
07-01-2026 13:05||NIFTY27JAN2625200CE,0.12928697457859858
07-01-2026 13:05||NIFTY27JAN2625400CE,0.11735539469854658
07-01-2026 13:05||NIFTY27JAN2626100CE,0.09352259888564189
07-01-2026 13:10||NIFTY27JAN2624400PE,0.14611671339192417
07-01-2026 13:10||NIFTY27JAN2624700PE,0.13024724034057783
07-01-2026 13:10||NIFTY27JAN2625400CE,0.11749967704545214
07-01-2026 13:10||NIFTY27JAN2625900CE,0.09728258845571303
07-01-2026 13:10||NIFTY27JAN2626400CE,0.08661482152607773
07-01-2026 13:15||NIFTY27JAN2624600PE,0.13497216734495662
07-01-2026 13:15||NIFTY27JAN2625400CE,0.11849024447978437
07-01-2026 13:15||NIFTY27JAN2625500CE,0.11785827803306195
07-01-2026 13:15||NIFTY27JAN2625700CE,0.10915796029392617
07-01-2026 13:15||NIFTY27JAN2625800CE,0.10409648753842946
07-01-2026 13:15||NIFTY27JAN2626400CE,0.08780345928394466
07-01-2026 13:20||NIFTY27JAN2624000PE,0.1678956891222678
07-01-2026 13:20||NIFTY27JAN2624500PE,0.1402153064284573
07-01-2026 13:20||NIFTY27JAN2624800PE,0.12480491245718657
07-01-2026 13:20||NIFTY27JAN2624900PE,0.11947652214890045
07-01-2026 13:20||NIFTY27JAN2625000PE,0.11423322434438808
07-01-2026 13:20||NIFTY27JAN2626300CE,0.08711328992945012
07-01-2026 13:25||NIFTY27JAN2624200PE,0.15518278641912336
07-01-2026 13:25||NIFTY27JAN2624600PE,0.13318941984089255
07-01-2026 13:25||NIFTY27JAN2624700PE,0.12820348237072673
07-01-2026 13:25||NIFTY27JAN2625100PE,0.10793619791894887
07-01-2026 13:25||NIFTY27JAN2626300CE,0.08835642669715717
07-01-2026 13:25||NIFTY27JAN2626400CE,0.08615655552441091
07-01-2026 13:25||NIFTY27JAN2626500CE,0.08469570734001096
07-01-2026 13:30||NIFTY27JAN2624000PE,0.16641058700840125
07-01-2026 13:30||NIFTY27JAN2624400PE,0.14398219433116816
07-01-2026 13:30||NIFTY27JAN2624600PE,0.13289712435787054
07-01-2026 13:30||NIFTY27JAN2624900PE,0.11758119956619126
07-01-2026 13:30||NIFTY27JAN2625300CE,0.13885705408272694
07-01-2026 13:30||NIFTY27JAN2625700CE,0.10804709208164948
07-01-2026 13:30||NIFTY27JAN2625800CE,0.10472841850858675
07-01-2026 13:30||NIFTY27JAN2626500CE,0.08756294797917719
07-01-2026 13:35||NIFTY27JAN2623900PE,0.17221481369969846
07-01-2026 13:35||NIFTY27JAN2624200PE,0.15553113939621513
07-01-2026 13:35||NIFTY27JAN2624300PE,0.15027149741061657
07-01-2026 13:35||NIFTY27JAN2625100PE,0.10710619791894899
07-01-2026 13:35||NIFTY27JAN2625200CE,0.12891940565822194
07-01-2026 13:35||NIFTY27JAN2625300CE,0.14832815112598563
07-01-2026 13:40||NIFTY27JAN2624300PE,0.14993295435470894
07-01-2026 13:40||NIFTY27JAN2625000PE,0.11284839421025777
07-01-2026 13:40||NIFTY27JAN2625700CE,0.10963199854359844
07-01-2026 13:40||NIFTY27JAN2626100CE,0.09466582781500135
07-01-2026 13:45||NIFTY27JAN2623900PE,0.17179599085287417
07-01-2026 13:45||NIFTY27JAN2624200PE,0.154864241853583
07-01-2026 13:45||NIFTY27JAN2624600PE,0.13271435706743206
07-01-2026 13:45||NIFTY27JAN2625200CE,0.13129314986566007
07-01-2026 13:45||NIFTY27JAN2625400CE,0.13434121883090344
07-01-2026 13:50||NIFTY27JAN2623800PE,0.178328777439923
07-01-2026 13:50||NIFTY27JAN2623900PE,0.17184740548778438
07-01-2026 13:50||NIFTY27JAN2624100PE,0.16122527972271117
07-01-2026 13:55||NIFTY27JAN2624400PE,0.14382526809709545
07-01-2026 13:55||NIFTY27JAN2625100PE,0.10783885142613826
07-01-2026 13:55||NIFTY27JAN2625300CE,0.13284672871250575
07-01-2026 13:55||NIFTY27JAN2625800CE,0.10680663638680486
07-01-2026 13:55||NIFTY27JAN2626400CE,0.08960681308839535
07-01-2026 14:00||NIFTY27JAN2623800PE,0.17915202433185767
07-01-2026 14:00||NIFTY27JAN2623900PE,0.1727111138749403
07-01-2026 14:00||NIFTY27JAN2625400CE,0.12209225494105579
07-01-2026 14:00||NIFTY27JAN2625500CE,0.11403617985042261
07-01-2026 14:00||NIFTY27JAN2625900CE,0.10188196952957446
07-01-2026 14:00||NIFTY27JAN2626200CE,0.09291319590873597
07-01-2026 14:05||NIFTY27JAN2624000PE,0.1670432523857341
07-01-2026 14:05||NIFTY27JAN2624200PE,0.15556607929786992
07-01-2026 14:05||NIFTY27JAN2624400PE,0.14521899525161747
07-01-2026 14:05||NIFTY27JAN2625900CE,0.09909158874028895
07-01-2026 14:05||NIFTY27JAN2626000CE,0.09620495438276536
07-01-2026 14:05||NIFTY27JAN2626300CE,0.08879278099017374
07-01-2026 14:10||NIFTY27JAN2623800PE,0.17750163458277787
07-01-2026 14:10||NIFTY27JAN2624000PE,0.1673421586398795
07-01-2026 14:10||NIFTY27JAN2624700PE,0.12982574630088878
07-01-2026 14:10||NIFTY27JAN2626100CE,0.09179631858879687
07-01-2026 14:10||NIFTY27JAN2626200CE,0.089776042096009
07-01-2026 14:10||NIFTY27JAN2626400CE,0.08627554046323109
07-01-2026 14:15||NIFTY27JAN2625200CE,0.12132774672341438
07-01-2026 14:15||NIFTY27JAN2625600CE,0.10656456463507959
07-01-2026 14:15||NIFTY27JAN2625900CE,0.09538887024339042
07-01-2026 14:15||NIFTY27JAN2626200CE,0.08913379504709017
07-01-2026 14:20||NIFTY27JAN2623800PE,0.17682776029348726
07-01-2026 14:20||NIFTY27JAN2624500PE,0.13956672535553832
07-01-2026 14:20||NIFTY27JAN2625400CE,0.11829230609945801
07-01-2026 14:20||NIFTY27JAN2625700CE,0.1056850559023591
07-01-2026 14:20||NIFTY27JAN2626300CE,0.0881039523814819
07-01-2026 14:25||NIFTY27JAN2623900PE,0.17165436496413206
07-01-2026 14:25||NIFTY27JAN2625400CE,0.11777282229085578
07-01-2026 14:25||NIFTY27JAN2625700CE,0.10748423681259978
07-01-2026 14:25||NIFTY27JAN2625900CE,0.09891450260904341
07-01-2026 14:25||NIFTY27JAN2626300CE,0.08939243615011627
07-01-2026 14:30||NIFTY27JAN2624800PE,0.12410489784783703
07-01-2026 14:30||NIFTY27JAN2625100PE,0.10855236466017149
07-01-2026 14:30||NIFTY27JAN2625300CE,0.11798087209572843
07-01-2026 14:30||NIFTY27JAN2626300CE,0.08625234065380334
07-01-2026 14:35||NIFTY27JAN2624000PE,0.16704071026343825
07-01-2026 14:35||NIFTY27JAN2624100PE,0.1611049181378194
07-01-2026 14:35||NIFTY27JAN2624400PE,0.14513012742470927
07-01-2026 14:35||NIFTY27JAN2624700PE,0.12872985126360142
07-01-2026 14:35||NIFTY27JAN2625000PE,0.11296876358645805
07-01-2026 14:35||NIFTY27JAN2626400CE,0.0883141136114258
07-01-2026 14:35||NIFTY27JAN2626500CE,0.08682903088780154
07-01-2026 14:40||NIFTY27JAN2623800PE,0.1782223488684936
07-01-2026 14:40||NIFTY27JAN2624100PE,0.16225629455386187
07-01-2026 14:40||NIFTY27JAN2625100PE,0.10776274187796224
07-01-2026 14:40||NIFTY27JAN2625400CE,0.12042689264288822
07-01-2026 14:40||NIFTY27JAN2626200CE,0.09221505546574375
07-01-2026 14:45||NIFTY27JAN2623800PE,0.17923913870113262
07-01-2026 14:45||NIFTY27JAN2624000PE,0.16918409604419715
07-01-2026 14:45||NIFTY27JAN2624200PE,0.15825770152211877
07-01-2026 14:45||NIFTY27JAN2624500PE,0.14107805593475042
07-01-2026 14:45||NIFTY27JAN2624900PE,0.11966352400453335
07-01-2026 14:50||NIFTY27JAN2623900PE,0.17171400270134973
07-01-2026 14:50||NIFTY27JAN2624900PE,0.11875801723564923
07-01-2026 14:50||NIFTY27JAN2625600CE,0.11687103500464564
07-01-2026 14:50||NIFTY27JAN2626400CE,0.08885941305023937
07-01-2026 14:50||NIFTY27JAN2626500CE,0.08735367945467318
07-01-2026 14:55||NIFTY27JAN2624100PE,0.16422901876139281
07-01-2026 14:55||NIFTY27JAN2624300PE,0.15224694865712268
07-01-2026 14:55||NIFTY27JAN2624600PE,0.13528942385893616
07-01-2026 14:55||NIFTY27JAN2625900CE,0.09776128055799875
07-01-2026 14:55||NIFTY27JAN2626300CE,0.08858915110688188
07-01-2026 15:00||NIFTY27JAN2623900PE,0.17365912955225968
07-01-2026 15:00||NIFTY27JAN2625100PE,0.1100235519873247
07-01-2026 15:00||NIFTY27JAN2625700CE,0.10044847500885261
07-01-2026 15:00||NIFTY27JAN2626000CE,0.092714299677262
07-01-2026 15:00||NIFTY27JAN2626400CE,0.08570218779554027
07-01-2026 15:05||NIFTY27JAN2624200PE,0.1585862078038663
07-01-2026 15:05||NIFTY27JAN2624500PE,0.14172770490231718
07-01-2026 15:05||NIFTY27JAN2625400CE,0.11057112102328
07-01-2026 15:05||NIFTY27JAN2626000CE,0.0923990575116406
07-01-2026 15:05||NIFTY27JAN2626400CE,0.0852540390853712
07-01-2026 15:10||NIFTY27JAN2623800PE,0.178841403270225
07-01-2026 15:10||NIFTY27JAN2624000PE,0.16991155980137213
07-01-2026 15:10||NIFTY27JAN2624400PE,0.14928537894399468
07-01-2026 15:10||NIFTY27JAN2624500PE,0.14303833818595202
07-01-2026 15:10||NIFTY27JAN2626500CE,0.08531848481861455
07-01-2026 15:15||NIFTY27JAN2624200PE,0.16034488061268734
07-01-2026 15:15||NIFTY27JAN2624900PE,0.12230422887041621
07-01-2026 15:15||NIFTY27JAN2625100PE,0.110971197918949
07-01-2026 15:15||NIFTY27JAN2625600CE,0.09379326459811278
07-01-2026 15:20||NIFTY27JAN2624100PE,0.16543533955811335
07-01-2026 15:20||NIFTY27JAN2625900CE,0.09200942033508659
07-01-2026 15:20||NIFTY27JAN2626300CE,0.08575930363031538
07-01-2026 15:25||NIFTY27JAN2624700PE,0.13150613060238311
07-01-2026 15:25||NIFTY27JAN2625500CE,0.10603474587695316
07-01-2026 15:25||NIFTY27JAN2626100CE,0.0896086418659448
07-01-2026 15:25||NIFTY27JAN2626400CE,0.08325065013629229
07-01-2026 15:25||NIFTY27JAN2626500CE,0.08158842221127731
08-01-2026 09:15||NIFTY27JAN2624100PE,0.1655627574531366
08-01-2026 09:15||NIFTY27JAN2624300PE,0.15254553290169331
08-01-2026 09:15||NIFTY27JAN2625100PE,0.11017377813761942
08-01-2026 09:15||NIFTY27JAN2625300CE,0.10681409036042408
08-01-2026 09:15||NIFTY27JAN2626300CE,0.08726790646083983
08-01-2026 09:20||NIFTY27JAN2623800PE,0.1827124855216613
08-01-2026 09:20||NIFTY27JAN2624100PE,0.16626706160740418
08-01-2026 09:20||NIFTY27JAN2624800PE,0.12583689512483026
08-01-2026 09:20||NIFTY27JAN2624900PE,0.12076073542349916
08-01-2026 09:20||NIFTY27JAN2625300CE,0.09527760856478179
08-01-2026 09:20||NIFTY27JAN2625900CE,0.08551405955984558
08-01-2026 09:20||NIFTY27JAN2626000CE,0.08593313471777124
08-01-2026 09:20||NIFTY27JAN2626400CE,0.08189696536983072
08-01-2026 09:20||NIFTY27JAN2626500CE,0.08129179024863509
08-01-2026 09:25||NIFTY27JAN2623900PE,0.17660820533042487
08-01-2026 09:25||NIFTY27JAN2624100PE,0.16564489205132604
08-01-2026 09:25||NIFTY27JAN2624200PE,0.15830129194537185
08-01-2026 09:25||NIFTY27JAN2625300CE,0.11159132352614583
08-01-2026 09:25||NIFTY27JAN2626200CE,0.08386892886449436
08-01-2026 09:25||NIFTY27JAN2626400CE,0.08305497695446785
08-01-2026 09:30||NIFTY27JAN2624100PE,0.16356624011222032
08-01-2026 09:30||NIFTY27JAN2624700PE,0.12878891035581613
08-01-2026 09:30||NIFTY27JAN2624800PE,0.12361529099032002
08-01-2026 09:30||NIFTY27JAN2624900PE,0.11866293434838589
08-01-2026 09:30||NIFTY27JAN2625000PE,0.1132574217389273
08-01-2026 09:30||NIFTY27JAN2626200CE,0.08772556227186588
08-01-2026 09:30||NIFTY27JAN2626300CE,0.08658589765099484
08-01-2026 09:35||NIFTY27JAN2623900PE,0.17281008676809048
08-01-2026 09:35||NIFTY27JAN2624100PE,0.16299507215395043
08-01-2026 09:35||NIFTY27JAN2624400PE,0.14431438146977915
08-01-2026 09:35||NIFTY27JAN2625300CE,0.12741245408649762
08-01-2026 09:35||NIFTY27JAN2625400CE,0.12217386790842248
08-01-2026 09:35||NIFTY27JAN2626100CE,0.09571340155570054
08-01-2026 09:35||NIFTY27JAN2626200CE,0.09332777410218653
08-01-2026 09:35||NIFTY27JAN2626500CE,0.08851448644071558
08-01-2026 09:40||NIFTY27JAN2623800PE,0.1810846061668643
08-01-2026 09:40||NIFTY27JAN2624800PE,0.12580114868395637
08-01-2026 09:40||NIFTY27JAN2624900PE,0.12010623415751545
08-01-2026 09:40||NIFTY27JAN2625000PE,0.11526001508443937
08-01-2026 09:40||NIFTY27JAN2625200CE,0.08023218200109444
08-01-2026 09:40||NIFTY27JAN2625700CE,0.09558578651060702
08-01-2026 09:40||NIFTY27JAN2626200CE,0.08591047395873518
08-01-2026 09:40||NIFTY27JAN2626400CE,0.08456988673963249
08-01-2026 09:45||NIFTY27JAN2624200PE,0.15922205499031117
08-01-2026 09:45||NIFTY27JAN2624600PE,0.13498613547007202
08-01-2026 09:45||NIFTY27JAN2625400CE,0.11373418013707788
08-01-2026 09:45||NIFTY27JAN2625900CE,0.0932657241811482
08-01-2026 09:45||NIFTY27JAN2626500CE,0.08537477214884016
08-01-2026 09:50||NIFTY27JAN2624400PE,0.1458588263146951
08-01-2026 09:50||NIFTY27JAN2625100PE,0.10893190372612516
08-01-2026 09:50||NIFTY27JAN2625500CE,0.11950192968131282
08-01-2026 09:50||NIFTY27JAN2625600CE,0.11070154302696478
08-01-2026 09:50||NIFTY27JAN2626400CE,0.08899321747861352
08-01-2026 09:55||NIFTY27JAN2624200PE,0.16012649357401304
08-01-2026 09:55||NIFTY27JAN2624600PE,0.1368402043870256
08-01-2026 09:55||NIFTY27JAN2625000PE,0.11616514076367698
08-01-2026 09:55||NIFTY27JAN2625100PE,0.11025427996745692
08-01-2026 09:55||NIFTY27JAN2625300CE,0.11449440863682221
08-01-2026 09:55||NIFTY27JAN2626000CE,0.09018333882475602
08-01-2026 09:55||NIFTY27JAN2626200CE,0.08707333814602929
08-01-2026 10:00||NIFTY27JAN2624600PE,0.13611699027760493
08-01-2026 10:00||NIFTY27JAN2625900CE,0.08896120579023765
08-01-2026 10:00||NIFTY27JAN2626100CE,0.08576699743455148
08-01-2026 10:00||NIFTY27JAN2626200CE,0.08470836114212059
08-01-2026 10:05||NIFTY27JAN2624800PE,0.12525606978848922
08-01-2026 10:05||NIFTY27JAN2625500CE,0.10207614062448571
08-01-2026 10:05||NIFTY27JAN2625800CE,0.09167480901392557
08-01-2026 10:05||NIFTY27JAN2626000CE,0.0885459489180188
08-01-2026 10:05||NIFTY27JAN2626500CE,0.08351263587873403
08-01-2026 10:10||NIFTY27JAN2624100PE,0.1637158215095143
08-01-2026 10:10||NIFTY27JAN2625000PE,0.1126236317013528
08-01-2026 10:10||NIFTY27JAN2625100PE,0.10668857416028091
08-01-2026 10:10||NIFTY27JAN2625200CE,0.13245756206161352
08-01-2026 10:10||NIFTY27JAN2625600CE,0.1086520538830219
08-01-2026 10:10||NIFTY27JAN2625800CE,0.10087878615060866
08-01-2026 10:10||NIFTY27JAN2626400CE,0.0864090175218741
08-01-2026 10:15||NIFTY27JAN2625100PE,0.10905857416028111
08-01-2026 10:15||NIFTY27JAN2625700CE,0.0927087044253798
08-01-2026 10:15||NIFTY27JAN2625800CE,0.09019652083109099
08-01-2026 10:15||NIFTY27JAN2626500CE,0.0831714169146765
08-01-2026 10:20||NIFTY27JAN2625200CE,0.12261626769702069
08-01-2026 10:20||NIFTY27JAN2626400CE,0.08647680485573758
08-01-2026 10:25||NIFTY27JAN2623900PE,0.1735709737703804
08-01-2026 10:25||NIFTY27JAN2624000PE,0.1690948732465611
08-01-2026 10:25||NIFTY27JAN2624400PE,0.14537083940271392
08-01-2026 10:25||NIFTY27JAN2624800PE,0.12357681176862728
08-01-2026 10:25||NIFTY27JAN2625000PE,0.11312587223917332
08-01-2026 10:25||NIFTY27JAN2625100PE,0.10789264084771978
08-01-2026 10:25||NIFTY27JAN2625200CE,0.12478763515392009
08-01-2026 10:25||NIFTY27JAN2625500CE,0.11091505640115205
08-01-2026 10:25||NIFTY27JAN2625600CE,0.10649823249726717
08-01-2026 10:25||NIFTY27JAN2625700CE,0.10395127000145889
08-01-2026 10:25||NIFTY27JAN2626100CE,0.09207600438293552
08-01-2026 10:25||NIFTY27JAN2626500CE,0.08717143503244651
08-01-2026 10:30||NIFTY27JAN2623800PE,0.17821957377747466
08-01-2026 10:30||NIFTY27JAN2624000PE,0.1694568894939916
08-01-2026 10:30||NIFTY27JAN2624400PE,0.14570212138741226
08-01-2026 10:30||NIFTY27JAN2624500PE,0.14031822354163603
08-01-2026 10:30||NIFTY27JAN2626000CE,0.09459577459763366
08-01-2026 10:30||NIFTY27JAN2626400CE,0.08758234641006274
08-01-2026 10:30||NIFTY27JAN2626500CE,0.08671143503244638
08-01-2026 10:35||NIFTY27JAN2624000PE,0.17026172386486135
08-01-2026 10:35||NIFTY27JAN2624200PE,0.15774342713018832
08-01-2026 10:35||NIFTY27JAN2625800CE,0.09441946132723023
08-01-2026 10:35||NIFTY27JAN2626300CE,0.08676140138972879
08-01-2026 10:35||NIFTY27JAN2626500CE,0.08551657534566097
08-01-2026 10:40||NIFTY27JAN2624000PE,0.16799365280597597
08-01-2026 10:40||NIFTY27JAN2624300PE,0.15045631405679274
08-01-2026 10:40||NIFTY27JAN2625000PE,0.1129215331702678
08-01-2026 10:40||NIFTY27JAN2625500CE,0.11234414164819939
08-01-2026 10:40||NIFTY27JAN2625900CE,0.09582050125460194
08-01-2026 10:40||NIFTY27JAN2626100CE,0.0917490368950948
08-01-2026 10:40||NIFTY27JAN2626300CE,0.08847512060860377
08-01-2026 10:40||NIFTY27JAN2626400CE,0.08732147662176601
08-01-2026 10:45||NIFTY27JAN2623900PE,0.1732770426757348
08-01-2026 10:45||NIFTY27JAN2624200PE,0.15755295586682294
08-01-2026 10:45||NIFTY27JAN2625200CE,0.12593677409460918
08-01-2026 10:45||NIFTY27JAN2625300CE,0.1267893486488272
08-01-2026 10:45||NIFTY27JAN2625600CE,0.10400651278294813
08-01-2026 10:45||NIFTY27JAN2626400CE,0.08635474455222561
08-01-2026 10:45||NIFTY27JAN2626500CE,0.08595202208101861
08-01-2026 10:50||NIFTY27JAN2623900PE,0.17286584151260004
08-01-2026 10:50||NIFTY27JAN2625500CE,0.10371594094498565
08-01-2026 10:50||NIFTY27JAN2625800CE,0.09517659910751584
08-01-2026 10:50||NIFTY27JAN2626100CE,0.0906357730209337
08-01-2026 10:50||NIFTY27JAN2626500CE,0.08605368874768528
08-01-2026 10:55||NIFTY27JAN2624000PE,0.1673369228467956
08-01-2026 10:55||NIFTY27JAN2624700PE,0.128965287871865
08-01-2026 10:55||NIFTY27JAN2624800PE,0.12323082741814534
08-01-2026 10:55||NIFTY27JAN2625100PE,0.10962352821644898
08-01-2026 10:55||NIFTY27JAN2625400CE,0.11509205391041558
08-01-2026 10:55||NIFTY27JAN2625600CE,0.103333308771277
08-01-2026 11:00||NIFTY27JAN2623800PE,0.17993822692742642
08-01-2026 11:00||NIFTY27JAN2623900PE,0.17380235094012947
08-01-2026 11:00||NIFTY27JAN2624000PE,0.16813967090046547
08-01-2026 11:00||NIFTY27JAN2624300PE,0.15051102748588177
08-01-2026 11:00||NIFTY27JAN2624600PE,0.13426603766166567
08-01-2026 11:00||NIFTY27JAN2625000PE,0.11456601424456812
08-01-2026 11:00||NIFTY27JAN2625100PE,0.10917587037624278
08-01-2026 11:00||NIFTY27JAN2626200CE,0.08999651470923496
08-01-2026 11:00||NIFTY27JAN2626500CE,0.0871165431845667
08-01-2026 11:05||NIFTY27JAN2623800PE,0.18274346502266567
08-01-2026 11:05||NIFTY27JAN2624200PE,0.15598189362767959
08-01-2026 11:05||NIFTY27JAN2624400PE,0.14428165868201506
08-01-2026 11:05||NIFTY27JAN2624800PE,0.12430083748092705
08-01-2026 11:05||NIFTY27JAN2625400CE,0.11779411718363321
08-01-2026 11:05||NIFTY27JAN2626000CE,0.09460070529245646
08-01-2026 11:05||NIFTY27JAN2626200CE,0.09068348430837102
08-01-2026 11:05||NIFTY27JAN2626300CE,0.08938231014483558
08-01-2026 11:10||NIFTY27JAN2624000PE,0.16705015497507322
08-01-2026 11:10||NIFTY27JAN2624200PE,0.15588170567184226
08-01-2026 11:10||NIFTY27JAN2624400PE,0.1445470927828945
08-01-2026 11:10||NIFTY27JAN2624600PE,0.1354376706694119
08-01-2026 11:10||NIFTY27JAN2624700PE,0.1300127234785942
08-01-2026 11:10||NIFTY27JAN2625200CE,0.13810876815082512
08-01-2026 11:10||NIFTY27JAN2625600CE,0.10486158376892452
08-01-2026 11:10||NIFTY27JAN2625900CE,0.09586148258071941
08-01-2026 11:10||NIFTY27JAN2626000CE,0.09358916441768383
08-01-2026 11:15||NIFTY27JAN2624100PE,0.16488085045273745
08-01-2026 11:15||NIFTY27JAN2624200PE,0.1588986667226531
08-01-2026 11:15||NIFTY27JAN2624900PE,0.12098050669368271
08-01-2026 11:15||NIFTY27JAN2625200CE,0.1311556650879058
08-01-2026 11:15||NIFTY27JAN2626200CE,0.0902577996398013
08-01-2026 11:15||NIFTY27JAN2626400CE,0.08805158732463621
08-01-2026 11:20||NIFTY27JAN2624300PE,0.15430085670757404
08-01-2026 11:20||NIFTY27JAN2625700CE,0.09679616510892802
08-01-2026 11:20||NIFTY27JAN2626400CE,0.08856512262490508
08-01-2026 11:20||NIFTY27JAN2626500CE,0.08848365755384276
08-01-2026 11:25||NIFTY27JAN2623800PE,0.17754911882973912
08-01-2026 11:25||NIFTY27JAN2624300PE,0.1540400125039111
08-01-2026 11:25||NIFTY27JAN2624400PE,0.14769192571269354
08-01-2026 11:25||NIFTY27JAN2624700PE,0.13098471353554583
08-01-2026 11:25||NIFTY27JAN2625400CE,0.12263355695121195
08-01-2026 11:25||NIFTY27JAN2626200CE,0.09413785248027606
08-01-2026 11:30||NIFTY27JAN2623800PE,0.18015578549640576
08-01-2026 11:30||NIFTY27JAN2624100PE,0.1649730193233214
08-01-2026 11:30||NIFTY27JAN2624200PE,0.15941613503076354
08-01-2026 11:30||NIFTY27JAN2625200CE,0.13197422651631957
08-01-2026 11:30||NIFTY27JAN2625400CE,0.1255245505297691
08-01-2026 11:30||NIFTY27JAN2625500CE,0.11951839094582421
08-01-2026 11:30||NIFTY27JAN2625800CE,0.10200592795904953
08-01-2026 11:30||NIFTY27JAN2626000CE,0.09625792502152142
08-01-2026 11:30||NIFTY27JAN2626100CE,0.09443115976552992
08-01-2026 11:35||NIFTY27JAN2623800PE,0.18032078549640596
08-01-2026 11:35||NIFTY27JAN2624100PE,0.16395502804291026
08-01-2026 11:35||NIFTY27JAN2624400PE,0.14605603250853236
08-01-2026 11:35||NIFTY27JAN2624500PE,0.1411125852853051
08-01-2026 11:35||NIFTY27JAN2624700PE,0.13004368328298221
08-01-2026 11:35||NIFTY27JAN2624900PE,0.11941284482757843
08-01-2026 11:35||NIFTY27JAN2625200CE,0.12973865973424584
08-01-2026 11:35||NIFTY27JAN2625300CE,0.1309362058008982
08-01-2026 11:35||NIFTY27JAN2626500CE,0.09099276600137374
08-01-2026 11:40||NIFTY27JAN2624100PE,0.16517206597922127
08-01-2026 11:40||NIFTY27JAN2624200PE,0.1591255483628029
08-01-2026 11:40||NIFTY27JAN2624400PE,0.14687983136898838
08-01-2026 11:40||NIFTY27JAN2624900PE,0.12030697261913427
08-01-2026 11:40||NIFTY27JAN2625600CE,0.10475471213861814
08-01-2026 11:40||NIFTY27JAN2625800CE,0.09884362440163288
08-01-2026 11:45||NIFTY27JAN2624200PE,0.15824971211581662
08-01-2026 11:45||NIFTY27JAN2625500CE,0.10938247510660504
08-01-2026 11:45||NIFTY27JAN2625900CE,0.09497897441209156
08-01-2026 11:45||NIFTY27JAN2626100CE,0.09227119585160476
08-01-2026 11:50||NIFTY27JAN2623800PE,0.17820023478978975
08-01-2026 11:50||NIFTY27JAN2625700CE,0.10566098856854741
08-01-2026 11:50||NIFTY27JAN2625800CE,0.10210050281289705
08-01-2026 11:50||NIFTY27JAN2626500CE,0.09094609933470704
08-01-2026 11:55||NIFTY27JAN2624200PE,0.15880058020210722
08-01-2026 11:55||NIFTY27JAN2624700PE,0.13117187346681644
08-01-2026 11:55||NIFTY27JAN2625100PE,0.11246576413154764
08-01-2026 11:55||NIFTY27JAN2625400CE,0.10837196045783358
08-01-2026 11:55||NIFTY27JAN2625600CE,0.09998896362124464
08-01-2026 11:55||NIFTY27JAN2625800CE,0.0945953202319688
08-01-2026 12:00||NIFTY27JAN2624500PE,0.14199167209901686
08-01-2026 12:00||NIFTY27JAN2624700PE,0.132259025387373
08-01-2026 12:00||NIFTY27JAN2625000PE,0.11804556739583318
08-01-2026 12:00||NIFTY27JAN2625500CE,0.10553805473475061
08-01-2026 12:00||NIFTY27JAN2626300CE,0.09176900385145054
08-01-2026 12:05||NIFTY27JAN2624000PE,0.1704439860252229
08-01-2026 12:05||NIFTY27JAN2624200PE,0.15555362052042207
08-01-2026 12:05||NIFTY27JAN2624500PE,0.1385100826891752
08-01-2026 12:05||NIFTY27JAN2624900PE,0.11952856177588674
08-01-2026 12:05||NIFTY27JAN2625300CE,0.1372139178925348
08-01-2026 12:05||NIFTY27JAN2625800CE,0.1091312124427689
08-01-2026 12:05||NIFTY27JAN2625900CE,0.1070446913806035
08-01-2026 12:05||NIFTY27JAN2626400CE,0.09751045545492079
08-01-2026 12:10||NIFTY27JAN2624000PE,0.1705529605626319
08-01-2026 12:10||NIFTY27JAN2624400PE,0.14616033667727293
08-01-2026 12:15||NIFTY27JAN2624100PE,0.16679564717070314
08-01-2026 12:15||NIFTY27JAN2624400PE,0.1497032687532475
08-01-2026 12:15||NIFTY27JAN2625200CE,0.12727271455218303
08-01-2026 12:15||NIFTY27JAN2625400CE,0.11716002763787071
08-01-2026 12:15||NIFTY27JAN2625500CE,0.11307477381769339
08-01-2026 12:15||NIFTY27JAN2625700CE,0.10448982933256148
08-01-2026 12:20||NIFTY27JAN2624800PE,0.12840034725486743
08-01-2026 12:20||NIFTY27JAN2625800CE,0.10420942369595956
08-01-2026 12:20||NIFTY27JAN2626300CE,0.09551269898977384
08-01-2026 12:25||NIFTY27JAN2624100PE,0.16846708442232852
08-01-2026 12:25||NIFTY27JAN2624400PE,0.15249391134605383
08-01-2026 12:25||NIFTY27JAN2624900PE,0.12333795790675496
08-01-2026 12:25||NIFTY27JAN2625700CE,0.10657133638817343
08-01-2026 12:25||NIFTY27JAN2626000CE,0.09927336392329342
08-01-2026 12:30||NIFTY27JAN2624200PE,0.16355643472263065
08-01-2026 12:30||NIFTY27JAN2624300PE,0.15851880992840997
08-01-2026 12:30||NIFTY27JAN2625100PE,0.1152865528990452
08-01-2026 12:30||NIFTY27JAN2625700CE,0.10113014493700523
08-01-2026 12:30||NIFTY27JAN2626000CE,0.09602043428498594
08-01-2026 12:35||NIFTY27JAN2624800PE,0.12694459545268427
08-01-2026 12:35||NIFTY27JAN2625000PE,0.11710275519292947
08-01-2026 12:35||NIFTY27JAN2625400CE,0.12851239436530779
08-01-2026 12:35||NIFTY27JAN2625500CE,0.12030090201021153
08-01-2026 12:35||NIFTY27JAN2625800CE,0.10690691300686962
08-01-2026 12:35||NIFTY27JAN2626100CE,0.10005152251504178
08-01-2026 12:35||NIFTY27JAN2626200CE,0.09813091528884528
08-01-2026 12:40||NIFTY27JAN2624100PE,0.16732876040699235
08-01-2026 12:40||NIFTY27JAN2624400PE,0.1514044039786636
08-01-2026 12:40||NIFTY27JAN2624800PE,0.12682560806733695
08-01-2026 12:40||NIFTY27JAN2625000PE,0.11717396011716631
08-01-2026 12:40||NIFTY27JAN2625200CE,0.1359788840895429
08-01-2026 12:40||NIFTY27JAN2626000CE,0.10160765469540434
08-01-2026 12:45||NIFTY27JAN2624400PE,0.15184083278061253
08-01-2026 12:45||NIFTY27JAN2624600PE,0.13867099491219798
08-01-2026 12:45||NIFTY27JAN2625000PE,0.11824554189001625
08-01-2026 12:45||NIFTY27JAN2625300CE,0.1257523356425201
08-01-2026 12:45||NIFTY27JAN2625800CE,0.10365707140802354
08-01-2026 12:45||NIFTY27JAN2626200CE,0.09656352168529035
08-01-2026 12:45||NIFTY27JAN2626300CE,0.09517595624158906
08-01-2026 12:50||NIFTY27JAN2623800PE,0.18383113724519345
08-01-2026 12:50||NIFTY27JAN2624900PE,0.12209675738079119
08-01-2026 12:50||NIFTY27JAN2625600CE,0.11519646145670322
08-01-2026 12:50||NIFTY27JAN2626300CE,0.09706817857469366
08-01-2026 12:50||NIFTY27JAN2626400CE,0.0956772425118945
08-01-2026 12:55||NIFTY27JAN2624200PE,0.1630198513633516
08-01-2026 12:55||NIFTY27JAN2624300PE,0.15650618573195732
08-01-2026 12:55||NIFTY27JAN2624400PE,0.15005439033025314
08-01-2026 12:55||NIFTY27JAN2626100CE,0.09892188309826788
08-01-2026 13:00||NIFTY27JAN2624200PE,0.16246593412229865
08-01-2026 13:00||NIFTY27JAN2624500PE,0.14423991714642362
08-01-2026 13:00||NIFTY27JAN2624600PE,0.13785838237523068
08-01-2026 13:00||NIFTY27JAN2624700PE,0.13182216991785978
08-01-2026 13:00||NIFTY27JAN2625000PE,0.11689655289904509
08-01-2026 13:00||NIFTY27JAN2625100PE,0.11137352821644834
08-01-2026 13:00||NIFTY27JAN2625400CE,0.12315181009939301
08-01-2026 13:00||NIFTY27JAN2625800CE,0.1083604586510031
08-01-2026 13:05||NIFTY27JAN2623800PE,0.18589793290566856
08-01-2026 13:05||NIFTY27JAN2624600PE,0.13835746426015044
08-01-2026 13:05||NIFTY27JAN2625700CE,0.10662445177270553
08-01-2026 13:05||NIFTY27JAN2625800CE,0.10417738156371961
08-01-2026 13:05||NIFTY27JAN2626000CE,0.09982375887719994
08-01-2026 13:05||NIFTY27JAN2626100CE,0.09747840431408039
08-01-2026 13:05||NIFTY27JAN2626200CE,0.09579841744353966
08-01-2026 13:05||NIFTY27JAN2626300CE,0.09458514436321866
08-01-2026 13:10||NIFTY27JAN2624100PE,0.1679426729638336
08-01-2026 13:10||NIFTY27JAN2624900PE,0.1212752449398229
08-01-2026 13:10||NIFTY27JAN2625400CE,0.12217445368939463
08-01-2026 13:10||NIFTY27JAN2625700CE,0.10814678557599235
08-01-2026 13:10||NIFTY27JAN2625800CE,0.10568872296475754
08-01-2026 13:10||NIFTY27JAN2626100CE,0.09881782094323088
08-01-2026 13:10||NIFTY27JAN2626200CE,0.09714287250152163
08-01-2026 13:15||NIFTY27JAN2624300PE,0.15790838711381652
08-01-2026 13:15||NIFTY27JAN2625000PE,0.11710754237236974
08-01-2026 13:15||NIFTY27JAN2625900CE,0.10100659925585742
08-01-2026 13:15||NIFTY27JAN2626300CE,0.09457214632122839
08-01-2026 13:20||NIFTY27JAN2623800PE,0.18497456815990213
08-01-2026 13:20||NIFTY27JAN2624000PE,0.17398068508461742
08-01-2026 13:20||NIFTY27JAN2624400PE,0.15140995888101996
08-01-2026 13:20||NIFTY27JAN2625000PE,0.11684018927199245
08-01-2026 13:20||NIFTY27JAN2625300CE,0.12950159427645114
08-01-2026 13:20||NIFTY27JAN2625400CE,0.12282558003695454
08-01-2026 13:20||NIFTY27JAN2626200CE,0.0962150970467207
08-01-2026 13:25||NIFTY27JAN2624600PE,0.13913904141598782
08-01-2026 13:25||NIFTY27JAN2624900PE,0.12352192823698477
08-01-2026 13:25||NIFTY27JAN2625400CE,0.11246091531684213
08-01-2026 13:25||NIFTY27JAN2625500CE,0.11017390053099257
08-01-2026 13:25||NIFTY27JAN2625900CE,0.097320348785736
08-01-2026 13:25||NIFTY27JAN2626000CE,0.09593152115935673
08-01-2026 13:25||NIFTY27JAN2626100CE,0.09538278507326069
08-01-2026 13:30||NIFTY27JAN2624300PE,0.15417390890098745
08-01-2026 13:30||NIFTY27JAN2624400PE,0.14884279693656208
08-01-2026 13:30||NIFTY27JAN2625600CE,0.11479832814243524
08-01-2026 13:30||NIFTY27JAN2625700CE,0.11165247044072435
08-01-2026 13:30||NIFTY27JAN2626100CE,0.10076982067515437
08-01-2026 13:30||NIFTY27JAN2626500CE,0.09563458217212135
08-01-2026 13:35||NIFTY27JAN2624600PE,0.13675137852194436
08-01-2026 13:35||NIFTY27JAN2624700PE,0.1306952680369927
08-01-2026 13:35||NIFTY27JAN2624800PE,0.12618599882311426
08-01-2026 13:35||NIFTY27JAN2624900PE,0.12084186644549522
08-01-2026 13:40||NIFTY27JAN2624100PE,0.16721609477572205
08-01-2026 13:40||NIFTY27JAN2624800PE,0.12501782273172118
08-01-2026 13:40||NIFTY27JAN2624900PE,0.11984830565904214
08-01-2026 13:40||NIFTY27JAN2625300CE,0.11804464616851348
08-01-2026 13:40||NIFTY27JAN2625600CE,0.1121236565624521
08-01-2026 13:40||NIFTY27JAN2625700CE,0.108704876718631
08-01-2026 13:40||NIFTY27JAN2626000CE,0.10075140693601704
08-01-2026 13:40||NIFTY27JAN2626200CE,0.09751372354037485
08-01-2026 13:40||NIFTY27JAN2626300CE,0.0956816694021066
08-01-2026 13:45||NIFTY27JAN2624600PE,0.13637051460484056
08-01-2026 13:45||NIFTY27JAN2624700PE,0.13051479525987636
08-01-2026 13:45||NIFTY27JAN2625100PE,0.10962474090150429
08-01-2026 13:45||NIFTY27JAN2625600CE,0.1137637627026649
08-01-2026 13:45||NIFTY27JAN2625700CE,0.10938718253630692
08-01-2026 13:50||NIFTY27JAN2624600PE,0.13528631450913292
08-01-2026 13:50||NIFTY27JAN2625500CE,0.11637990956706355
08-01-2026 13:55||NIFTY27JAN2624200PE,0.16151600368661875
08-01-2026 13:55||NIFTY27JAN2624600PE,0.13557435802898316
08-01-2026 13:55||NIFTY27JAN2625000PE,0.11427346169259446
08-01-2026 13:55||NIFTY27JAN2625200CE,0.13169311167506875
08-01-2026 13:55||NIFTY27JAN2625700CE,0.1068043089487756
08-01-2026 14:00||NIFTY27JAN2623800PE,0.1856126035309401
08-01-2026 14:00||NIFTY27JAN2623900PE,0.17900245216307198
08-01-2026 14:00||NIFTY27JAN2625300CE,0.12006318412360459
08-01-2026 14:00||NIFTY27JAN2625400CE,0.1106315944567926
08-01-2026 14:00||NIFTY27JAN2625900CE,0.09871121735115712
08-01-2026 14:00||NIFTY27JAN2626000CE,0.09674317046301403
08-01-2026 14:00||NIFTY27JAN2626100CE,0.09473953574152882
08-01-2026 14:00||NIFTY27JAN2626200CE,0.09343731777322395
08-01-2026 14:00||NIFTY27JAN2626300CE,0.09214729992020892
08-01-2026 14:05||NIFTY27JAN2623900PE,0.17806864229558883
08-01-2026 14:05||NIFTY27JAN2624500PE,0.1424969993610629
08-01-2026 14:05||NIFTY27JAN2625300CE,0.12052971319698626
08-01-2026 14:05||NIFTY27JAN2626000CE,0.09638056080960364
08-01-2026 14:05||NIFTY27JAN2626200CE,0.0932343215685365
08-01-2026 14:05||NIFTY27JAN2626300CE,0.09176160261968797
08-01-2026 14:05||NIFTY27JAN2626500CE,0.09064323439881398
08-01-2026 14:10||NIFTY27JAN2624800PE,0.12451214425821937
08-01-2026 14:10||NIFTY27JAN2625000PE,0.1142732657208587
08-01-2026 14:10||NIFTY27JAN2625200CE,0.12419392561668267
08-01-2026 14:10||NIFTY27JAN2625300CE,0.12667077092585122
08-01-2026 14:10||NIFTY27JAN2625700CE,0.11033768423541171
08-01-2026 14:15||NIFTY27JAN2623800PE,0.182903683287583
08-01-2026 14:15||NIFTY27JAN2624200PE,0.16079384170563285
08-01-2026 14:15||NIFTY27JAN2624300PE,0.1535585693821417
08-01-2026 14:15||NIFTY27JAN2625000PE,0.11340135172024078
08-01-2026 14:15||NIFTY27JAN2625200CE,0.12665639166406176
08-01-2026 14:15||NIFTY27JAN2625600CE,0.11457618572364706
08-01-2026 14:15||NIFTY27JAN2626100CE,0.09671789426497941
08-01-2026 14:15||NIFTY27JAN2626400CE,0.09208432518940916
08-01-2026 14:20||NIFTY27JAN2624500PE,0.1413389884406319
08-01-2026 14:20||NIFTY27JAN2625000PE,0.11358834215748657
08-01-2026 14:20||NIFTY27JAN2625700CE,0.10382480036842992
08-01-2026 14:20||NIFTY27JAN2626400CE,0.08932246831579428
08-01-2026 14:25||NIFTY27JAN2624600PE,0.13592476754663413
08-01-2026 14:25||NIFTY27JAN2624800PE,0.12478929493154438
08-01-2026 14:25||NIFTY27JAN2625200CE,0.13738901525289635
08-01-2026 14:25||NIFTY27JAN2625600CE,0.10589079334260183
08-01-2026 14:25||NIFTY27JAN2625900CE,0.09611619424837721
08-01-2026 14:25||NIFTY27JAN2626000CE,0.09520749175050688
08-01-2026 14:30||NIFTY27JAN2624500PE,0.14010514893328496
08-01-2026 14:30||NIFTY27JAN2626200CE,0.09835805039472728
08-01-2026 14:30||NIFTY27JAN2626400CE,0.09306119417047114
08-01-2026 14:30||NIFTY27JAN2626500CE,0.09195504276542014
08-01-2026 14:35||NIFTY27JAN2624200PE,0.16068176335943626
08-01-2026 14:35||NIFTY27JAN2624800PE,0.1236360543070225
08-01-2026 14:35||NIFTY27JAN2625100PE,0.10886777397157167
08-01-2026 14:35||NIFTY27JAN2626100CE,0.09475926860416191
08-01-2026 14:40||NIFTY27JAN2624200PE,0.15998126925282583
08-01-2026 14:40||NIFTY27JAN2624600PE,0.13461721853574193
08-01-2026 14:40||NIFTY27JAN2625000PE,0.11306618198063788
08-01-2026 14:40||NIFTY27JAN2625300CE,0.11912228905580778
08-01-2026 14:40||NIFTY27JAN2625400CE,0.117469527885444
08-01-2026 14:40||NIFTY27JAN2625500CE,0.11161931907071516
08-01-2026 14:40||NIFTY27JAN2626200CE,0.0933636983196586
08-01-2026 14:40||NIFTY27JAN2626300CE,0.09145948323290348
08-01-2026 14:45||NIFTY27JAN2624000PE,0.17006661486980582
08-01-2026 14:45||NIFTY27JAN2624700PE,0.12806332644916232
08-01-2026 14:45||NIFTY27JAN2625000PE,0.11246003335320515
08-01-2026 14:45||NIFTY27JAN2625300CE,0.12181119777323432
08-01-2026 14:45||NIFTY27JAN2625700CE,0.10639137782362276
08-01-2026 14:50||NIFTY27JAN2624100PE,0.1648815547394999
08-01-2026 14:50||NIFTY27JAN2624300PE,0.15373486614884044
08-01-2026 14:50||NIFTY27JAN2625100PE,0.10966858317031097
08-01-2026 14:50||NIFTY27JAN2625400CE,0.11374150468398724
08-01-2026 14:50||NIFTY27JAN2625500CE,0.10759095733629455
08-01-2026 14:50||NIFTY27JAN2626000CE,0.0933794571742119
08-01-2026 14:50||NIFTY27JAN2626200CE,0.090638181738811
08-01-2026 14:55||NIFTY27JAN2626300CE,0.090963749791684
08-01-2026 15:00||NIFTY27JAN2623900PE,0.173494635043392
08-01-2026 15:00||NIFTY27JAN2624000PE,0.16863575977189915
08-01-2026 15:00||NIFTY27JAN2624900PE,0.11747942053413908
08-01-2026 15:00||NIFTY27JAN2625100PE,0.10890113990890896
08-01-2026 15:00||NIFTY27JAN2625200CE,0.1284480577457258
08-01-2026 15:00||NIFTY27JAN2625600CE,0.0970106021814376
08-01-2026 15:00||NIFTY27JAN2625700CE,0.09604047984400677
08-01-2026 15:00||NIFTY27JAN2626300CE,0.08852593115028917
08-01-2026 15:00||NIFTY27JAN2626400CE,0.0878264627860972
08-01-2026 15:05||NIFTY27JAN2624400PE,0.14291501890296118
08-01-2026 15:05||NIFTY27JAN2624800PE,0.11998667704827183
08-01-2026 15:05||NIFTY27JAN2624900PE,0.11444791104087194
08-01-2026 15:05||NIFTY27JAN2626000CE,0.09803712194045386
08-01-2026 15:05||NIFTY27JAN2626100CE,0.09598821539282087
08-01-2026 15:05||NIFTY27JAN2626200CE,0.09466729658707976
08-01-2026 15:10||NIFTY27JAN2624000PE,0.1673460963666873
08-01-2026 15:10||NIFTY27JAN2624200PE,0.15499204407462586
08-01-2026 15:10||NIFTY27JAN2624600PE,0.1310857574211933
08-01-2026 15:10||NIFTY27JAN2625100PE,0.10599844711487812
08-01-2026 15:10||NIFTY27JAN2625700CE,0.10415714709018076
08-01-2026 15:10||NIFTY27JAN2626100CE,0.09472519888753506
08-01-2026 15:10||NIFTY27JAN2626300CE,0.09251942528167138
08-01-2026 15:10||NIFTY27JAN2626500CE,0.09139951141333659
08-01-2026 15:15||NIFTY27JAN2624800PE,0.12026939555498699
08-01-2026 15:15||NIFTY27JAN2625100PE,0.1060984471148781
08-01-2026 15:15||NIFTY27JAN2625500CE,0.11034714844636333
08-01-2026 15:15||NIFTY27JAN2626100CE,0.09406198450232028
08-01-2026 15:20||NIFTY27JAN2624000PE,0.16794468263405052
08-01-2026 15:20||NIFTY27JAN2624500PE,0.13683535672958144
08-01-2026 15:20||NIFTY27JAN2624800PE,0.12068054646598063
08-01-2026 15:20||NIFTY27JAN2625000PE,0.11095527603594658
08-01-2026 15:20||NIFTY27JAN2625600CE,0.10396689864863887
08-01-2026 15:20||NIFTY27JAN2626100CE,0.09271260539398507
08-01-2026 15:20||NIFTY27JAN2626400CE,0.08837228319753908
08-01-2026 15:20||NIFTY27JAN2626500CE,0.0885533397943511
08-01-2026 15:25||NIFTY27JAN2623800PE,0.18209113724519427
08-01-2026 15:25||NIFTY27JAN2624100PE,0.16013632155247526
08-01-2026 15:25||NIFTY27JAN2624300PE,0.14911841199842626
08-01-2026 15:25||NIFTY27JAN2624600PE,0.13208426550026364
08-01-2026 15:25||NIFTY27JAN2625100PE,0.10833082024723985
08-01-2026 15:25||NIFTY27JAN2625800CE,0.09580077438525643
08-01-2026 15:25||NIFTY27JAN2626100CE,0.09187865336919354
09-01-2026 09:15||NIFTY27JAN2624400PE,0.14629899441652228
09-01-2026 09:15||NIFTY27JAN2625000PE,0.11287202026210294
09-01-2026 09:15||NIFTY27JAN2625400CE,0.12292129247799112
09-01-2026 09:15||NIFTY27JAN2625500CE,0.12028493902936148
09-01-2026 09:15||NIFTY27JAN2625800CE,0.10712092889438961
09-01-2026 09:15||NIFTY27JAN2626300CE,0.09436291825284007
09-01-2026 09:20||NIFTY27JAN2624100PE,0.1640512154255935
09-01-2026 09:20||NIFTY27JAN2624200PE,0.15741693842260668
09-01-2026 09:20||NIFTY27JAN2624800PE,0.12467079243800348
09-01-2026 09:20||NIFTY27JAN2625000PE,0.11606781731679906
09-01-2026 09:20||NIFTY27JAN2625300CE,0.11339496960435658
09-01-2026 09:25||NIFTY27JAN2624100PE,0.1603052347741438
09-01-2026 09:25||NIFTY27JAN2625000PE,0.11255665669681433
09-01-2026 09:25||NIFTY27JAN2625400CE,0.11737163581697865
09-01-2026 09:25||NIFTY27JAN2626100CE,0.09407158668640281
09-01-2026 09:30||NIFTY27JAN2624300PE,0.14858374275388264
09-01-2026 09:30||NIFTY27JAN2624500PE,0.13716669998566108
09-01-2026 09:30||NIFTY27JAN2624600PE,0.13115464743707336
09-01-2026 09:30||NIFTY27JAN2625300CE,0.11603418787940112
09-01-2026 09:30||NIFTY27JAN2625400CE,0.11170853871920376
09-01-2026 09:30||NIFTY27JAN2626100CE,0.09314580090761093
09-01-2026 09:30||NIFTY27JAN2626400CE,0.09035459067507037
09-01-2026 09:35||NIFTY27JAN2624800PE,0.11977697759610016
09-01-2026 09:35||NIFTY27JAN2626000CE,0.09808478060131993
09-01-2026 09:35||NIFTY27JAN2626200CE,0.09453905513554481
09-01-2026 09:40||NIFTY27JAN2625500CE,0.13518797244430653
09-01-2026 09:40||NIFTY27JAN2625600CE,0.12998467559556348
09-01-2026 09:40||NIFTY27JAN2625700CE,0.12492200430018441
09-01-2026 09:40||NIFTY27JAN2625900CE,0.11478427300704519
09-01-2026 09:45||NIFTY27JAN2624000PE,0.16555182547065117
09-01-2026 09:45||NIFTY27JAN2624300PE,0.147663837184396
09-01-2026 09:45||NIFTY27JAN2624400PE,0.14117720363940567
09-01-2026 09:45||NIFTY27JAN2624700PE,0.12357391767530868
09-01-2026 09:45||NIFTY27JAN2624900PE,0.11338290573275618
09-01-2026 09:45||NIFTY27JAN2625600CE,0.12333563603541654
09-01-2026 09:45||NIFTY27JAN2625900CE,0.10758892817688391
09-01-2026 09:50||NIFTY27JAN2624100PE,0.16016894538855922
09-01-2026 09:50||NIFTY27JAN2624400PE,0.1423872496045031
09-01-2026 09:50||NIFTY27JAN2624600PE,0.13005915258456552
09-01-2026 09:50||NIFTY27JAN2624700PE,0.12450273968168457
09-01-2026 09:50||NIFTY27JAN2624900PE,0.11443477232145956
09-01-2026 09:50||NIFTY27JAN2625300CE,0.13863113773230665
09-01-2026 09:50||NIFTY27JAN2625600CE,0.11876621049230876
09-01-2026 09:50||NIFTY27JAN2626000CE,0.10279043724034895
09-01-2026 09:50||NIFTY27JAN2626100CE,0.09997223594461668
09-01-2026 09:50||NIFTY27JAN2626400CE,0.09451979229169141
09-01-2026 09:55||NIFTY27JAN2623800PE,0.17863793290566807
09-01-2026 09:55||NIFTY27JAN2624800PE,0.1201174497978263
09-01-2026 09:55||NIFTY27JAN2624900PE,0.11537346460211868
09-01-2026 09:55||NIFTY27JAN2625000PE,0.11130968208800326
09-01-2026 09:55||NIFTY27JAN2625200CE,0.1351335257805562
09-01-2026 10:00||NIFTY27JAN2624100PE,0.16219675503039763
09-01-2026 10:00||NIFTY27JAN2624300PE,0.15077666992164093
09-01-2026 10:00||NIFTY27JAN2625100PE,0.11043507119933291
09-01-2026 10:00||NIFTY27JAN2625500CE,0.10526106216131052
09-01-2026 10:00||NIFTY27JAN2626100CE,0.0926194012094675
09-01-2026 10:05||NIFTY27JAN2624500PE,0.13644303680198164
09-01-2026 10:05||NIFTY27JAN2624800PE,0.11981206265350912
09-01-2026 10:05||NIFTY27JAN2625600CE,0.121595104202408
09-01-2026 10:05||NIFTY27JAN2626100CE,0.09885432320633843
09-01-2026 10:10||NIFTY27JAN2624400PE,0.14341905483549958
09-01-2026 10:10||NIFTY27JAN2626300CE,0.09106989311749075
09-01-2026 10:10||NIFTY27JAN2626400CE,0.09016788521966848
09-01-2026 10:15||NIFTY27JAN2625100PE,0.10730082024723976
09-01-2026 10:15||NIFTY27JAN2625600CE,0.10865601074781935
09-01-2026 10:15||NIFTY27JAN2626200CE,0.0925224072497258
09-01-2026 10:15||NIFTY27JAN2626300CE,0.09094762325769296
09-01-2026 10:20||NIFTY27JAN2623900PE,0.1732595300983143
09-01-2026 10:20||NIFTY27JAN2624000PE,0.16779090244053776
09-01-2026 10:20||NIFTY27JAN2625200CE,0.14507221747308668
09-01-2026 10:20||NIFTY27JAN2625700CE,0.11288503871505884
09-01-2026 10:25||NIFTY27JAN2624200PE,0.1550414403413983
09-01-2026 10:25||NIFTY27JAN2625000PE,0.10976892044139881
09-01-2026 10:25||NIFTY27JAN2625600CE,0.12116684737539023
09-01-2026 10:25||NIFTY27JAN2626200CE,0.09722312530744326
09-01-2026 10:25||NIFTY27JAN2626500CE,0.09323921653218875
09-01-2026 10:30||NIFTY27JAN2624300PE,0.15032518188836988
09-01-2026 10:30||NIFTY27JAN2624900PE,0.11685261141045995
09-01-2026 10:35||NIFTY27JAN2624300PE,0.14943992447807233
09-01-2026 10:35||NIFTY27JAN2624800PE,0.12014600817890318
09-01-2026 10:35||NIFTY27JAN2626300CE,0.09171167033316859
09-01-2026 10:40||NIFTY27JAN2624000PE,0.166748205893418
09-01-2026 10:40||NIFTY27JAN2624700PE,0.12460347096306201
09-01-2026 10:40||NIFTY27JAN2625000PE,0.10981094204347913
09-01-2026 10:40||NIFTY27JAN2625500CE,0.11681304515129858
09-01-2026 10:40||NIFTY27JAN2626000CE,0.09735038347472558
09-01-2026 10:40||NIFTY27JAN2626100CE,0.09512147574612988
09-01-2026 10:40||NIFTY27JAN2626400CE,0.09043999981102153
09-01-2026 10:40||NIFTY27JAN2626500CE,0.09093806268603527
09-01-2026 10:45||NIFTY27JAN2624400PE,0.14226626093422198
09-01-2026 10:45||NIFTY27JAN2625000PE,0.10994583883881143
09-01-2026 10:45||NIFTY27JAN2625200CE,0.13125022361631322
09-01-2026 10:45||NIFTY27JAN2625400CE,0.11943297890796145
09-01-2026 10:45||NIFTY27JAN2625500CE,0.11468728473317062
09-01-2026 10:45||NIFTY27JAN2626300CE,0.09119299162813664
09-01-2026 10:50||NIFTY27JAN2624100PE,0.16119037466177688
09-01-2026 10:50||NIFTY27JAN2625800CE,0.09528013385654444
09-01-2026 10:50||NIFTY27JAN2625900CE,0.09254557124771812
09-01-2026 10:50||NIFTY27JAN2626000CE,0.09139749374559797
09-01-2026 10:50||NIFTY27JAN2626400CE,0.0873575041710004
09-01-2026 10:50||NIFTY27JAN2626500CE,0.08900061621643257
09-01-2026 10:55||NIFTY27JAN2623800PE,0.1760669963727966
09-01-2026 10:55||NIFTY27JAN2624700PE,0.12391852387886548
09-01-2026 10:55||NIFTY27JAN2624900PE,0.1141429995086748
09-01-2026 10:55||NIFTY27JAN2626300CE,0.09190750440541913
09-01-2026 11:00||NIFTY27JAN2624900PE,0.1126555907321768
09-01-2026 11:00||NIFTY27JAN2625000PE,0.10847050609866388
09-01-2026 11:00||NIFTY27JAN2625200CE,0.13699784079967434
09-01-2026 11:00||NIFTY27JAN2625700CE,0.10071760932080213
09-01-2026 11:00||NIFTY27JAN2625800CE,0.09867463262196384
09-01-2026 11:05||NIFTY27JAN2624000PE,0.16381123319373
09-01-2026 11:05||NIFTY27JAN2624400PE,0.13887629930443893
09-01-2026 11:05||NIFTY27JAN2625100PE,0.10505613990890875
09-01-2026 11:05||NIFTY27JAN2625300CE,0.13258692639788078
09-01-2026 11:05||NIFTY27JAN2625500CE,0.11299176731582643
09-01-2026 11:05||NIFTY27JAN2625700CE,0.1052928445817472
09-01-2026 11:10||NIFTY27JAN2623900PE,0.17037372690456876
09-01-2026 11:10||NIFTY27JAN2624700PE,0.12353525368396788
09-01-2026 11:10||NIFTY27JAN2625100PE,0.10708610130347997
09-01-2026 11:10||NIFTY27JAN2625200CE,0.12359493062361508
09-01-2026 11:10||NIFTY27JAN2625500CE,0.10571076765182634
09-01-2026 11:10||NIFTY27JAN2625800CE,0.09510944516479125
09-01-2026 11:15||NIFTY27JAN2624200PE,0.15178261500980586
09-01-2026 11:15||NIFTY27JAN2624600PE,0.12795253299112813
09-01-2026 11:15||NIFTY27JAN2625700CE,0.10163061593384623
09-01-2026 11:15||NIFTY27JAN2626400CE,0.09149491386594835
09-01-2026 11:20||NIFTY27JAN2625200CE,0.13216171113019484
09-01-2026 11:20||NIFTY27JAN2625500CE,0.11050634200340574
09-01-2026 11:25||NIFTY27JAN2624600PE,0.12741709407997223
09-01-2026 11:25||NIFTY27JAN2625100PE,0.10350281665136694
09-01-2026 11:25||NIFTY27JAN2625600CE,0.10924853855167757
09-01-2026 11:30||NIFTY27JAN2624000PE,0.1632908336500947
09-01-2026 11:30||NIFTY27JAN2624100PE,0.1570594927630299
09-01-2026 11:30||NIFTY27JAN2624500PE,0.1344542644334445
09-01-2026 11:30||NIFTY27JAN2624600PE,0.12846092641492887
09-01-2026 11:30||NIFTY27JAN2624900PE,0.11297260917479708
09-01-2026 11:30||NIFTY27JAN2625000PE,0.10909032730169783
09-01-2026 11:30||NIFTY27JAN2625300CE,0.12149480874594579
09-01-2026 11:30||NIFTY27JAN2626200CE,0.09026632715870739
09-01-2026 11:35||NIFTY27JAN2624100PE,0.15719912538847527
09-01-2026 11:35||NIFTY27JAN2624600PE,0.1276319536743534
09-01-2026 11:35||NIFTY27JAN2625200CE,0.11975691116130088
09-01-2026 11:35||NIFTY27JAN2625300CE,0.11626078276411914
09-01-2026 11:35||NIFTY27JAN2625700CE,0.1006378846284601
09-01-2026 11:35||NIFTY27JAN2625800CE,0.09785768238215131
09-01-2026 11:40||NIFTY27JAN2624600PE,0.12762929875669435
09-01-2026 11:40||NIFTY27JAN2624700PE,0.12227390456733168
09-01-2026 11:40||NIFTY27JAN2625000PE,0.10878599365173786
09-01-2026 11:40||NIFTY27JAN2625300CE,0.11794174746008926
09-01-2026 11:40||NIFTY27JAN2625800CE,0.0973226609579847
09-01-2026 11:40||NIFTY27JAN2625900CE,0.09606819392476298
09-01-2026 11:45||NIFTY27JAN2625900CE,0.0967467393648869
09-01-2026 11:45||NIFTY27JAN2626000CE,0.09547830544020575
09-01-2026 11:45||NIFTY27JAN2626200CE,0.09339107158723003
09-01-2026 11:45||NIFTY27JAN2626500CE,0.09418565202479456
09-01-2026 11:50||NIFTY27JAN2625000PE,0.10877251289471754
09-01-2026 11:50||NIFTY27JAN2625200CE,0.12149685867120817
09-01-2026 11:50||NIFTY27JAN2625400CE,0.11268851049510537
09-01-2026 11:50||NIFTY27JAN2625500CE,0.10920602164878883
09-01-2026 11:50||NIFTY27JAN2626000CE,0.09684525219930262
09-01-2026 11:50||NIFTY27JAN2626500CE,0.09499231869146128
09-01-2026 11:55||NIFTY27JAN2624200PE,0.15291774486336548
09-01-2026 11:55||NIFTY27JAN2624300PE,0.14307400408402787
09-01-2026 11:55||NIFTY27JAN2624500PE,0.13223092327904326
09-01-2026 11:55||NIFTY27JAN2624900PE,0.11343548263528126
09-01-2026 11:55||NIFTY27JAN2625400CE,0.11461726851440455
09-01-2026 11:55||NIFTY27JAN2625600CE,0.10620410459610356
09-01-2026 11:55||NIFTY27JAN2625800CE,0.10024976435727082
09-01-2026 11:55||NIFTY27JAN2626300CE,0.09372339966894745
09-01-2026 12:00||NIFTY27JAN2623800PE,0.1723581918768759
09-01-2026 12:00||NIFTY27JAN2624400PE,0.13716791975980286
09-01-2026 12:00||NIFTY27JAN2624800PE,0.11562914830417319
09-01-2026 12:00||NIFTY27JAN2625600CE,0.11167091128104482
09-01-2026 12:00||NIFTY27JAN2625800CE,0.10394595176468556
09-01-2026 12:00||NIFTY27JAN2626300CE,0.0952789918504688
09-01-2026 12:05||NIFTY27JAN2624600PE,0.12760299891616764
09-01-2026 12:05||NIFTY27JAN2625500CE,0.10942100009629212
09-01-2026 12:05||NIFTY27JAN2626000CE,0.0954921231510984
09-01-2026 12:05||NIFTY27JAN2626500CE,0.09504898535812796
09-01-2026 12:10||NIFTY27JAN2624200PE,0.1527393873549203
09-01-2026 12:10||NIFTY27JAN2624300PE,0.14469315153820578
09-01-2026 12:10||NIFTY27JAN2625500CE,0.10661124336635379
09-01-2026 12:10||NIFTY27JAN2625900CE,0.09605392447319064
09-01-2026 12:10||NIFTY27JAN2626300CE,0.09338313262721516
09-01-2026 12:15||NIFTY27JAN2623800PE,0.17601685153090657
09-01-2026 12:15||NIFTY27JAN2624100PE,0.15721273895566368
09-01-2026 12:15||NIFTY27JAN2624200PE,0.15021743686413755
09-01-2026 12:15||NIFTY27JAN2624300PE,0.1428231090680901
09-01-2026 12:15||NIFTY27JAN2625400CE,0.11051129550788741
09-01-2026 12:15||NIFTY27JAN2625500CE,0.10855194180757448
09-01-2026 12:15||NIFTY27JAN2625800CE,0.09871741709495248
09-01-2026 12:15||NIFTY27JAN2625900CE,0.09660805180242862
09-01-2026 12:15||NIFTY27JAN2626200CE,0.09253791507265197
09-01-2026 12:15||NIFTY27JAN2626300CE,0.09083091409916767
09-01-2026 12:15||NIFTY27JAN2626400CE,0.08867067424592064
09-01-2026 12:15||NIFTY27JAN2626500CE,0.08885010339591976
09-01-2026 12:20||NIFTY27JAN2624000PE,0.1630964462245599
09-01-2026 12:20||NIFTY27JAN2624700PE,0.12050973076383865
09-01-2026 12:20||NIFTY27JAN2624800PE,0.11646445812348154
09-01-2026 12:20||NIFTY27JAN2625000PE,0.1077454755815292
09-01-2026 12:25||NIFTY27JAN2624200PE,0.15069412999585122
09-01-2026 12:25||NIFTY27JAN2624400PE,0.13839391396636536
09-01-2026 12:25||NIFTY27JAN2624600PE,0.12661981094460098
09-01-2026 12:25||NIFTY27JAN2625000PE,0.10897770304893933
09-01-2026 12:30||NIFTY27JAN2623800PE,0.1712215788173258
09-01-2026 12:30||NIFTY27JAN2624400PE,0.13805789050050776
09-01-2026 12:30||NIFTY27JAN2624900PE,0.1124104975162133
09-01-2026 12:30||NIFTY27JAN2626400CE,0.09459135501039
09-01-2026 12:35||NIFTY27JAN2624100PE,0.15842303916906314
09-01-2026 12:35||NIFTY27JAN2624300PE,0.14592640330557485
09-01-2026 12:35||NIFTY27JAN2624700PE,0.12373907869670088
09-01-2026 12:35||NIFTY27JAN2624900PE,0.11565151245378036
09-01-2026 12:35||NIFTY27JAN2625700CE,0.09786927282695215
09-01-2026 12:35||NIFTY27JAN2626400CE,0.09587320140479576
09-01-2026 12:40||NIFTY27JAN2624100PE,0.15790112572558984
09-01-2026 12:40||NIFTY27JAN2625800CE,0.09922888516494673
09-01-2026 12:40||NIFTY27JAN2626100CE,0.09581411912099742
09-01-2026 12:45||NIFTY27JAN2623900PE,0.17003033117108374
09-01-2026 12:45||NIFTY27JAN2624100PE,0.15796949060357385
09-01-2026 12:45||NIFTY27JAN2624200PE,0.1515771288389637
09-01-2026 12:45||NIFTY27JAN2625100PE,0.10709082024723983
09-01-2026 12:45||NIFTY27JAN2625300CE,0.10607858905088291
09-01-2026 12:45||NIFTY27JAN2625800CE,0.09710764650900124
09-01-2026 12:45||NIFTY27JAN2625900CE,0.09580222800425937
09-01-2026 12:45||NIFTY27JAN2626000CE,0.0950946049435391
09-01-2026 12:45||NIFTY27JAN2626400CE,0.09841243421580025
09-01-2026 12:50||NIFTY27JAN2623800PE,0.17586145817776985
09-01-2026 12:50||NIFTY27JAN2624100PE,0.15516194654252008
09-01-2026 12:50||NIFTY27JAN2625300CE,0.12200767005626022
09-01-2026 12:50||NIFTY27JAN2625500CE,0.11139879732013003
09-01-2026 12:50||NIFTY27JAN2626200CE,0.09795966831043655
09-01-2026 12:55||NIFTY27JAN2624100PE,0.15723564442895838
09-01-2026 12:55||NIFTY27JAN2624500PE,0.13302297905300872
09-01-2026 12:55||NIFTY27JAN2624800PE,0.11741321213157442
09-01-2026 12:55||NIFTY27JAN2625600CE,0.10441918774059866
09-01-2026 12:55||NIFTY27JAN2625700CE,0.10172578058106425
09-01-2026 13:00||NIFTY27JAN2624200PE,0.15102203702788428
09-01-2026 13:00||NIFTY27JAN2624900PE,0.11369570210310614
09-01-2026 13:00||NIFTY27JAN2625200CE,0.11895544181561829
09-01-2026 13:00||NIFTY27JAN2625600CE,0.10387777710276547
09-01-2026 13:00||NIFTY27JAN2625800CE,0.09962167530630105
09-01-2026 13:00||NIFTY27JAN2626400CE,0.0980399314222528
09-01-2026 13:05||NIFTY27JAN2623900PE,0.1703444603640923
09-01-2026 13:05||NIFTY27JAN2624100PE,0.15739808811896655
09-01-2026 13:05||NIFTY27JAN2624300PE,0.1453798601497929
09-01-2026 13:05||NIFTY27JAN2624400PE,0.13887880618449214
09-01-2026 13:05||NIFTY27JAN2624700PE,0.12165873863389001
09-01-2026 13:05||NIFTY27JAN2624800PE,0.11727151661583592
09-01-2026 13:05||NIFTY27JAN2624900PE,0.1126712624393072
09-01-2026 13:05||NIFTY27JAN2625000PE,0.10883220026753365
09-01-2026 13:05||NIFTY27JAN2626000CE,0.09810532566515526
09-01-2026 13:05||NIFTY27JAN2626400CE,0.09837500369428097
09-01-2026 13:05||NIFTY27JAN2626500CE,0.1010270043803758
09-01-2026 13:10||NIFTY27JAN2624000PE,0.16434817508536945
09-01-2026 13:10||NIFTY27JAN2624100PE,0.15723070909823372
09-01-2026 13:10||NIFTY27JAN2624300PE,0.1457066379617359
09-01-2026 13:10||NIFTY27JAN2625200CE,0.1207678758189117
09-01-2026 13:10||NIFTY27JAN2625900CE,0.09912603937846656
09-01-2026 13:10||NIFTY27JAN2626100CE,0.09716460577251158
09-01-2026 13:10||NIFTY27JAN2626400CE,0.0985527503795997
09-01-2026 13:15||NIFTY27JAN2624100PE,0.15741220044551513
09-01-2026 13:15||NIFTY27JAN2624400PE,0.13864614215986662
09-01-2026 13:15||NIFTY27JAN2625000PE,0.1090162335152185
09-01-2026 13:15||NIFTY27JAN2625300CE,0.11542690548792178
09-01-2026 13:15||NIFTY27JAN2625700CE,0.10389619884630484
09-01-2026 13:15||NIFTY27JAN2625800CE,0.10151929109381315
09-01-2026 13:15||NIFTY27JAN2625900CE,0.09964670201274453
09-01-2026 13:15||NIFTY27JAN2626100CE,0.0977116839247137
09-01-2026 13:15||NIFTY27JAN2626200CE,0.09753455650977837
09-01-2026 13:20||NIFTY27JAN2624100PE,0.15770323074578357
09-01-2026 13:20||NIFTY27JAN2625000PE,0.10905396130736222
09-01-2026 13:20||NIFTY27JAN2625200CE,0.12402838967016845
09-01-2026 13:20||NIFTY27JAN2625600CE,0.10377311015497286
09-01-2026 13:25||NIFTY27JAN2624500PE,0.13360441745778942
09-01-2026 13:25||NIFTY27JAN2625100PE,0.1068032980612314
09-01-2026 13:25||NIFTY27JAN2625300CE,0.11775154305133563
09-01-2026 13:25||NIFTY27JAN2626200CE,0.09691722513093395
09-01-2026 13:30||NIFTY27JAN2624300PE,0.14642445265141438
09-01-2026 13:30||NIFTY27JAN2624900PE,0.11490288638147046
09-01-2026 13:30||NIFTY27JAN2625900CE,0.0959392222778275
09-01-2026 13:30||NIFTY27JAN2626400CE,0.09727819911800621
09-01-2026 13:35||NIFTY27JAN2623900PE,0.169083327667784
09-01-2026 13:35||NIFTY27JAN2624100PE,0.15662925366878083
09-01-2026 13:35||NIFTY27JAN2624400PE,0.13906850292548703
09-01-2026 13:35||NIFTY27JAN2624600PE,0.12654656569448522
09-01-2026 13:35||NIFTY27JAN2625100PE,0.10521777397157196
09-01-2026 13:35||NIFTY27JAN2625300CE,0.12213808580924317
09-01-2026 13:35||NIFTY27JAN2625400CE,0.11555879235290994
09-01-2026 13:35||NIFTY27JAN2625900CE,0.10043445184769853
09-01-2026 13:35||NIFTY27JAN2626100CE,0.09817247289471627
09-01-2026 13:40||NIFTY27JAN2624500PE,0.13389288259802165
09-01-2026 13:40||NIFTY27JAN2624800PE,0.11905754560893257
09-01-2026 13:40||NIFTY27JAN2625100PE,0.10808777397157167
09-01-2026 13:40||NIFTY27JAN2625300CE,0.1073185270764977
09-01-2026 13:40||NIFTY27JAN2625500CE,0.10094761937057813
09-01-2026 13:40||NIFTY27JAN2626500CE,0.09924364563924949
09-01-2026 13:45||NIFTY27JAN2623900PE,0.1681814491346047
09-01-2026 13:45||NIFTY27JAN2624100PE,0.15597509013256822
09-01-2026 13:45||NIFTY27JAN2624300PE,0.1449133030787156
09-01-2026 13:45||NIFTY27JAN2624400PE,0.13836333196115994
09-01-2026 13:45||NIFTY27JAN2625200CE,0.11358730887977801
09-01-2026 13:45||NIFTY27JAN2626000CE,0.09669968102268775
09-01-2026 13:50||NIFTY27JAN2623800PE,0.17199528857867394
09-01-2026 13:50||NIFTY27JAN2624600PE,0.12750137382675045
09-01-2026 13:50||NIFTY27JAN2624700PE,0.12240016670448355
09-01-2026 13:50||NIFTY27JAN2625400CE,0.10978838093396828
09-01-2026 13:50||NIFTY27JAN2625800CE,0.09839585138677817
09-01-2026 13:50||NIFTY27JAN2626100CE,0.09588667670614644
09-01-2026 13:55||NIFTY27JAN2624000PE,0.1614099361012216
09-01-2026 13:55||NIFTY27JAN2625400CE,0.11501384775640873
09-01-2026 13:55||NIFTY27JAN2625500CE,0.11295261466779052
09-01-2026 13:55||NIFTY27JAN2626400CE,0.10120791634766207
09-01-2026 14:00||NIFTY27JAN2624200PE,0.15129099208348387
09-01-2026 14:00||NIFTY27JAN2624300PE,0.14540595210043653
09-01-2026 14:00||NIFTY27JAN2624400PE,0.13940674648906712
09-01-2026 14:00||NIFTY27JAN2625500CE,0.10556173913866662
09-01-2026 14:00||NIFTY27JAN2625800CE,0.09830918828049513
09-01-2026 14:00||NIFTY27JAN2626000CE,0.09625501285626759
09-01-2026 14:05||NIFTY27JAN2624100PE,0.15666294581008458
09-01-2026 14:05||NIFTY27JAN2624300PE,0.14462163657139818
09-01-2026 14:05||NIFTY27JAN2624400PE,0.13833878693554788
09-01-2026 14:05||NIFTY27JAN2625200CE,0.12452877213511561
09-01-2026 14:05||NIFTY27JAN2625400CE,0.1142698165655485
09-01-2026 14:10||NIFTY27JAN2624300PE,0.14437250739805443
09-01-2026 14:10||NIFTY27JAN2624700PE,0.12229911182747848
09-01-2026 14:10||NIFTY27JAN2625300CE,0.11386682916541643
09-01-2026 14:10||NIFTY27JAN2626300CE,0.09579229771602682
09-01-2026 14:10||NIFTY27JAN2626400CE,0.09542507909235894
09-01-2026 14:10||NIFTY27JAN2626500CE,0.09645753482731255
09-01-2026 14:15||NIFTY27JAN2625500CE,0.10536093043507434
09-01-2026 14:20||NIFTY27JAN2624100PE,0.1565877160745914
09-01-2026 14:20||NIFTY27JAN2624300PE,0.14366583154048002
09-01-2026 14:20||NIFTY27JAN2624400PE,0.1389054132315161
09-01-2026 14:20||NIFTY27JAN2625000PE,0.10928658040372946
09-01-2026 14:20||NIFTY27JAN2625200CE,0.11561358915464809
09-01-2026 14:20||NIFTY27JAN2625400CE,0.1085500749734335
09-01-2026 14:20||NIFTY27JAN2625900CE,0.09728267001574212
09-01-2026 14:25||NIFTY27JAN2624100PE,0.15775464334573394
09-01-2026 14:25||NIFTY27JAN2624200PE,0.15094273944950506
09-01-2026 14:25||NIFTY27JAN2624300PE,0.14392742059195524
09-01-2026 14:25||NIFTY27JAN2625100PE,0.10754058163817357
09-01-2026 14:25||NIFTY27JAN2625300CE,0.11050973681697053
09-01-2026 14:25||NIFTY27JAN2625600CE,0.10019607187398756
09-01-2026 14:30||NIFTY27JAN2624000PE,0.1612237749414355
09-01-2026 14:30||NIFTY27JAN2624200PE,0.14844301822553693
09-01-2026 14:30||NIFTY27JAN2625900CE,0.10051209249666422
09-01-2026 14:30||NIFTY27JAN2626300CE,0.09909633457954803
09-01-2026 14:35||NIFTY27JAN2624200PE,0.14962572308226726
09-01-2026 14:35||NIFTY27JAN2624300PE,0.14336477239108555
09-01-2026 14:35||NIFTY27JAN2624600PE,0.1264496455775629
09-01-2026 14:35||NIFTY27JAN2625800CE,0.10011369324617499
09-01-2026 14:40||NIFTY27JAN2623800PE,0.17371252489707448
09-01-2026 14:40||NIFTY27JAN2625200CE,0.12513739270205249
09-01-2026 14:40||NIFTY27JAN2625600CE,0.1067456786851866
09-01-2026 14:40||NIFTY27JAN2625900CE,0.0996143597651569
09-01-2026 14:40||NIFTY27JAN2626100CE,0.09774192031722655
09-01-2026 14:40||NIFTY27JAN2626400CE,0.1002453525722636
09-01-2026 14:45||NIFTY27JAN2624500PE,0.13260760579313388
09-01-2026 14:45||NIFTY27JAN2624600PE,0.1265363865832531
09-01-2026 14:45||NIFTY27JAN2625300CE,0.1155756219607226
09-01-2026 14:45||NIFTY27JAN2625600CE,0.10452738349920866
09-01-2026 14:50||NIFTY27JAN2623900PE,0.1682618538039133
09-01-2026 14:50||NIFTY27JAN2626000CE,0.09759852970249772
09-01-2026 14:50||NIFTY27JAN2626300CE,0.09789389086152639
09-01-2026 14:55||NIFTY27JAN2623900PE,0.16740267658767857
09-01-2026 14:55||NIFTY27JAN2624000PE,0.1630057603446218
09-01-2026 14:55||NIFTY27JAN2624800PE,0.11753925776648493
09-01-2026 14:55||NIFTY27JAN2625600CE,0.10270459885290764
09-01-2026 14:55||NIFTY27JAN2625900CE,0.09728269371717553
09-01-2026 15:00||NIFTY27JAN2624000PE,0.16231992343508653
09-01-2026 15:00||NIFTY27JAN2624300PE,0.14385302379302797
09-01-2026 15:00||NIFTY27JAN2625400CE,0.11270763436994569
09-01-2026 15:00||NIFTY27JAN2625600CE,0.10539226591649839
09-01-2026 15:00||NIFTY27JAN2625700CE,0.10295644109127736
09-01-2026 15:00||NIFTY27JAN2625800CE,0.09992025418065043
09-01-2026 15:00||NIFTY27JAN2626500CE,0.10163962805192062
09-01-2026 15:05||NIFTY27JAN2624200PE,0.1504159521719434
09-01-2026 15:05||NIFTY27JAN2624300PE,0.14362095607799394
09-01-2026 15:05||NIFTY27JAN2625000PE,0.10695817431561566
09-01-2026 15:05||NIFTY27JAN2625100PE,0.10359464853355857
09-01-2026 15:05||NIFTY27JAN2625600CE,0.10529115945650477
09-01-2026 15:05||NIFTY27JAN2626500CE,0.10130962805192067
09-01-2026 15:10||NIFTY27JAN2623800PE,0.1727767633054464
09-01-2026 15:10||NIFTY27JAN2624000PE,0.16246090222956092
09-01-2026 15:10||NIFTY27JAN2624600PE,0.1266579997780139
09-01-2026 15:10||NIFTY27JAN2625000PE,0.10817817431561566
09-01-2026 15:10||NIFTY27JAN2625100PE,0.10324586292703451
09-01-2026 15:10||NIFTY27JAN2625200CE,0.12117583242318211
09-01-2026 15:10||NIFTY27JAN2626200CE,0.09689160020101639
09-01-2026 15:15||NIFTY27JAN2624200PE,0.15164102745395405
09-01-2026 15:15||NIFTY27JAN2624300PE,0.14488486551242008
09-01-2026 15:15||NIFTY27JAN2624500PE,0.1335820332776231
09-01-2026 15:15||NIFTY27JAN2624700PE,0.12281961094838646
09-01-2026 15:15||NIFTY27JAN2624900PE,0.11423251934667371
09-01-2026 15:15||NIFTY27JAN2625200CE,0.11706963023475699
09-01-2026 15:15||NIFTY27JAN2625900CE,0.09623843473258889
09-01-2026 15:15||NIFTY27JAN2626000CE,0.09576298893232232
09-01-2026 15:20||NIFTY27JAN2623800PE,0.17505787633020276
09-01-2026 15:20||NIFTY27JAN2624700PE,0.12340696832186783
09-01-2026 15:20||NIFTY27JAN2625100PE,0.10681082024723966
09-01-2026 15:20||NIFTY27JAN2625200CE,0.12731053878792523
09-01-2026 15:20||NIFTY27JAN2625300CE,0.11956603652977742
09-01-2026 15:20||NIFTY27JAN2625600CE,0.10457877587660752
09-01-2026 15:20||NIFTY27JAN2625800CE,0.10009671331742163
09-01-2026 15:20||NIFTY27JAN2626100CE,0.09707100395433972
09-01-2026 15:25||NIFTY27JAN2624100PE,0.1583071362745599
09-01-2026 15:25||NIFTY27JAN2624200PE,0.15285669348568096
09-01-2026 15:25||NIFTY27JAN2624400PE,0.14055061848072883
09-01-2026 15:25||NIFTY27JAN2625500CE,0.11547744566836866
09-01-2026 15:25||NIFTY27JAN2626000CE,0.10190306443075853
09-01-2026 15:25||NIFTY27JAN2626100CE,0.09998351175921545
12-01-2026 09:15||NIFTY27JAN2624000PE,0.17709615781245752
12-01-2026 09:15||NIFTY27JAN2624900PE,0.1245898681320716
12-01-2026 09:15||NIFTY27JAN2625200CE,0.11624775857579717
12-01-2026 09:15||NIFTY27JAN2626000CE,0.10236228639750808
12-01-2026 09:15||NIFTY27JAN2626100CE,0.10194170809809495
12-01-2026 09:20||NIFTY27JAN2624200PE,0.163590943973689
12-01-2026 09:20||NIFTY27JAN2624600PE,0.13798042736032673
12-01-2026 09:20||NIFTY27JAN2624800PE,0.12825767405781824
12-01-2026 09:20||NIFTY27JAN2625000PE,0.11928106541048357
12-01-2026 09:20||NIFTY27JAN2625100PE,0.11439191929066783
12-01-2026 09:20||NIFTY27JAN2625200CE,0.12833280176346626
12-01-2026 09:20||NIFTY27JAN2625600CE,0.11332831315369749
12-01-2026 09:20||NIFTY27JAN2625800CE,0.10990826422564007
12-01-2026 09:25||NIFTY27JAN2624700PE,0.1323361351019538
12-01-2026 09:25||NIFTY27JAN2625800CE,0.11425243329536076
12-01-2026 09:25||NIFTY27JAN2626200CE,0.11302219762640903
12-01-2026 09:30||NIFTY27JAN2623900PE,0.1805369865414706
12-01-2026 09:30||NIFTY27JAN2624000PE,0.17507043371798534
12-01-2026 09:30||NIFTY27JAN2624400PE,0.14852551227967667
12-01-2026 09:30||NIFTY27JAN2625200CE,0.13707320438833606
12-01-2026 09:30||NIFTY27JAN2625600CE,0.1230999826118617
12-01-2026 09:30||NIFTY27JAN2625800CE,0.11721779482926013
12-01-2026 09:30||NIFTY27JAN2626000CE,0.11407799990637378
12-01-2026 09:35||NIFTY27JAN2623900PE,0.1793730595193293
12-01-2026 09:35||NIFTY27JAN2624500PE,0.14274315150344577
12-01-2026 09:35||NIFTY27JAN2624600PE,0.13660245199448706
12-01-2026 09:35||NIFTY27JAN2624700PE,0.1313158620080534
12-01-2026 09:35||NIFTY27JAN2625000PE,0.11712876078776148
12-01-2026 09:35||NIFTY27JAN2625700CE,0.11733294801275716
12-01-2026 09:35||NIFTY27JAN2625800CE,0.11490859185672679
12-01-2026 09:35||NIFTY27JAN2625900CE,0.11316032022475069
12-01-2026 09:35||NIFTY27JAN2626200CE,0.11290679152110451
12-01-2026 09:35||NIFTY27JAN2626500CE,0.11943014705176169
12-01-2026 09:40||NIFTY27JAN2623900PE,0.18028327182460951
12-01-2026 09:40||NIFTY27JAN2624600PE,0.13894980565558512
12-01-2026 09:40||NIFTY27JAN2624700PE,0.13325701728080747
12-01-2026 09:40||NIFTY27JAN2625200CE,0.13094362970083537
12-01-2026 09:40||NIFTY27JAN2625400CE,0.1232593509163413
12-01-2026 09:45||NIFTY27JAN2623900PE,0.18081105795560443
12-01-2026 09:45||NIFTY27JAN2624800PE,0.12582877837677606
12-01-2026 09:45||NIFTY27JAN2625000PE,0.11557226377984628
12-01-2026 09:45||NIFTY27JAN2626400CE,0.11716277230785334
12-01-2026 09:45||NIFTY27JAN2626500CE,0.119494071965866
12-01-2026 09:50||NIFTY27JAN2625000PE,0.11927007651159557
12-01-2026 09:50||NIFTY27JAN2625400CE,0.1259879730384069
12-01-2026 09:50||NIFTY27JAN2625900CE,0.11125399371783733
12-01-2026 09:50||NIFTY27JAN2626000CE,0.11038956573453648
12-01-2026 09:55||NIFTY27JAN2623800PE,0.18793037442396535
12-01-2026 09:55||NIFTY27JAN2625000PE,0.12018089746545155
12-01-2026 09:55||NIFTY27JAN2625100PE,0.11565126778996503
12-01-2026 09:55||NIFTY27JAN2625400CE,0.11608422520208597
12-01-2026 09:55||NIFTY27JAN2625700CE,0.10914097986983935
12-01-2026 09:55||NIFTY27JAN2625900CE,0.10656545588482562
12-01-2026 09:55||NIFTY27JAN2626200CE,0.10830434026439369
12-01-2026 09:55||NIFTY27JAN2626400CE,0.11284609017488635
12-01-2026 10:00||NIFTY27JAN2624800PE,0.12487462917274329
12-01-2026 10:00||NIFTY27JAN2625200CE,0.1454311588619079
12-01-2026 10:00||NIFTY27JAN2625700CE,0.1202689509518446
12-01-2026 10:00||NIFTY27JAN2626100CE,0.1129672436447021
12-01-2026 10:00||NIFTY27JAN2626200CE,0.11357844537677571
12-01-2026 10:05||NIFTY27JAN2623900PE,0.18288242207476535
12-01-2026 10:05||NIFTY27JAN2624300PE,0.15748197616385942
12-01-2026 10:05||NIFTY27JAN2624600PE,0.13938394530544898
12-01-2026 10:05||NIFTY27JAN2624700PE,0.13400957869916297
12-01-2026 10:05||NIFTY27JAN2624800PE,0.12847820511450272
12-01-2026 10:05||NIFTY27JAN2625100PE,0.11442533393498792
12-01-2026 10:10||NIFTY27JAN2624000PE,0.1752484738812388
12-01-2026 10:10||NIFTY27JAN2624100PE,0.16883188506151153
12-01-2026 10:10||NIFTY27JAN2624900PE,0.12239070483434507
12-01-2026 10:10||NIFTY27JAN2625600CE,0.11627440406668069
12-01-2026 10:10||NIFTY27JAN2626300CE,0.11256037175669385
12-01-2026 10:10||NIFTY27JAN2626400CE,0.11513338850808481
12-01-2026 10:15||NIFTY27JAN2623800PE,0.18643699152730847
12-01-2026 10:15||NIFTY27JAN2624500PE,0.1421637397906831
12-01-2026 10:15||NIFTY27JAN2624800PE,0.1245537269389795
12-01-2026 10:15||NIFTY27JAN2625000PE,0.11407691929066821
12-01-2026 10:15||NIFTY27JAN2625100PE,0.10925736420625376
12-01-2026 10:15||NIFTY27JAN2626200CE,0.1129724850295556
12-01-2026 10:15||NIFTY27JAN2626400CE,0.1143227723078533
12-01-2026 10:15||NIFTY27JAN2626500CE,0.11775665938797145
12-01-2026 10:20||NIFTY27JAN2624200PE,0.16367741999721586
12-01-2026 10:20||NIFTY27JAN2624800PE,0.12738820933506456
12-01-2026 10:20||NIFTY27JAN2624900PE,0.12270282306450155
12-01-2026 10:20||NIFTY27JAN2625200CE,0.13226682826632957
12-01-2026 10:20||NIFTY27JAN2626500CE,0.11802832605463812
12-01-2026 10:25||NIFTY27JAN2623800PE,0.1877799591404204
12-01-2026 10:25||NIFTY27JAN2624300PE,0.15617112825735632
12-01-2026 10:25||NIFTY27JAN2624400PE,0.1500996275781197
12-01-2026 10:25||NIFTY27JAN2624900PE,0.12158746299260527
12-01-2026 10:25||NIFTY27JAN2625200CE,0.14328513298947912
12-01-2026 10:25||NIFTY27JAN2625800CE,0.11285916528457568
12-01-2026 10:25||NIFTY27JAN2625900CE,0.11094722394018378
12-01-2026 10:25||NIFTY27JAN2626000CE,0.10992228081622232
12-01-2026 10:30||NIFTY27JAN2624500PE,0.14533254538290588
12-01-2026 10:30||NIFTY27JAN2625200CE,0.1289155479203429
12-01-2026 10:30||NIFTY27JAN2625800CE,0.10880735386106981
12-01-2026 10:30||NIFTY27JAN2626200CE,0.10794448396766426
12-01-2026 10:35||NIFTY27JAN2624600PE,0.13770839966562876
12-01-2026 10:35||NIFTY27JAN2625400CE,0.12411727934898262
12-01-2026 10:35||NIFTY27JAN2625700CE,0.11359226541188158
12-01-2026 10:35||NIFTY27JAN2626400CE,0.11365405087571265
12-01-2026 10:40||NIFTY27JAN2625000PE,0.11707089746545138
12-01-2026 10:40||NIFTY27JAN2625100PE,0.11185844711487743
12-01-2026 10:40||NIFTY27JAN2625300CE,0.1285837944558108
12-01-2026 10:40||NIFTY27JAN2625400CE,0.12362318578066175
12-01-2026 10:40||NIFTY27JAN2625500CE,0.11843515905835468
12-01-2026 10:40||NIFTY27JAN2626400CE,0.1128798750973171
12-01-2026 10:45||NIFTY27JAN2624400PE,0.14876074611363152
12-01-2026 10:45||NIFTY27JAN2625000PE,0.11552453913263258
12-01-2026 10:45||NIFTY27JAN2626000CE,0.10992741377989841
12-01-2026 10:45||NIFTY27JAN2626200CE,0.11071575644889747
12-01-2026 10:45||NIFTY27JAN2626300CE,0.11191070184927626
12-01-2026 10:50||NIFTY27JAN2623900PE,0.1831504679513956
12-01-2026 10:50||NIFTY27JAN2624900PE,0.12331733892412995
12-01-2026 10:50||NIFTY27JAN2625500CE,0.11170333403820369
12-01-2026 10:50||NIFTY27JAN2625600CE,0.10997133821896962
12-01-2026 10:50||NIFTY27JAN2626200CE,0.10605402770812616
12-01-2026 10:55||NIFTY27JAN2624000PE,0.17559960502456193
12-01-2026 10:55||NIFTY27JAN2624300PE,0.15625374654470217
12-01-2026 10:55||NIFTY27JAN2624400PE,0.14974057121547132
12-01-2026 10:55||NIFTY27JAN2624900PE,0.12179575455166809
12-01-2026 10:55||NIFTY27JAN2625100PE,0.11303076734054741
12-01-2026 10:55||NIFTY27JAN2625500CE,0.11718156228370809
12-01-2026 10:55||NIFTY27JAN2626200CE,0.10837805978057019
12-01-2026 10:55||NIFTY27JAN2626400CE,0.11311517386758076
12-01-2026 11:00||NIFTY27JAN2623800PE,0.18659180299539282
12-01-2026 11:00||NIFTY27JAN2624000PE,0.17480127692132533
12-01-2026 11:00||NIFTY27JAN2624500PE,0.14262029784423738
12-01-2026 11:00||NIFTY27JAN2624800PE,0.12599323654011718
12-01-2026 11:00||NIFTY27JAN2624900PE,0.12086842631531365
12-01-2026 11:00||NIFTY27JAN2625000PE,0.11668438551815727
12-01-2026 11:00||NIFTY27JAN2625200CE,0.1294378992400109
12-01-2026 11:00||NIFTY27JAN2625400CE,0.12232081385201062
12-01-2026 11:00||NIFTY27JAN2625600CE,0.11580669574210618
12-01-2026 11:00||NIFTY27JAN2626000CE,0.10840214322266402
12-01-2026 11:00||NIFTY27JAN2626300CE,0.11156502040207919
12-01-2026 11:05||NIFTY27JAN2624100PE,0.16727024817797712
12-01-2026 11:05||NIFTY27JAN2624700PE,0.13013807390385432
12-01-2026 11:05||NIFTY27JAN2625200CE,0.1317135313371444
12-01-2026 11:05||NIFTY27JAN2625500CE,0.12006296420673308
12-01-2026 11:05||NIFTY27JAN2625600CE,0.11639528613177448
12-01-2026 11:05||NIFTY27JAN2625700CE,0.11393272858115
12-01-2026 11:10||NIFTY27JAN2624400PE,0.14858799331911407
12-01-2026 11:10||NIFTY27JAN2624500PE,0.14284541210491333
12-01-2026 11:10||NIFTY27JAN2625200CE,0.1279284470221292
12-01-2026 11:10||NIFTY27JAN2625800CE,0.1089783437135656
12-01-2026 11:10||NIFTY27JAN2626000CE,0.10671043308097876
12-01-2026 11:15||NIFTY27JAN2625400CE,0.11830989850862997
12-01-2026 11:15||NIFTY27JAN2625700CE,0.11127037769004818
12-01-2026 11:15||NIFTY27JAN2625800CE,0.10950190526726808
12-01-2026 11:20||NIFTY27JAN2624800PE,0.12383252950309163
12-01-2026 11:20||NIFTY27JAN2626400CE,0.11642434357605226
12-01-2026 11:25||NIFTY27JAN2623800PE,0.18180195524534068
12-01-2026 11:25||NIFTY27JAN2624200PE,0.15767268897618214
12-01-2026 11:25||NIFTY27JAN2624300PE,0.1513446276500627
12-01-2026 11:25||NIFTY27JAN2624700PE,0.12847710967975065
12-01-2026 11:25||NIFTY27JAN2625400CE,0.12003395618012062
12-01-2026 11:30||NIFTY27JAN2623900PE,0.1759462221505299
12-01-2026 11:30||NIFTY27JAN2624000PE,0.1709073056376971
12-01-2026 11:35||NIFTY27JAN2624200PE,0.15726203048201534
12-01-2026 11:35||NIFTY27JAN2624400PE,0.14485936425875587
12-01-2026 11:35||NIFTY27JAN2624700PE,0.12820988785483914
12-01-2026 11:35||NIFTY27JAN2624900PE,0.11895261649385543
12-01-2026 11:35||NIFTY27JAN2625300CE,0.1245212344725945
12-01-2026 11:35||NIFTY27JAN2625600CE,0.11501600772053049
12-01-2026 11:35||NIFTY27JAN2625800CE,0.11145001893256948
12-01-2026 11:40||NIFTY27JAN2624300PE,0.15187295225894493
12-01-2026 11:40||NIFTY27JAN2624400PE,0.14565727934009495
12-01-2026 11:40||NIFTY27JAN2625000PE,0.11572060456161803
12-01-2026 11:40||NIFTY27JAN2625200CE,0.127073309001602
12-01-2026 11:40||NIFTY27JAN2625300CE,0.12240371498429575
12-01-2026 11:50||NIFTY27JAN2624700PE,0.12797357613924784
12-01-2026 11:50||NIFTY27JAN2625600CE,0.11535195528966799
12-01-2026 11:50||NIFTY27JAN2625800CE,0.11185977882080832
12-01-2026 11:50||NIFTY27JAN2625900CE,0.1107182995504529
12-01-2026 11:55||NIFTY27JAN2624000PE,0.17006716181177575
12-01-2026 11:55||NIFTY27JAN2624900PE,0.11862240129221154
12-01-2026 11:55||NIFTY27JAN2625100PE,0.11094858317031159
12-01-2026 11:55||NIFTY27JAN2625700CE,0.11373114882451828
12-01-2026 11:55||NIFTY27JAN2626000CE,0.11069986557243734
12-01-2026 11:55||NIFTY27JAN2626500CE,0.12218731661698029
12-01-2026 12:00||NIFTY27JAN2624100PE,0.1635057780504294
12-01-2026 12:00||NIFTY27JAN2624900PE,0.11865936225931269
12-01-2026 12:00||NIFTY27JAN2625100PE,0.11144358317031128
12-01-2026 12:00||NIFTY27JAN2625900CE,0.10972772466110495
12-01-2026 12:05||NIFTY27JAN2624000PE,0.1701840509951427
12-01-2026 12:05||NIFTY27JAN2624900PE,0.11746786585343234
12-01-2026 12:05||NIFTY27JAN2625500CE,0.11927985063312192
12-01-2026 12:05||NIFTY27JAN2625800CE,0.1119500905955496
12-01-2026 12:05||NIFTY27JAN2626000CE,0.11026198812944264
12-01-2026 12:10||NIFTY27JAN2623800PE,0.18221485854354297
12-01-2026 12:10||NIFTY27JAN2624200PE,0.1564169815152662
12-01-2026 12:10||NIFTY27JAN2624700PE,0.12428906160870659
12-01-2026 12:10||NIFTY27JAN2624800PE,0.11884187338628095
12-01-2026 12:10||NIFTY27JAN2625000PE,0.10897609512624756
12-01-2026 12:10||NIFTY27JAN2625800CE,0.11970710164359998
12-01-2026 12:15||NIFTY27JAN2625100PE,0.10962329806123144
12-01-2026 12:15||NIFTY27JAN2625900CE,0.11399491861580657
12-01-2026 12:15||NIFTY27JAN2626200CE,0.11276422039640195
12-01-2026 12:20||NIFTY27JAN2624400PE,0.14894380787416187
12-01-2026 12:20||NIFTY27JAN2624700PE,0.1301281628577184
12-01-2026 12:20||NIFTY27JAN2625100PE,0.1114132980612314
12-01-2026 12:20||NIFTY27JAN2625300CE,0.1443331948729666
12-01-2026 12:20||NIFTY27JAN2625500CE,0.1330087121522375
12-01-2026 12:20||NIFTY27JAN2626400CE,0.1169677081882862
12-01-2026 12:25||NIFTY27JAN2624800PE,0.12931563327948215
12-01-2026 12:25||NIFTY27JAN2625200CE,0.12722286497943497
12-01-2026 12:25||NIFTY27JAN2626300CE,0.11192558007170242
12-01-2026 12:30||NIFTY27JAN2623800PE,0.18706862191200765
12-01-2026 12:30||NIFTY27JAN2624800PE,0.12972050215829778
12-01-2026 12:30||NIFTY27JAN2624900PE,0.12498510370212598
12-01-2026 12:30||NIFTY27JAN2625500CE,0.13367578450803735
12-01-2026 12:30||NIFTY27JAN2625700CE,0.1246039874512378
12-01-2026 12:30||NIFTY27JAN2626500CE,0.11964398328364702
12-01-2026 12:35||NIFTY27JAN2624300PE,0.16201977601982379
12-01-2026 12:35||NIFTY27JAN2624600PE,0.14433540035278813
12-01-2026 12:35||NIFTY27JAN2624900PE,0.12908911485831542
12-01-2026 12:35||NIFTY27JAN2625100PE,0.11894952025286558
12-01-2026 12:35||NIFTY27JAN2626000CE,0.11024808171777843
12-01-2026 12:35||NIFTY27JAN2626300CE,0.11108581195222543
12-01-2026 12:40||NIFTY27JAN2624300PE,0.15863290920805753
12-01-2026 12:40||NIFTY27JAN2624400PE,0.15210544081467428
12-01-2026 12:40||NIFTY27JAN2624500PE,0.14599446678580372
12-01-2026 12:40||NIFTY27JAN2625000PE,0.1185459778602809
12-01-2026 12:40||NIFTY27JAN2625300CE,0.14731366190328468
12-01-2026 12:40||NIFTY27JAN2625500CE,0.13777023490508442
12-01-2026 12:40||NIFTY27JAN2626000CE,0.1194673407912904
12-01-2026 12:40||NIFTY27JAN2626200CE,0.11751576005618054
12-01-2026 12:45||NIFTY27JAN2624300PE,0.16432342050911278
12-01-2026 12:45||NIFTY27JAN2624500PE,0.15209248065546085
12-01-2026 12:45||NIFTY27JAN2624800PE,0.1352733183767582
12-01-2026 12:45||NIFTY27JAN2625000PE,0.12504237419414846
12-01-2026 12:45||NIFTY27JAN2625300CE,0.12732498693616565
12-01-2026 12:45||NIFTY27JAN2625700CE,0.11397533457687672
12-01-2026 12:45||NIFTY27JAN2625800CE,0.11130068675964391
12-01-2026 12:45||NIFTY27JAN2626000CE,0.10929693493873736
12-01-2026 12:45||NIFTY27JAN2626200CE,0.10937591656169295
12-01-2026 12:45||NIFTY27JAN2626400CE,0.11151743508901521
12-01-2026 12:50||NIFTY27JAN2624500PE,0.15090111680271698
12-01-2026 12:50||NIFTY27JAN2625300CE,0.13552839101099148
12-01-2026 12:50||NIFTY27JAN2625800CE,0.11865405680521972
12-01-2026 12:55||NIFTY27JAN2624500PE,0.15086479061583177
12-01-2026 12:55||NIFTY27JAN2624600PE,0.14510261927234638
12-01-2026 12:55||NIFTY27JAN2624700PE,0.13907432421252466
12-01-2026 12:55||NIFTY27JAN2625000PE,0.12421181027845919
12-01-2026 12:55||NIFTY27JAN2625400CE,0.12982842911436032
12-01-2026 12:55||NIFTY27JAN2625900CE,0.11252129206395813
12-01-2026 12:55||NIFTY27JAN2626200CE,0.11121389950387867
12-01-2026 13:00||NIFTY27JAN2624200PE,0.1676873540647622
12-01-2026 13:00||NIFTY27JAN2624500PE,0.14971668006720137
12-01-2026 13:00||NIFTY27JAN2624600PE,0.1434461862669463
12-01-2026 13:00||NIFTY27JAN2625500CE,0.1274402509061981
12-01-2026 13:00||NIFTY27JAN2626000CE,0.11402302712457185
12-01-2026 13:00||NIFTY27JAN2626100CE,0.11340877849938091
12-01-2026 13:00||NIFTY27JAN2626300CE,0.11317210386607848
12-01-2026 13:00||NIFTY27JAN2626500CE,0.11475907100294525
12-01-2026 13:05||NIFTY27JAN2623900PE,0.18634733141277837
12-01-2026 13:05||NIFTY27JAN2624200PE,0.16839552259057086
12-01-2026 13:05||NIFTY27JAN2624500PE,0.1495228503870125
12-01-2026 13:05||NIFTY27JAN2624900PE,0.12788711040231723
12-01-2026 13:05||NIFTY27JAN2625300CE,0.14062785758735666
12-01-2026 13:05||NIFTY27JAN2625500CE,0.12991635975180943
12-01-2026 13:05||NIFTY27JAN2626400CE,0.11631678232869641
12-01-2026 13:10||NIFTY27JAN2624700PE,0.1377800450071982
12-01-2026 13:10||NIFTY27JAN2624800PE,0.13330755220863882
12-01-2026 13:10||NIFTY27JAN2626400CE,0.11425643345831356
12-01-2026 13:15||NIFTY27JAN2623800PE,0.1897756902853752
12-01-2026 13:15||NIFTY27JAN2624500PE,0.1515785493743246
12-01-2026 13:15||NIFTY27JAN2624700PE,0.13980646980717548
12-01-2026 13:15||NIFTY27JAN2624800PE,0.13515498154505207
12-01-2026 13:15||NIFTY27JAN2625100PE,0.12256452025286517
12-01-2026 13:15||NIFTY27JAN2625500CE,0.11711707002021247
12-01-2026 13:15||NIFTY27JAN2625800CE,0.10926371040201753
12-01-2026 13:15||NIFTY27JAN2626100CE,0.1066563482611195
12-01-2026 13:15||NIFTY27JAN2626300CE,0.10779587750762928
12-01-2026 13:15||NIFTY27JAN2626400CE,0.11078771476249466
12-01-2026 13:20||NIFTY27JAN2624200PE,0.16735180627032645
12-01-2026 13:20||NIFTY27JAN2624300PE,0.16125242189258668
12-01-2026 13:20||NIFTY27JAN2625000PE,0.12298230429889469
12-01-2026 13:20||NIFTY27JAN2625200CE,0.13918397649813705
12-01-2026 13:20||NIFTY27JAN2625500CE,0.1265856038186845
12-01-2026 13:20||NIFTY27JAN2626200CE,0.11099077022292825
12-01-2026 13:20||NIFTY27JAN2626500CE,0.11560624778734485
12-01-2026 13:25||NIFTY27JAN2624300PE,0.1620321310077206
12-01-2026 13:25||NIFTY27JAN2624500PE,0.15114802059576263
12-01-2026 13:25||NIFTY27JAN2624600PE,0.14454816405649887
12-01-2026 13:25||NIFTY27JAN2624800PE,0.13493051685381968
12-01-2026 13:25||NIFTY27JAN2625500CE,0.11695368456698878
12-01-2026 13:25||NIFTY27JAN2625800CE,0.10937672884513906
12-01-2026 13:25||NIFTY27JAN2626000CE,0.10729282562503106
12-01-2026 13:25||NIFTY27JAN2626400CE,0.10977674145978682
12-01-2026 13:25||NIFTY27JAN2626500CE,0.11201451322113629
12-01-2026 13:30||NIFTY27JAN2623900PE,0.1837733113154686
12-01-2026 13:30||NIFTY27JAN2624400PE,0.15442304484437502
12-01-2026 13:30||NIFTY27JAN2624800PE,0.13098509025326682
12-01-2026 13:30||NIFTY27JAN2624900PE,0.1256126344046903
12-01-2026 13:30||NIFTY27JAN2625100PE,0.11568545664264059
12-01-2026 13:30||NIFTY27JAN2625300CE,0.15172031996172103
12-01-2026 13:30||NIFTY27JAN2625500CE,0.13837438962701204
12-01-2026 13:30||NIFTY27JAN2625600CE,0.1320993486974632
12-01-2026 13:30||NIFTY27JAN2625700CE,0.12674968086409805
12-01-2026 13:35||NIFTY27JAN2624700PE,0.14007355914086192
12-01-2026 13:35||NIFTY27JAN2624900PE,0.12958960795713031
12-01-2026 13:35||NIFTY27JAN2625500CE,0.12060840630480944
12-01-2026 13:35||NIFTY27JAN2625600CE,0.11771481086622908
12-01-2026 13:35||NIFTY27JAN2625900CE,0.11027720557861988
12-01-2026 13:40||NIFTY27JAN2623900PE,0.18647124278096483
12-01-2026 13:40||NIFTY27JAN2624000PE,0.1808089662666911
12-01-2026 13:40||NIFTY27JAN2624100PE,0.1751848854078917
12-01-2026 13:40||NIFTY27JAN2624800PE,0.1340617196848846
12-01-2026 13:40||NIFTY27JAN2624900PE,0.1298034678845525
12-01-2026 13:40||NIFTY27JAN2625200CE,0.13939577914098128
12-01-2026 13:40||NIFTY27JAN2625400CE,0.12394969044688309
12-01-2026 13:40||NIFTY27JAN2626100CE,0.10741988122374374
12-01-2026 13:40||NIFTY27JAN2626200CE,0.10718576500143252
12-01-2026 13:45||NIFTY27JAN2623800PE,0.1927931918768761
12-01-2026 13:45||NIFTY27JAN2623900PE,0.187449918281136
12-01-2026 13:45||NIFTY27JAN2624600PE,0.14452841709882197
12-01-2026 13:45||NIFTY27JAN2625100PE,0.11982878997597353
12-01-2026 13:50||NIFTY27JAN2624200PE,0.16978980017090553
12-01-2026 13:50||NIFTY27JAN2625200CE,0.13813284604749287
12-01-2026 13:50||NIFTY27JAN2625300CE,0.132481108991243
12-01-2026 13:50||NIFTY27JAN2625400CE,0.12924129204117502
12-01-2026 13:50||NIFTY27JAN2626200CE,0.10914089174866366
12-01-2026 13:55||NIFTY27JAN2623800PE,0.19512761058882777
12-01-2026 13:55||NIFTY27JAN2624000PE,0.1830919147898779
12-01-2026 13:55||NIFTY27JAN2624100PE,0.17694540148040727
12-01-2026 13:55||NIFTY27JAN2624700PE,0.13975693548424886
12-01-2026 13:55||NIFTY27JAN2624900PE,0.12952589494211736
12-01-2026 13:55||NIFTY27JAN2626100CE,0.10747990092485317
12-01-2026 13:55||NIFTY27JAN2626400CE,0.10920853383200853
12-01-2026 14:00||NIFTY27JAN2624000PE,0.1823806875981661
12-01-2026 14:00||NIFTY27JAN2624400PE,0.15813027887319792
12-01-2026 14:00||NIFTY27JAN2624500PE,0.15211624237347646
12-01-2026 14:00||NIFTY27JAN2624600PE,0.14501138997085078
12-01-2026 14:00||NIFTY27JAN2625000PE,0.12474115114466904
12-01-2026 14:00||NIFTY27JAN2625400CE,0.12372068318948214
12-01-2026 14:00||NIFTY27JAN2625600CE,0.11659210976617534
12-01-2026 14:00||NIFTY27JAN2625700CE,0.11349422865568606
12-01-2026 14:00||NIFTY27JAN2626300CE,0.10783380992039007
12-01-2026 14:00||NIFTY27JAN2626400CE,0.10916473526611799
12-01-2026 14:05||NIFTY27JAN2624400PE,0.157183580179806
12-01-2026 14:05||NIFTY27JAN2624600PE,0.1442715947983813
12-01-2026 14:05||NIFTY27JAN2624800PE,0.13325322812479568
12-01-2026 14:05||NIFTY27JAN2625800CE,0.11499986751790926
12-01-2026 14:05||NIFTY27JAN2626000CE,0.1105482564201365
12-01-2026 14:05||NIFTY27JAN2626200CE,0.10903602402458112
12-01-2026 14:05||NIFTY27JAN2626400CE,0.10822677235003343
12-01-2026 14:05||NIFTY27JAN2626500CE,0.10982387810213992
12-01-2026 14:10||NIFTY27JAN2624100PE,0.1773428202203481
12-01-2026 14:10||NIFTY27JAN2624600PE,0.14569331910774724
12-01-2026 14:10||NIFTY27JAN2624800PE,0.1348784565190172
12-01-2026 14:10||NIFTY27JAN2625200CE,0.13989029481324186
12-01-2026 14:10||NIFTY27JAN2625500CE,0.11797125652862432
12-01-2026 14:10||NIFTY27JAN2626400CE,0.10764556948718425
12-01-2026 14:15||NIFTY27JAN2624100PE,0.17591432613516847
12-01-2026 14:15||NIFTY27JAN2624200PE,0.16922858102221508
12-01-2026 14:15||NIFTY27JAN2624900PE,0.12817603795707327
12-01-2026 14:15||NIFTY27JAN2625800CE,0.11240320018136893
12-01-2026 14:20||NIFTY27JAN2624400PE,0.15629131209512248
12-01-2026 14:20||NIFTY27JAN2624500PE,0.14979711076924176
12-01-2026 14:20||NIFTY27JAN2624600PE,0.14334032919746648
12-01-2026 14:20||NIFTY27JAN2625000PE,0.12143913616065237
12-01-2026 14:20||NIFTY27JAN2625200CE,0.14945422429421495
12-01-2026 14:20||NIFTY27JAN2625700CE,0.12310167678057726
12-01-2026 14:20||NIFTY27JAN2626200CE,0.11160169795382065
12-01-2026 14:20||NIFTY27JAN2626500CE,0.11287667779364881
12-01-2026 14:25||NIFTY27JAN2623900PE,0.1881599203982307
12-01-2026 14:25||NIFTY27JAN2624200PE,0.17128913144744634
12-01-2026 14:25||NIFTY27JAN2624500PE,0.15275681221704043
12-01-2026 14:25||NIFTY27JAN2624600PE,0.14627359332157713
12-01-2026 14:25||NIFTY27JAN2626300CE,0.10647475564779932
12-01-2026 14:25||NIFTY27JAN2626500CE,0.1091881063650774
12-01-2026 14:30||NIFTY27JAN2623900PE,0.18811399033135645
12-01-2026 14:30||NIFTY27JAN2624200PE,0.17144115274614183
12-01-2026 14:30||NIFTY27JAN2625200CE,0.12456141933576559
12-01-2026 14:30||NIFTY27JAN2625700CE,0.10906759499551641
12-01-2026 14:30||NIFTY27JAN2626200CE,0.10443220823571077
12-01-2026 14:35||NIFTY27JAN2624500PE,0.1489560043627789
12-01-2026 14:35||NIFTY27JAN2625100PE,0.11619878997597373
12-01-2026 14:35||NIFTY27JAN2625900CE,0.1161891001775268
12-01-2026 14:35||NIFTY27JAN2626000CE,0.11401948256857129
12-01-2026 14:35||NIFTY27JAN2626100CE,0.11196808398259331
12-01-2026 14:35||NIFTY27JAN2626400CE,0.10887779230904432
12-01-2026 14:35||NIFTY27JAN2626500CE,0.10856477303174393
12-01-2026 14:40||NIFTY27JAN2624100PE,0.17657340230286964
12-01-2026 14:40||NIFTY27JAN2624300PE,0.16387060639409626
12-01-2026 14:40||NIFTY27JAN2624500PE,0.15180322416324032
12-01-2026 14:40||NIFTY27JAN2625100PE,0.11953878997597385
12-01-2026 14:40||NIFTY27JAN2625300CE,0.13352959737609868
12-01-2026 14:40||NIFTY27JAN2625600CE,0.11851554681338233
12-01-2026 14:40||NIFTY27JAN2626400CE,0.10913014788673014
12-01-2026 14:45||NIFTY27JAN2624000PE,0.18309118514886966
12-01-2026 14:45||NIFTY27JAN2624600PE,0.14655850371252888
12-01-2026 14:45||NIFTY27JAN2625000PE,0.12517909687756057
12-01-2026 14:45||NIFTY27JAN2625300CE,0.12642574915928326
12-01-2026 14:45||NIFTY27JAN2625500CE,0.11865092267033901
12-01-2026 14:45||NIFTY27JAN2626000CE,0.10675446863655355
12-01-2026 14:45||NIFTY27JAN2626100CE,0.10561617053493402
12-01-2026 14:45||NIFTY27JAN2626200CE,0.1055729544241561
12-01-2026 14:45||NIFTY27JAN2626500CE,0.10827371612049205
12-01-2026 14:50||NIFTY27JAN2624000PE,0.18326521082709843
12-01-2026 14:50||NIFTY27JAN2624400PE,0.15807362138360684
12-01-2026 14:50||NIFTY27JAN2624800PE,0.13401960379351222
12-01-2026 14:50||NIFTY27JAN2625100PE,0.11860655289904519
12-01-2026 14:50||NIFTY27JAN2625600CE,0.1214588566195916
12-01-2026 14:50||NIFTY27JAN2626000CE,0.10948415450406432
12-01-2026 14:50||NIFTY27JAN2626300CE,0.10685171118722422
12-01-2026 14:50||NIFTY27JAN2626400CE,0.10867041596853923
12-01-2026 14:55||NIFTY27JAN2624300PE,0.16428372651503406
12-01-2026 14:55||NIFTY27JAN2624500PE,0.1522811176111524
12-01-2026 14:55||NIFTY27JAN2624700PE,0.13977660279643683
12-01-2026 14:55||NIFTY27JAN2624900PE,0.12905316081302692
12-01-2026 14:55||NIFTY27JAN2625100PE,0.11942655289904523
12-01-2026 14:55||NIFTY27JAN2626200CE,0.1070263778837275
12-01-2026 15:00||NIFTY27JAN2623800PE,0.19513301674612324
12-01-2026 15:00||NIFTY27JAN2623900PE,0.18907032486064196
12-01-2026 15:00||NIFTY27JAN2624300PE,0.16418545522032876
12-01-2026 15:00||NIFTY27JAN2624700PE,0.13958157735463378
12-01-2026 15:00||NIFTY27JAN2624800PE,0.1340868953073762
12-01-2026 15:00||NIFTY27JAN2626000CE,0.108371038880018
12-01-2026 15:00||NIFTY27JAN2626100CE,0.1062188058534609
12-01-2026 15:05||NIFTY27JAN2623800PE,0.19354301674612348
12-01-2026 15:05||NIFTY27JAN2624200PE,0.17212728260898794
12-01-2026 15:05||NIFTY27JAN2624300PE,0.16523062855369228
12-01-2026 15:05||NIFTY27JAN2624900PE,0.12964987429962477
12-01-2026 15:05||NIFTY27JAN2625900CE,0.10754455901242077
12-01-2026 15:05||NIFTY27JAN2626200CE,0.1044802648495103
12-01-2026 15:10||NIFTY27JAN2624000PE,0.1836943139600823
12-01-2026 15:10||NIFTY27JAN2624500PE,0.1528001516526607
12-01-2026 15:10||NIFTY27JAN2624600PE,0.14594798907844628
12-01-2026 15:10||NIFTY27JAN2625200CE,0.137896972436118
12-01-2026 15:10||NIFTY27JAN2625600CE,0.11296762331409102
12-01-2026 15:10||NIFTY27JAN2625900CE,0.10635951069794347
12-01-2026 15:10||NIFTY27JAN2626200CE,0.10298167048783953
12-01-2026 15:10||NIFTY27JAN2626300CE,0.10361433469990586
12-01-2026 15:10||NIFTY27JAN2626400CE,0.1045905484475
12-01-2026 15:15||NIFTY27JAN2623900PE,0.19030713732322874
12-01-2026 15:15||NIFTY27JAN2624000PE,0.18549535124614136
12-01-2026 15:15||NIFTY27JAN2624500PE,0.15359254666501831
12-01-2026 15:15||NIFTY27JAN2624900PE,0.1294664370975122
12-01-2026 15:15||NIFTY27JAN2625200CE,0.14172629249085836
12-01-2026 15:15||NIFTY27JAN2625400CE,0.12700751777103586
12-01-2026 15:15||NIFTY27JAN2625500CE,0.1225893870170492
12-01-2026 15:20||NIFTY27JAN2624100PE,0.1815664692121953
12-01-2026 15:20||NIFTY27JAN2624200PE,0.1742550436050814
12-01-2026 15:20||NIFTY27JAN2624400PE,0.1618834051566632
12-01-2026 15:20||NIFTY27JAN2624500PE,0.1551614820220656
12-01-2026 15:20||NIFTY27JAN2625000PE,0.12454394449104032
12-01-2026 15:20||NIFTY27JAN2625200CE,0.14070962582419436
12-01-2026 15:20||NIFTY27JAN2625300CE,0.1353524238164987
12-01-2026 15:20||NIFTY27JAN2626200CE,0.10461771662532193
12-01-2026 15:20||NIFTY27JAN2626300CE,0.10467105561549182
12-01-2026 15:25||NIFTY27JAN2624200PE,0.17414551140221815
12-01-2026 15:25||NIFTY27JAN2624600PE,0.14875325598229303
12-01-2026 15:25||NIFTY27JAN2625400CE,0.11753749312609275
12-01-2026 15:25||NIFTY27JAN2625500CE,0.11452936047396647
12-01-2026 15:25||NIFTY27JAN2625700CE,0.1085599225894619
13-01-2026 09:15||NIFTY27JAN2624000PE,0.18958818866969054
13-01-2026 09:15||NIFTY27JAN2624700PE,0.14458025553369627
13-01-2026 09:15||NIFTY27JAN2625500CE,0.10099378502639003
13-01-2026 09:15||NIFTY27JAN2625600CE,0.09968544132426889
13-01-2026 09:15||NIFTY27JAN2625800CE,0.09823475274568441
13-01-2026 09:15||NIFTY27JAN2625900CE,0.09782768914340353
13-01-2026 09:15||NIFTY27JAN2626100CE,0.09706096710265484
13-01-2026 09:20||NIFTY27JAN2623800PE,0.19893951767031842
13-01-2026 09:20||NIFTY27JAN2624500PE,0.1564592643811248
13-01-2026 09:20||NIFTY27JAN2624600PE,0.14865236671640894
13-01-2026 09:20||NIFTY27JAN2624800PE,0.13717027240386093
13-01-2026 09:25||NIFTY27JAN2623800PE,0.19873285100365196
13-01-2026 09:25||NIFTY27JAN2624200PE,0.17630896013109185
13-01-2026 09:25||NIFTY27JAN2624400PE,0.1652551368735966
13-01-2026 09:25||NIFTY27JAN2624600PE,0.153595226547543
13-01-2026 09:25||NIFTY27JAN2624800PE,0.14325780597053883
13-01-2026 09:25||NIFTY27JAN2625300CE,0.08295335298752715
13-01-2026 09:25||NIFTY27JAN2625500CE,0.0832054606702172
13-01-2026 09:30||NIFTY27JAN2624500PE,0.15560177685539
13-01-2026 09:30||NIFTY27JAN2625300CE,0.0983879357246358
13-01-2026 09:30||NIFTY27JAN2625500CE,0.09850191528328348
13-01-2026 09:30||NIFTY27JAN2625700CE,0.09928405365436188
13-01-2026 09:30||NIFTY27JAN2626000CE,0.10004197442649918
13-01-2026 09:30||NIFTY27JAN2626200CE,0.101169861400702
13-01-2026 09:35||NIFTY27JAN2624000PE,0.18717103598525744
13-01-2026 09:35||NIFTY27JAN2625000PE,0.1259807580267385
13-01-2026 09:35||NIFTY27JAN2625300CE,0.11376513298434665
13-01-2026 09:35||NIFTY27JAN2625700CE,0.1079996680378337
13-01-2026 09:35||NIFTY27JAN2625800CE,0.10677444448691574
13-01-2026 09:40||NIFTY27JAN2625200CE,0.11953174768019967
13-01-2026 09:40||NIFTY27JAN2625400CE,0.11355351098869404
13-01-2026 09:40||NIFTY27JAN2625600CE,0.11098765141864582
13-01-2026 09:45||NIFTY27JAN2623800PE,0.1953801631590596
13-01-2026 09:45||NIFTY27JAN2624500PE,0.15350278930795888
13-01-2026 09:45||NIFTY27JAN2625400CE,0.09966205464992484
13-01-2026 09:45||NIFTY27JAN2625800CE,0.09875674558099926
13-01-2026 09:45||NIFTY27JAN2625900CE,0.09903519457471167
13-01-2026 09:50||NIFTY27JAN2623900PE,0.19035456530830117
13-01-2026 09:50||NIFTY27JAN2624500PE,0.15345270811037434
13-01-2026 09:50||NIFTY27JAN2624600PE,0.14686686122893147
13-01-2026 09:50||NIFTY27JAN2625000PE,0.12489614404434955
13-01-2026 09:50||NIFTY27JAN2625100PE,0.11908878997597312
13-01-2026 09:50||NIFTY27JAN2626300CE,0.10536228207599088
13-01-2026 09:55||NIFTY27JAN2624100PE,0.17819962753087823
13-01-2026 09:55||NIFTY27JAN2624200PE,0.17171577551603376
13-01-2026 09:55||NIFTY27JAN2624300PE,0.16445352805648863
13-01-2026 09:55||NIFTY27JAN2624700PE,0.14091532011801036
13-01-2026 09:55||NIFTY27JAN2625600CE,0.10403939382572386
13-01-2026 10:00||NIFTY27JAN2624200PE,0.16976119804431308
13-01-2026 10:00||NIFTY27JAN2626300CE,0.11163293471142204
13-01-2026 10:00||NIFTY27JAN2626500CE,0.11468335768015173
13-01-2026 10:05||NIFTY27JAN2624000PE,0.18150902473020655
13-01-2026 10:05||NIFTY27JAN2624800PE,0.13394627377485263
13-01-2026 10:05||NIFTY27JAN2626400CE,0.11071134014253434
13-01-2026 10:10||NIFTY27JAN2624100PE,0.17913944000475093
13-01-2026 10:10||NIFTY27JAN2624200PE,0.17282567724901451
13-01-2026 10:10||NIFTY27JAN2624500PE,0.15409864583675784
13-01-2026 10:10||NIFTY27JAN2624700PE,0.14216094289654116
13-01-2026 10:10||NIFTY27JAN2625100PE,0.12394878997597376
13-01-2026 10:10||NIFTY27JAN2625800CE,0.10129729699033647
13-01-2026 10:15||NIFTY27JAN2624500PE,0.15301649137484055
13-01-2026 10:15||NIFTY27JAN2624800PE,0.13611337981449656
13-01-2026 10:15||NIFTY27JAN2624900PE,0.13076604317317425
13-01-2026 10:15||NIFTY27JAN2625100PE,0.12156878997597405
13-01-2026 10:15||NIFTY27JAN2625800CE,0.10216345923682142
13-01-2026 10:20||NIFTY27JAN2623900PE,0.19052211830878465
13-01-2026 10:20||NIFTY27JAN2624100PE,0.17922650079079205
13-01-2026 10:20||NIFTY27JAN2625300CE,0.11896078835547806
13-01-2026 10:20||NIFTY27JAN2625700CE,0.10632022966160902
13-01-2026 10:20||NIFTY27JAN2626500CE,0.10945919231096815
13-01-2026 10:25||NIFTY27JAN2623900PE,0.19107876640028557
13-01-2026 10:25||NIFTY27JAN2624200PE,0.17224048255584054
13-01-2026 10:25||NIFTY27JAN2624500PE,0.15199252172674868
13-01-2026 10:25||NIFTY27JAN2624700PE,0.13917165840170653
13-01-2026 10:25||NIFTY27JAN2625100PE,0.11769452025286535
13-01-2026 10:25||NIFTY27JAN2625700CE,0.11520575610531936
13-01-2026 10:30||NIFTY27JAN2623800PE,0.19886476198506164
13-01-2026 10:30||NIFTY27JAN2624400PE,0.1618962200200239
13-01-2026 10:30||NIFTY27JAN2624600PE,0.1490203422547042
13-01-2026 10:30||NIFTY27JAN2624700PE,0.14309725481606506
13-01-2026 10:30||NIFTY27JAN2624900PE,0.13157133163693716
13-01-2026 10:30||NIFTY27JAN2625300CE,0.11716169915984588
13-01-2026 10:30||NIFTY27JAN2625900CE,0.10184313527137978
13-01-2026 10:30||NIFTY27JAN2626000CE,0.10157068331212477
13-01-2026 10:30||NIFTY27JAN2626100CE,0.10093274833269582
13-01-2026 10:30||NIFTY27JAN2626400CE,0.10347414307032446
13-01-2026 10:35||NIFTY27JAN2623800PE,0.1983165700933804
13-01-2026 10:35||NIFTY27JAN2623900PE,0.19347862191200724
13-01-2026 10:35||NIFTY27JAN2624300PE,0.16744997635026634
13-01-2026 10:35||NIFTY27JAN2624600PE,0.14842454736808489
13-01-2026 10:35||NIFTY27JAN2625000PE,0.12650302490579482
13-01-2026 10:35||NIFTY27JAN2626000CE,0.1020444999028624
13-01-2026 10:35||NIFTY27JAN2626100CE,0.10176731854624797
13-01-2026 10:40||NIFTY27JAN2623900PE,0.1912204029460118
13-01-2026 10:40||NIFTY27JAN2624000PE,0.18685840486775174
13-01-2026 10:40||NIFTY27JAN2624400PE,0.16050944217780472
13-01-2026 10:40||NIFTY27JAN2624500PE,0.15426521067266374
13-01-2026 10:40||NIFTY27JAN2624800PE,0.1364207937585096
13-01-2026 10:40||NIFTY27JAN2626300CE,0.1033126561570181
13-01-2026 10:45||NIFTY27JAN2623900PE,0.1898092345701354
13-01-2026 10:45||NIFTY27JAN2624900PE,0.12853503773722708
13-01-2026 10:45||NIFTY27JAN2625200CE,0.13192201309479548
13-01-2026 10:45||NIFTY27JAN2625600CE,0.10938175506815886
13-01-2026 10:50||NIFTY27JAN2624900PE,0.13099012685169698
13-01-2026 10:50||NIFTY27JAN2625000PE,0.12583709013225913
13-01-2026 10:50||NIFTY27JAN2625500CE,0.10855584475947504
13-01-2026 10:50||NIFTY27JAN2625600CE,0.10286569419528982
13-01-2026 10:50||NIFTY27JAN2625700CE,0.09984787271579477
13-01-2026 10:50||NIFTY27JAN2625900CE,0.09809826194806004
13-01-2026 10:55||NIFTY27JAN2624300PE,0.16362018985674906
13-01-2026 10:55||NIFTY27JAN2624400PE,0.15694366890534397
13-01-2026 10:55||NIFTY27JAN2625200CE,0.13419044380832307
13-01-2026 10:55||NIFTY27JAN2625700CE,0.10986352161507953
13-01-2026 10:55||NIFTY27JAN2626400CE,0.10641795712098841
13-01-2026 11:00||NIFTY27JAN2623900PE,0.1897195624794522
13-01-2026 11:00||NIFTY27JAN2624200PE,0.17080700734180002
13-01-2026 11:00||NIFTY27JAN2625000PE,0.12449984319834474
13-01-2026 11:00||NIFTY27JAN2625700CE,0.10263201171802075
13-01-2026 11:00||NIFTY27JAN2625800CE,0.1020290032947565
13-01-2026 11:00||NIFTY27JAN2626400CE,0.1035337789770054
13-01-2026 11:05||NIFTY27JAN2624100PE,0.17612042507347905
13-01-2026 11:05||NIFTY27JAN2624800PE,0.1328673837467761
13-01-2026 11:05||NIFTY27JAN2625100PE,0.1184885513669074
13-01-2026 11:05||NIFTY27JAN2625800CE,0.1096034041125862
13-01-2026 11:10||NIFTY27JAN2623900PE,0.18921332949494085
13-01-2026 11:10||NIFTY27JAN2624800PE,0.13417990155363613
13-01-2026 11:10||NIFTY27JAN2624900PE,0.12836217794466814
13-01-2026 11:10||NIFTY27JAN2625000PE,0.12322655289904481
13-01-2026 11:10||NIFTY27JAN2625100PE,0.1180685513669071
13-01-2026 11:10||NIFTY27JAN2625900CE,0.10289533129243271
13-01-2026 11:10||NIFTY27JAN2626400CE,0.10344890517481316
13-01-2026 11:15||NIFTY27JAN2624500PE,0.15101770350453045
13-01-2026 11:15||NIFTY27JAN2625100PE,0.12018855136690744
13-01-2026 11:15||NIFTY27JAN2625200CE,0.11654616317495776
13-01-2026 11:15||NIFTY27JAN2625300CE,0.11333751979637074
13-01-2026 11:20||NIFTY27JAN2624900PE,0.1280372212735536
13-01-2026 11:20||NIFTY27JAN2626100CE,0.10082451821413503
13-01-2026 11:25||NIFTY27JAN2624000PE,0.18275207609359467
13-01-2026 11:25||NIFTY27JAN2624500PE,0.15012703226700172
13-01-2026 11:25||NIFTY27JAN2624800PE,0.13247615160659654
13-01-2026 11:25||NIFTY27JAN2625600CE,0.11146842556587536
13-01-2026 11:25||NIFTY27JAN2626000CE,0.10291224089073392
13-01-2026 11:25||NIFTY27JAN2626200CE,0.10171465570099024
13-01-2026 11:25||NIFTY27JAN2626400CE,0.10336578700820594
13-01-2026 11:30||NIFTY27JAN2625100PE,0.11706452025286522
13-01-2026 11:30||NIFTY27JAN2625500CE,0.11646362877854423
13-01-2026 11:30||NIFTY27JAN2625800CE,0.1076303997626366
13-01-2026 11:30||NIFTY27JAN2625900CE,0.10538541218969659
13-01-2026 11:35||NIFTY27JAN2623800PE,0.19688233835373067
13-01-2026 11:35||NIFTY27JAN2623900PE,0.191042565816623
13-01-2026 11:35||NIFTY27JAN2624100PE,0.1776807803084157
13-01-2026 11:35||NIFTY27JAN2624900PE,0.12925444307100264
13-01-2026 11:35||NIFTY27JAN2625300CE,0.11076952725549313
13-01-2026 11:35||NIFTY27JAN2626000CE,0.09931319091512417
13-01-2026 11:35||NIFTY27JAN2626300CE,0.10017612504398768
13-01-2026 11:35||NIFTY27JAN2626500CE,0.10328856670747291
13-01-2026 11:40||NIFTY27JAN2623800PE,0.1934949869273907
13-01-2026 11:40||NIFTY27JAN2624500PE,0.15173781457776783
13-01-2026 11:40||NIFTY27JAN2624900PE,0.1299829856354161
13-01-2026 11:40||NIFTY27JAN2625300CE,0.09952987709419349
13-01-2026 11:40||NIFTY27JAN2625400CE,0.09812271746104108
13-01-2026 11:45||NIFTY27JAN2623800PE,0.1917649869273907
13-01-2026 11:45||NIFTY27JAN2625000PE,0.12234480090095258
13-01-2026 11:45||NIFTY27JAN2625400CE,0.11252796850790064
13-01-2026 11:45||NIFTY27JAN2625800CE,0.10410915791676427
13-01-2026 11:45||NIFTY27JAN2626200CE,0.10137577859580814
13-01-2026 11:45||NIFTY27JAN2626300CE,0.10208862144260294
13-01-2026 11:45||NIFTY27JAN2626400CE,0.10335198443456185
13-01-2026 11:50||NIFTY27JAN2624000PE,0.1810711225381669
13-01-2026 11:50||NIFTY27JAN2624300PE,0.1626675226496676
13-01-2026 11:50||NIFTY27JAN2625100PE,0.12000144348316334
13-01-2026 11:50||NIFTY27JAN2626200CE,0.09845755865242799
13-01-2026 11:50||NIFTY27JAN2626300CE,0.09923416049120753
13-01-2026 11:55||NIFTY27JAN2624300PE,0.1608391073533097
13-01-2026 11:55||NIFTY27JAN2624800PE,0.13149233617098813
13-01-2026 11:55||NIFTY27JAN2625000PE,0.12226303504225781
13-01-2026 11:55||NIFTY27JAN2625400CE,0.10805127489958505
13-01-2026 11:55||NIFTY27JAN2625500CE,0.10783042270396781
13-01-2026 12:00||NIFTY27JAN2624500PE,0.14788508828462557
13-01-2026 12:00||NIFTY27JAN2625000PE,0.12143854076725229
13-01-2026 12:00||NIFTY27JAN2625900CE,0.10203015831527099
13-01-2026 12:05||NIFTY27JAN2623800PE,0.19154819187687616
13-01-2026 12:05||NIFTY27JAN2624500PE,0.1467985895754992
13-01-2026 12:05||NIFTY27JAN2624700PE,0.13465497176741675
13-01-2026 12:05||NIFTY27JAN2625000PE,0.11999610447266966
13-01-2026 12:05||NIFTY27JAN2625300CE,0.11279470678276546
13-01-2026 12:05||NIFTY27JAN2625800CE,0.10476843581660138
13-01-2026 12:10||NIFTY27JAN2624500PE,0.14831163274640172
13-01-2026 12:10||NIFTY27JAN2625000PE,0.12292649890763001
13-01-2026 12:10||NIFTY27JAN2625200CE,0.11676863303688324
13-01-2026 12:10||NIFTY27JAN2625500CE,0.09982974052593235
13-01-2026 12:10||NIFTY27JAN2625600CE,0.10009553704886084
13-01-2026 12:15||NIFTY27JAN2624200PE,0.16585486762595755
13-01-2026 12:15||NIFTY27JAN2624300PE,0.1589227854300632
13-01-2026 12:15||NIFTY27JAN2625300CE,0.11725608081214546
13-01-2026 12:15||NIFTY27JAN2625800CE,0.1065104988462337
13-01-2026 12:15||NIFTY27JAN2626500CE,0.10910919231096813
13-01-2026 12:20||NIFTY27JAN2624100PE,0.17133511423309603
13-01-2026 12:20||NIFTY27JAN2624700PE,0.13587534024339334
13-01-2026 12:20||NIFTY27JAN2625100PE,0.11800452025286527
13-01-2026 12:20||NIFTY27JAN2625700CE,0.10172897914101588
13-01-2026 12:25||NIFTY27JAN2623800PE,0.18691919156374107
13-01-2026 12:25||NIFTY27JAN2624200PE,0.16407356999990644
13-01-2026 12:25||NIFTY27JAN2624300PE,0.15770557227088292
13-01-2026 12:25||NIFTY27JAN2624500PE,0.1453174397540861
13-01-2026 12:25||NIFTY27JAN2625700CE,0.11043976834282102
13-01-2026 12:30||NIFTY27JAN2623900PE,0.18248681813757
13-01-2026 12:30||NIFTY27JAN2624000PE,0.17684871457044674
13-01-2026 12:30||NIFTY27JAN2624100PE,0.17102508185890222
13-01-2026 12:30||NIFTY27JAN2624400PE,0.1534828954799893
13-01-2026 12:30||NIFTY27JAN2624700PE,0.13551416372043068
13-01-2026 12:30||NIFTY27JAN2624900PE,0.1258100305708797
13-01-2026 12:30||NIFTY27JAN2626000CE,0.10054838587025378
13-01-2026 12:30||NIFTY27JAN2626400CE,0.10459123197712251
13-01-2026 12:35||NIFTY27JAN2624200PE,0.16338492473855096
13-01-2026 12:35||NIFTY27JAN2624300PE,0.1578406864554768
13-01-2026 12:35||NIFTY27JAN2624600PE,0.14015199874155498
13-01-2026 12:35||NIFTY27JAN2624800PE,0.12915790906745656
13-01-2026 12:35||NIFTY27JAN2625100PE,0.11595144348316323
13-01-2026 12:35||NIFTY27JAN2625900CE,0.10293330622211215
13-01-2026 12:35||NIFTY27JAN2626100CE,0.10278391528400982
13-01-2026 12:35||NIFTY27JAN2626400CE,0.10582517786296954
13-01-2026 12:40||NIFTY27JAN2624100PE,0.16918099273356882
13-01-2026 12:40||NIFTY27JAN2624300PE,0.15746139327512912
13-01-2026 12:40||NIFTY27JAN2624600PE,0.140251651722948
13-01-2026 12:40||NIFTY27JAN2624700PE,0.13451411117925655
13-01-2026 12:40||NIFTY27JAN2625100PE,0.11696144348316341
13-01-2026 12:40||NIFTY27JAN2626500CE,0.10910847274612466
13-01-2026 12:45||NIFTY27JAN2625300CE,0.10146581669743097
13-01-2026 12:45||NIFTY27JAN2626200CE,0.10148229289679694
13-01-2026 12:50||NIFTY27JAN2623900PE,0.1801254662243482
13-01-2026 12:50||NIFTY27JAN2624100PE,0.1690985508544833
13-01-2026 12:50||NIFTY27JAN2624600PE,0.13989306364602908
13-01-2026 12:50||NIFTY27JAN2625400CE,0.10668403650131539
13-01-2026 12:50||NIFTY27JAN2625500CE,0.10546944925726089
13-01-2026 12:55||NIFTY27JAN2624000PE,0.1746398396796356
13-01-2026 12:55||NIFTY27JAN2624300PE,0.15697892583515885
13-01-2026 12:55||NIFTY27JAN2624500PE,0.1455930663782505
13-01-2026 12:55||NIFTY27JAN2624700PE,0.1345191724506467
13-01-2026 12:55||NIFTY27JAN2625000PE,0.12066641684361214
13-01-2026 12:55||NIFTY27JAN2625100PE,0.11579191929066768
13-01-2026 12:55||NIFTY27JAN2625300CE,0.11302305537592341
13-01-2026 12:55||NIFTY27JAN2625500CE,0.10616636467282271
13-01-2026 12:55||NIFTY27JAN2626200CE,0.10456965853558639
13-01-2026 12:55||NIFTY27JAN2626400CE,0.10694771691096643
13-01-2026 12:55||NIFTY27JAN2626500CE,0.11010514469192065
13-01-2026 13:00||NIFTY27JAN2624000PE,0.17509678639956694
13-01-2026 13:00||NIFTY27JAN2624600PE,0.13935998703122135
13-01-2026 13:00||NIFTY27JAN2624700PE,0.13349153510641987
13-01-2026 13:00||NIFTY27JAN2626400CE,0.10896434966833148
13-01-2026 13:05||NIFTY27JAN2624000PE,0.17541450380888124
13-01-2026 13:05||NIFTY27JAN2624600PE,0.13831897628252712
13-01-2026 13:05||NIFTY27JAN2625200CE,0.12250503433686473
13-01-2026 13:05||NIFTY27JAN2625700CE,0.1079679121122315
13-01-2026 13:05||NIFTY27JAN2626500CE,0.11563659705213694
13-01-2026 13:10||NIFTY27JAN2623900PE,0.18358808292518627
13-01-2026 13:10||NIFTY27JAN2624400PE,0.151839372487621
13-01-2026 13:10||NIFTY27JAN2624500PE,0.14624112362179545
13-01-2026 13:10||NIFTY27JAN2624700PE,0.13467584295853677
13-01-2026 13:10||NIFTY27JAN2625000PE,0.12115937343580598
13-01-2026 13:10||NIFTY27JAN2625600CE,0.10375746314765225
13-01-2026 13:10||NIFTY27JAN2626000CE,0.10192708137124278
13-01-2026 13:10||NIFTY27JAN2626400CE,0.10810463700712382
13-01-2026 13:10||NIFTY27JAN2626500CE,0.1119401394127915
13-01-2026 13:15||NIFTY27JAN2623800PE,0.1870879966393074
13-01-2026 13:15||NIFTY27JAN2624000PE,0.1764885107626382
13-01-2026 13:15||NIFTY27JAN2624100PE,0.17021290864001146
13-01-2026 13:15||NIFTY27JAN2624700PE,0.1339607177100838
13-01-2026 13:15||NIFTY27JAN2625000PE,0.12014834055291303
13-01-2026 13:15||NIFTY27JAN2625800CE,0.1064398195635127
13-01-2026 13:15||NIFTY27JAN2626100CE,0.10564291146077034
13-01-2026 13:15||NIFTY27JAN2626200CE,0.10718376281998879
13-01-2026 13:15||NIFTY27JAN2626300CE,0.10891618092559677
13-01-2026 13:20||NIFTY27JAN2624300PE,0.1575470282408548
13-01-2026 13:20||NIFTY27JAN2624400PE,0.15174687588617977
13-01-2026 13:20||NIFTY27JAN2624800PE,0.1288416982201236
13-01-2026 13:20||NIFTY27JAN2625000PE,0.11961265397711664
13-01-2026 13:20||NIFTY27JAN2625300CE,0.11592804675554284
13-01-2026 13:20||NIFTY27JAN2625400CE,0.11423818170794449
13-01-2026 13:20||NIFTY27JAN2625900CE,0.10490937001654586
13-01-2026 13:20||NIFTY27JAN2626500CE,0.11400405868201739
13-01-2026 13:25||NIFTY27JAN2624000PE,0.17744851343885826
13-01-2026 13:25||NIFTY27JAN2624200PE,0.16424805030499973
13-01-2026 13:25||NIFTY27JAN2624300PE,0.15803184504366966
13-01-2026 13:25||NIFTY27JAN2624600PE,0.13982597884668682
13-01-2026 13:25||NIFTY27JAN2625600CE,0.10390670547836808
13-01-2026 13:25||NIFTY27JAN2626400CE,0.10927136635242707
13-01-2026 13:30||NIFTY27JAN2623800PE,0.1885442205778103
13-01-2026 13:30||NIFTY27JAN2624000PE,0.17636571411402924
13-01-2026 13:30||NIFTY27JAN2624100PE,0.17023171172220128
13-01-2026 13:30||NIFTY27JAN2625500CE,0.10947161111349393
13-01-2026 13:35||NIFTY27JAN2624300PE,0.15873053550520663
13-01-2026 13:35||NIFTY27JAN2624800PE,0.12985094616977533
13-01-2026 13:35||NIFTY27JAN2625700CE,0.10205431728266032
13-01-2026 13:40||NIFTY27JAN2623800PE,0.18912447057852683
13-01-2026 13:40||NIFTY27JAN2624400PE,0.14932965517594463
13-01-2026 13:40||NIFTY27JAN2624500PE,0.1437186676259651
13-01-2026 13:40||NIFTY27JAN2625500CE,0.11174763277469062
13-01-2026 13:40||NIFTY27JAN2625700CE,0.10772957571519992
13-01-2026 13:40||NIFTY27JAN2625900CE,0.1049616928644662
13-01-2026 13:40||NIFTY27JAN2626100CE,0.10429118287409347
13-01-2026 13:45||NIFTY27JAN2624000PE,0.17633401971467347
13-01-2026 13:45||NIFTY27JAN2624100PE,0.1694565364212373
13-01-2026 13:45||NIFTY27JAN2625100PE,0.11641452025286507
13-01-2026 13:45||NIFTY27JAN2625300CE,0.11054807616462321
13-01-2026 13:45||NIFTY27JAN2625800CE,0.10125540935943822
13-01-2026 13:45||NIFTY27JAN2626000CE,0.10078147667907168
13-01-2026 13:50||NIFTY27JAN2624200PE,0.16197358152337696
13-01-2026 13:50||NIFTY27JAN2624400PE,0.14994915690179647
13-01-2026 13:50||NIFTY27JAN2624500PE,0.1439705792072649
13-01-2026 13:50||NIFTY27JAN2626000CE,0.10167357563498393
13-01-2026 13:55||NIFTY27JAN2624200PE,0.16182849833781734
13-01-2026 13:55||NIFTY27JAN2624300PE,0.15581365457009863
13-01-2026 13:55||NIFTY27JAN2625000PE,0.1190270701300593
13-01-2026 13:55||NIFTY27JAN2625500CE,0.10919921895209529
13-01-2026 13:55||NIFTY27JAN2626000CE,0.10278401187414614
13-01-2026 14:00||NIFTY27JAN2623900PE,0.1811225949414219
13-01-2026 14:00||NIFTY27JAN2624000PE,0.17404750933216215
13-01-2026 14:00||NIFTY27JAN2624100PE,0.16786512064007583
13-01-2026 14:00||NIFTY27JAN2624600PE,0.13869845040504547
13-01-2026 14:00||NIFTY27JAN2625300CE,0.10513306709753636
13-01-2026 14:00||NIFTY27JAN2625700CE,0.10152041596431868
13-01-2026 14:05||NIFTY27JAN2623900PE,0.18081525299481993
13-01-2026 14:05||NIFTY27JAN2624200PE,0.16118718456654693
13-01-2026 14:05||NIFTY27JAN2624500PE,0.1433357841551225
13-01-2026 14:05||NIFTY27JAN2625700CE,0.10413786308824856
13-01-2026 14:05||NIFTY27JAN2626300CE,0.10644579431981108
13-01-2026 14:05||NIFTY27JAN2626500CE,0.11280728754906355
13-01-2026 14:10||NIFTY27JAN2624300PE,0.15482919332673648
13-01-2026 14:10||NIFTY27JAN2624700PE,0.13196172820500873
13-01-2026 14:10||NIFTY27JAN2625200CE,0.10483664889043788
13-01-2026 14:10||NIFTY27JAN2625400CE,0.10323815505142499
13-01-2026 14:10||NIFTY27JAN2626100CE,0.10084510323753111
13-01-2026 14:15||NIFTY27JAN2623800PE,0.18308037442396466
13-01-2026 14:15||NIFTY27JAN2624800PE,0.12517840282903833
13-01-2026 14:15||NIFTY27JAN2626200CE,0.10376495106983263
13-01-2026 14:20||NIFTY27JAN2624000PE,0.17179166077242292
13-01-2026 14:20||NIFTY27JAN2624400PE,0.14776429541522476
13-01-2026 14:20||NIFTY27JAN2624800PE,0.12662539050315094
13-01-2026 14:20||NIFTY27JAN2624900PE,0.12220545403694612
13-01-2026 14:20||NIFTY27JAN2625200CE,0.11228780612404819
13-01-2026 14:20||NIFTY27JAN2625800CE,0.09931869326183546
13-01-2026 14:25||NIFTY27JAN2624000PE,0.17123484200156336
13-01-2026 14:25||NIFTY27JAN2624100PE,0.1649977118504474
13-01-2026 14:25||NIFTY27JAN2624200PE,0.15818914318711116
13-01-2026 14:25||NIFTY27JAN2624500PE,0.141812585028071
13-01-2026 14:25||NIFTY27JAN2624600PE,0.1352682238641405
13-01-2026 14:25||NIFTY27JAN2625600CE,0.10316129529367786
13-01-2026 14:25||NIFTY27JAN2626000CE,0.10160642067430642
13-01-2026 14:25||NIFTY27JAN2626200CE,0.10401185986938151
13-01-2026 14:30||NIFTY27JAN2624500PE,0.14012196887922887
13-01-2026 14:30||NIFTY27JAN2624600PE,0.13346539892678866
13-01-2026 14:30||NIFTY27JAN2624900PE,0.11893280496128984
13-01-2026 14:30||NIFTY27JAN2625100PE,0.11015655052413119
13-01-2026 14:30||NIFTY27JAN2625600CE,0.11134082403814845
13-01-2026 14:35||NIFTY27JAN2623800PE,0.18107799286588763
13-01-2026 14:35||NIFTY27JAN2624200PE,0.15843159321417505
13-01-2026 14:35||NIFTY27JAN2625100PE,0.11103655052413107
13-01-2026 14:35||NIFTY27JAN2625400CE,0.11639066198366789
13-01-2026 14:35||NIFTY27JAN2626300CE,0.10745656207567841
13-01-2026 14:35||NIFTY27JAN2626500CE,0.11378300183477796
13-01-2026 14:40||NIFTY27JAN2624500PE,0.14201378923983668
13-01-2026 14:40||NIFTY27JAN2624600PE,0.13519913709063847
13-01-2026 14:40||NIFTY27JAN2624800PE,0.12466273816843142
13-01-2026 14:40||NIFTY27JAN2625300CE,0.12167434011607382
13-01-2026 14:40||NIFTY27JAN2625600CE,0.11088316404958096
13-01-2026 14:40||NIFTY27JAN2625800CE,0.10657377958203258
13-01-2026 14:45||NIFTY27JAN2625100PE,0.11394452025286499
13-01-2026 14:45||NIFTY27JAN2626000CE,0.10020599884722492
13-01-2026 14:45||NIFTY27JAN2626100CE,0.10009072420086358
13-01-2026 14:45||NIFTY27JAN2626500CE,0.10995585897763471
13-01-2026 14:50||NIFTY27JAN2624400PE,0.14812357805626772
13-01-2026 14:50||NIFTY27JAN2624500PE,0.14199400637132328
13-01-2026 14:55||NIFTY27JAN2623800PE,0.18798757285075132
13-01-2026 14:55||NIFTY27JAN2623900PE,0.1826842039954233
13-01-2026 14:55||NIFTY27JAN2624100PE,0.1697243044739317
13-01-2026 14:55||NIFTY27JAN2624400PE,0.15031447732862177
13-01-2026 14:55||NIFTY27JAN2624500PE,0.1443651546267136
13-01-2026 14:55||NIFTY27JAN2624800PE,0.12777752376668564
13-01-2026 14:55||NIFTY27JAN2624900PE,0.12270805487208154
13-01-2026 14:55||NIFTY27JAN2625100PE,0.11306926648720841
13-01-2026 14:55||NIFTY27JAN2625700CE,0.10048033593773806
13-01-2026 14:55||NIFTY27JAN2625900CE,0.0981988569169689
13-01-2026 14:55||NIFTY27JAN2626400CE,0.10331315709691964
13-01-2026 15:00||NIFTY27JAN2623900PE,0.18465148921996444
13-01-2026 15:00||NIFTY27JAN2624500PE,0.1474403241231189
13-01-2026 15:00||NIFTY27JAN2624600PE,0.14111772894185454
13-01-2026 15:00||NIFTY27JAN2625100PE,0.11695926648720792
13-01-2026 15:00||NIFTY27JAN2625700CE,0.08827251168818966
13-01-2026 15:00||NIFTY27JAN2626200CE,0.09317117273416953
13-01-2026 15:05||NIFTY27JAN2624000PE,0.17494081428816635
13-01-2026 15:05||NIFTY27JAN2624500PE,0.14252755397273095
13-01-2026 15:05||NIFTY27JAN2624900PE,0.12008831048158036
13-01-2026 15:05||NIFTY27JAN2625400CE,0.11392932034670897
13-01-2026 15:05||NIFTY27JAN2625700CE,0.10604734891437673
13-01-2026 15:05||NIFTY27JAN2625800CE,0.10369820721417974
13-01-2026 15:05||NIFTY27JAN2626000CE,0.10137383213199597
13-01-2026 15:05||NIFTY27JAN2626100CE,0.10045679641653318
13-01-2026 15:05||NIFTY27JAN2626500CE,0.10849585897763481
13-01-2026 15:10||NIFTY27JAN2624000PE,0.17717272425283717
13-01-2026 15:10||NIFTY27JAN2624200PE,0.1640009174566688
13-01-2026 15:10||NIFTY27JAN2624400PE,0.15193373550061814
13-01-2026 15:10||NIFTY27JAN2624900PE,0.12380526787974983
13-01-2026 15:10||NIFTY27JAN2625300CE,0.09574929161492868
13-01-2026 15:10||NIFTY27JAN2625600CE,0.09433580669692049
13-01-2026 15:10||NIFTY27JAN2626200CE,0.0948143922794799
13-01-2026 15:15||NIFTY27JAN2623800PE,0.1855486219120077
13-01-2026 15:15||NIFTY27JAN2624200PE,0.16469096380749096
13-01-2026 15:15||NIFTY27JAN2624600PE,0.14042989529947505
13-01-2026 15:15||NIFTY27JAN2624700PE,0.13515681195853851
13-01-2026 15:15||NIFTY27JAN2625700CE,0.0925572200506754
13-01-2026 15:15||NIFTY27JAN2626000CE,0.09232449592066913
13-01-2026 15:15||NIFTY27JAN2626300CE,0.09652270973230387
13-01-2026 15:15||NIFTY27JAN2626500CE,0.10337157326334939
13-01-2026 15:20||NIFTY27JAN2623900PE,0.18155223207761825
13-01-2026 15:20||NIFTY27JAN2624300PE,0.1584400728564038
13-01-2026 15:20||NIFTY27JAN2624800PE,0.128152761958077
13-01-2026 15:20||NIFTY27JAN2625300CE,0.10438766893564581
13-01-2026 15:20||NIFTY27JAN2625600CE,0.09881439340088971
13-01-2026 15:20||NIFTY27JAN2626200CE,0.09676568514041461
13-01-2026 15:25||NIFTY27JAN2624500PE,0.14629399843989685
13-01-2026 15:25||NIFTY27JAN2624700PE,0.13470207833071512
13-01-2026 15:25||NIFTY27JAN2624900PE,0.12447472495060215
13-01-2026 15:25||NIFTY27JAN2626000CE,0.09353846804322868
14-01-2026 09:15||NIFTY27JAN2624300PE,0.16136766320317908
14-01-2026 09:15||NIFTY27JAN2624400PE,0.15587165832944283
14-01-2026 09:15||NIFTY27JAN2625300CE,0.1257102694327345
14-01-2026 09:15||NIFTY27JAN2626100CE,0.10143889393509592
14-01-2026 09:15||NIFTY27JAN2626500CE,0.11064761432652037
14-01-2026 09:20||NIFTY27JAN2624100PE,0.17646722253452599
14-01-2026 09:25||NIFTY27JAN2624000PE,0.18331733168062117
14-01-2026 09:25||NIFTY27JAN2624200PE,0.1699229438753294
14-01-2026 09:25||NIFTY27JAN2624700PE,0.13689381653228935
14-01-2026 09:25||NIFTY27JAN2625300CE,0.12656274410036986
14-01-2026 09:25||NIFTY27JAN2626500CE,0.10949094765985379
14-01-2026 09:30||NIFTY27JAN2623800PE,0.197621059183636
14-01-2026 09:30||NIFTY27JAN2624000PE,0.1860026133019093
14-01-2026 09:30||NIFTY27JAN2624600PE,0.14603012500371496
14-01-2026 09:30||NIFTY27JAN2624700PE,0.14012890348073523
14-01-2026 09:30||NIFTY27JAN2626200CE,0.09715416112022483
14-01-2026 09:30||NIFTY27JAN2626500CE,0.10513928099318748
14-01-2026 09:35||NIFTY27JAN2624000PE,0.1848320417190126
14-01-2026 09:35||NIFTY27JAN2625500CE,0.1017538674576336
14-01-2026 09:35||NIFTY27JAN2626400CE,0.10349368212737968
14-01-2026 09:40||NIFTY27JAN2623800PE,0.19444182982572544
14-01-2026 09:40||NIFTY27JAN2624000PE,0.18281407967955168
14-01-2026 09:40||NIFTY27JAN2624200PE,0.16982011740283065
14-01-2026 09:40||NIFTY27JAN2624700PE,0.13748265631693612
14-01-2026 09:40||NIFTY27JAN2624800PE,0.13154268248510426
14-01-2026 09:40||NIFTY27JAN2625000PE,0.12068843367316852
14-01-2026 09:40||NIFTY27JAN2625500CE,0.10042172913316842
14-01-2026 09:40||NIFTY27JAN2625800CE,0.09723088643996512
14-01-2026 09:45||NIFTY27JAN2624300PE,0.16250644462669964
14-01-2026 09:45||NIFTY27JAN2624400PE,0.1558011026938236
14-01-2026 09:45||NIFTY27JAN2624500PE,0.14914427072097053
14-01-2026 09:45||NIFTY27JAN2624600PE,0.14200893645385052
14-01-2026 09:45||NIFTY27JAN2625400CE,0.10529510409079194
14-01-2026 09:50||NIFTY27JAN2623800PE,0.19395204109063194
14-01-2026 09:50||NIFTY27JAN2623900PE,0.18739635007945651
14-01-2026 09:50||NIFTY27JAN2624600PE,0.14087175319360803
14-01-2026 09:50||NIFTY27JAN2625200CE,0.13841512517127047
14-01-2026 09:50||NIFTY27JAN2625300CE,0.13562534559444414
14-01-2026 09:50||NIFTY27JAN2626400CE,0.10842029548630024
14-01-2026 09:55||NIFTY27JAN2624100PE,0.17907216235510323
14-01-2026 09:55||NIFTY27JAN2626000CE,0.09392814801892332
14-01-2026 10:00||NIFTY27JAN2624000PE,0.18220775291492064
14-01-2026 10:00||NIFTY27JAN2624400PE,0.15575067541951634
14-01-2026 10:00||NIFTY27JAN2625100PE,0.11507452025286528
14-01-2026 10:00||NIFTY27JAN2625500CE,0.10419951737306536
14-01-2026 10:00||NIFTY27JAN2626100CE,0.09650895183655499
14-01-2026 10:00||NIFTY27JAN2626500CE,0.10580252564430148
14-01-2026 10:05||NIFTY27JAN2624600PE,0.1417461616453716
14-01-2026 10:05||NIFTY27JAN2624800PE,0.1299796900329141
14-01-2026 10:05||NIFTY27JAN2625000PE,0.11914945884590032
14-01-2026 10:05||NIFTY27JAN2625300CE,0.11595439233620244
14-01-2026 10:05||NIFTY27JAN2625400CE,0.10863311147803513
14-01-2026 10:05||NIFTY27JAN2626200CE,0.09889741723750908
14-01-2026 10:05||NIFTY27JAN2626300CE,0.10052432143842872
14-01-2026 10:05||NIFTY27JAN2626400CE,0.10413750493585365
14-01-2026 10:10||NIFTY27JAN2624000PE,0.180644429647727
14-01-2026 10:10||NIFTY27JAN2624200PE,0.167395710571526
14-01-2026 10:10||NIFTY27JAN2624500PE,0.14740414837450985
14-01-2026 10:10||NIFTY27JAN2624600PE,0.140766495023167
14-01-2026 10:10||NIFTY27JAN2625400CE,0.10986003737393459
14-01-2026 10:10||NIFTY27JAN2625600CE,0.10380412988023595
14-01-2026 10:10||NIFTY27JAN2626400CE,0.10534264706392886
14-01-2026 10:15||NIFTY27JAN2624100PE,0.17497845590819505
14-01-2026 10:15||NIFTY27JAN2625000PE,0.1196479265683854
14-01-2026 10:15||NIFTY27JAN2625200CE,0.09960572923395515
14-01-2026 10:15||NIFTY27JAN2625600CE,0.09739458900977781
14-01-2026 10:15||NIFTY27JAN2625900CE,0.09543602741476805
14-01-2026 10:20||NIFTY27JAN2624200PE,0.1669677481910196
14-01-2026 10:20||NIFTY27JAN2624700PE,0.13398805902252797
14-01-2026 10:20||NIFTY27JAN2625000PE,0.11765291374524998
14-01-2026 10:20||NIFTY27JAN2625500CE,0.10213352070610619
14-01-2026 10:20||NIFTY27JAN2625600CE,0.10031308536660564
14-01-2026 10:20||NIFTY27JAN2625700CE,0.09824420275744174
14-01-2026 10:20||NIFTY27JAN2625800CE,0.09698081414756551
14-01-2026 10:25||NIFTY27JAN2623800PE,0.19170485854354297
14-01-2026 10:25||NIFTY27JAN2624300PE,0.16005325345746857
14-01-2026 10:25||NIFTY27JAN2625000PE,0.11763749474062755
14-01-2026 10:25||NIFTY27JAN2626100CE,0.09867675167082897
14-01-2026 10:25||NIFTY27JAN2626200CE,0.10020438679263777
14-01-2026 10:25||NIFTY27JAN2626400CE,0.10487265349258768
14-01-2026 10:30||NIFTY27JAN2623900PE,0.18458203906561804
14-01-2026 10:30||NIFTY27JAN2624000PE,0.17952027512385238
14-01-2026 10:30||NIFTY27JAN2624700PE,0.13324108070659835
14-01-2026 10:30||NIFTY27JAN2624800PE,0.1276716769617868
14-01-2026 10:30||NIFTY27JAN2625100PE,0.11286515310816564
14-01-2026 10:30||NIFTY27JAN2625200CE,0.12960801819810702
14-01-2026 10:30||NIFTY27JAN2626500CE,0.11021721143547308
14-01-2026 10:35||NIFTY27JAN2623900PE,0.1866099799324505
14-01-2026 10:35||NIFTY27JAN2624400PE,0.15429954625515632
14-01-2026 10:35||NIFTY27JAN2625600CE,0.0988426092454747
14-01-2026 10:35||NIFTY27JAN2625700CE,0.09756005372915216
14-01-2026 10:35||NIFTY27JAN2626300CE,0.1003726813802455
14-01-2026 10:40||NIFTY27JAN2623800PE,0.18926645817777019
14-01-2026 10:40||NIFTY27JAN2624100PE,0.17399505553499006
14-01-2026 10:40||NIFTY27JAN2625300CE,0.10549586831723835
14-01-2026 10:40||NIFTY27JAN2625600CE,0.09810290687135556
14-01-2026 10:40||NIFTY27JAN2626300CE,0.10047653155050076
14-01-2026 10:40||NIFTY27JAN2626500CE,0.10723285242175884
14-01-2026 10:45||NIFTY27JAN2624000PE,0.17779912244127083
14-01-2026 10:45||NIFTY27JAN2624600PE,0.13763249267520142
14-01-2026 10:45||NIFTY27JAN2624800PE,0.1254315816815618
14-01-2026 10:45||NIFTY27JAN2625400CE,0.12048500861074785
14-01-2026 10:50||NIFTY27JAN2624000PE,0.18086684260695407
14-01-2026 10:50||NIFTY27JAN2624300PE,0.16074181980963956
14-01-2026 10:50||NIFTY27JAN2624800PE,0.12826551323903174
14-01-2026 10:50||NIFTY27JAN2625200CE,0.12267361760691586
14-01-2026 10:50||NIFTY27JAN2625400CE,0.10948166627479922
14-01-2026 10:50||NIFTY27JAN2625800CE,0.09995068079010445
14-01-2026 10:55||NIFTY27JAN2624600PE,0.14037894229565762
14-01-2026 10:55||NIFTY27JAN2625000PE,0.11686720540286209
14-01-2026 10:55||NIFTY27JAN2625200CE,0.1229311660943509
14-01-2026 10:55||NIFTY27JAN2626200CE,0.10047947558105787
14-01-2026 10:55||NIFTY27JAN2626300CE,0.09959009618197995
14-01-2026 10:55||NIFTY27JAN2626400CE,0.0987514663423086
14-01-2026 10:55||NIFTY27JAN2626500CE,0.10026199950818863
14-01-2026 11:00||NIFTY27JAN2624100PE,0.17518987541398343
14-01-2026 11:00||NIFTY27JAN2626100CE,0.09955799187322738
14-01-2026 11:00||NIFTY27JAN2626300CE,0.10125199383970165
14-01-2026 11:05||NIFTY27JAN2624000PE,0.18185059483779267
14-01-2026 11:05||NIFTY27JAN2624800PE,0.13096937810583098
14-01-2026 11:05||NIFTY27JAN2625300CE,0.10607997859166053
14-01-2026 11:05||NIFTY27JAN2626000CE,0.09629798822240862
14-01-2026 11:05||NIFTY27JAN2626100CE,0.09659549009947581
14-01-2026 11:05||NIFTY27JAN2626300CE,0.09912079072907967
14-01-2026 11:10||NIFTY27JAN2624000PE,0.1814137736824635
14-01-2026 11:10||NIFTY27JAN2624300PE,0.16206806045135927
14-01-2026 11:10||NIFTY27JAN2624500PE,0.14903517432710967
14-01-2026 11:10||NIFTY27JAN2625200CE,0.12131683486219659
14-01-2026 11:15||NIFTY27JAN2624100PE,0.17626730482711458
14-01-2026 11:15||NIFTY27JAN2624300PE,0.16267716009571906
14-01-2026 11:15||NIFTY27JAN2624400PE,0.15617934045841098
14-01-2026 11:15||NIFTY27JAN2624500PE,0.149338131573304
14-01-2026 11:15||NIFTY27JAN2624600PE,0.14245335721878558
14-01-2026 11:15||NIFTY27JAN2625500CE,0.1093004773678137
14-01-2026 11:15||NIFTY27JAN2625800CE,0.10127414984731584
14-01-2026 11:15||NIFTY27JAN2626000CE,0.0982449139406208
14-01-2026 11:20||NIFTY27JAN2623800PE,0.1969751336330177
14-01-2026 11:20||NIFTY27JAN2623900PE,0.1901937077572984
14-01-2026 11:20||NIFTY27JAN2624600PE,0.14380130692443568
14-01-2026 11:20||NIFTY27JAN2624800PE,0.1314152571266701
14-01-2026 11:20||NIFTY27JAN2625100PE,0.11626452025286509
14-01-2026 11:20||NIFTY27JAN2625300CE,0.11109200239826462
14-01-2026 11:20||NIFTY27JAN2625600CE,0.10101518572669457
14-01-2026 11:20||NIFTY27JAN2625800CE,0.09754439679719948
14-01-2026 11:25||NIFTY27JAN2623900PE,0.1878342530551214
14-01-2026 11:25||NIFTY27JAN2624700PE,0.13469417660418373
14-01-2026 11:25||NIFTY27JAN2624900PE,0.12305130865080667
14-01-2026 11:25||NIFTY27JAN2625400CE,0.12592546923953232
14-01-2026 11:25||NIFTY27JAN2626200CE,0.10187551133980235
14-01-2026 11:30||NIFTY27JAN2624200PE,0.1712542749476644
14-01-2026 11:30||NIFTY27JAN2624300PE,0.1654119245035912
14-01-2026 11:30||NIFTY27JAN2624400PE,0.15891804693479541
14-01-2026 11:30||NIFTY27JAN2625000PE,0.12206705342738337
14-01-2026 11:30||NIFTY27JAN2625300CE,0.10848497624359822
14-01-2026 11:30||NIFTY27JAN2625800CE,0.09714296357689606
14-01-2026 11:30||NIFTY27JAN2626000CE,0.09531701767167353
14-01-2026 11:35||NIFTY27JAN2623900PE,0.1903338831296725
14-01-2026 11:35||NIFTY27JAN2624400PE,0.15732994248223223
14-01-2026 11:35||NIFTY27JAN2624500PE,0.15066586024501674
14-01-2026 11:35||NIFTY27JAN2624700PE,0.1374250937606858
14-01-2026 11:35||NIFTY27JAN2625100PE,0.11633855136690731
14-01-2026 11:35||NIFTY27JAN2625500CE,0.10360067568162433
14-01-2026 11:35||NIFTY27JAN2625700CE,0.09955277852051414
14-01-2026 11:35||NIFTY27JAN2626100CE,0.09607496874172046
14-01-2026 11:40||NIFTY27JAN2623900PE,0.19035714890221125
14-01-2026 11:40||NIFTY27JAN2625500CE,0.10073902762994791
14-01-2026 11:40||NIFTY27JAN2625600CE,0.09966148953206785
14-01-2026 11:40||NIFTY27JAN2626500CE,0.10337252564430144
14-01-2026 11:45||NIFTY27JAN2623900PE,0.19021600997548052
14-01-2026 11:45||NIFTY27JAN2624300PE,0.1630616174157348
14-01-2026 11:45||NIFTY27JAN2624500PE,0.15003760838828104
14-01-2026 11:45||NIFTY27JAN2626400CE,0.10303723198313237
14-01-2026 11:50||NIFTY27JAN2625100PE,0.11558452025286507
14-01-2026 11:50||NIFTY27JAN2625700CE,0.10036841549202688
14-01-2026 11:50||NIFTY27JAN2625800CE,0.09807200367424997
14-01-2026 11:50||NIFTY27JAN2626100CE,0.09560480674836132
14-01-2026 11:55||NIFTY27JAN2624200PE,0.1715445198270842
14-01-2026 11:55||NIFTY27JAN2624400PE,0.1577257153220821
14-01-2026 11:55||NIFTY27JAN2624800PE,0.13180262178404992
14-01-2026 11:55||NIFTY27JAN2625200CE,0.11369742432141315
14-01-2026 11:55||NIFTY27JAN2625600CE,0.10119866769950273
14-01-2026 12:00||NIFTY27JAN2623800PE,0.19856830379248666
14-01-2026 12:00||NIFTY27JAN2624400PE,0.15898902224467412
14-01-2026 12:00||NIFTY27JAN2624900PE,0.1272393243576046
14-01-2026 12:00||NIFTY27JAN2625000PE,0.12208533393498792
14-01-2026 12:00||NIFTY27JAN2625100PE,0.11549781491119142
14-01-2026 12:05||NIFTY27JAN2624400PE,0.15895489560069673
14-01-2026 12:05||NIFTY27JAN2624600PE,0.14543113323626322
14-01-2026 12:05||NIFTY27JAN2626500CE,0.09974524415930296
14-01-2026 12:10||NIFTY27JAN2624400PE,0.1567867266375593
14-01-2026 12:10||NIFTY27JAN2624600PE,0.14344761015202412
14-01-2026 12:10||NIFTY27JAN2624800PE,0.1315892692161148
14-01-2026 12:10||NIFTY27JAN2624900PE,0.1258076262443963
14-01-2026 12:10||NIFTY27JAN2625100PE,0.11512545664264069
14-01-2026 12:10||NIFTY27JAN2625900CE,0.0919064761743991
14-01-2026 12:10||NIFTY27JAN2626300CE,0.09482999123658203
14-01-2026 12:15||NIFTY27JAN2624200PE,0.16839674904829924
14-01-2026 12:15||NIFTY27JAN2624800PE,0.128261421645823
14-01-2026 12:15||NIFTY27JAN2626500CE,0.10516252564430145
14-01-2026 12:20||NIFTY27JAN2623800PE,0.19655465491247995
14-01-2026 12:20||NIFTY27JAN2623900PE,0.1912434964923927
14-01-2026 12:20||NIFTY27JAN2625300CE,0.10250338642437351
14-01-2026 12:20||NIFTY27JAN2626400CE,0.09804521635921959
14-01-2026 12:25||NIFTY27JAN2624500PE,0.15105077682746235
14-01-2026 12:25||NIFTY27JAN2625400CE,0.0941013456093555
14-01-2026 12:25||NIFTY27JAN2625500CE,0.0963717706068374
14-01-2026 12:25||NIFTY27JAN2625900CE,0.09176111913726381
14-01-2026 12:30||NIFTY27JAN2623900PE,0.19020131389249573
14-01-2026 12:30||NIFTY27JAN2624300PE,0.16411674047189903
14-01-2026 12:30||NIFTY27JAN2624900PE,0.1253109889477392
14-01-2026 12:30||NIFTY27JAN2625800CE,0.09634085254302585
14-01-2026 12:30||NIFTY27JAN2626300CE,0.09590683328019145
14-01-2026 12:30||NIFTY27JAN2626400CE,0.09828336027167565
14-01-2026 12:35||NIFTY27JAN2623900PE,0.1907411859934075
14-01-2026 12:35||NIFTY27JAN2625300CE,0.10597634191179962
14-01-2026 12:35||NIFTY27JAN2625500CE,0.10024818402121596
14-01-2026 12:35||NIFTY27JAN2625900CE,0.09419683267361158
14-01-2026 12:45||NIFTY27JAN2625600CE,0.09427671157743245
14-01-2026 12:45||NIFTY27JAN2625700CE,0.09382312465046294
14-01-2026 12:50||NIFTY27JAN2624900PE,0.12427017476974118
14-01-2026 12:50||NIFTY27JAN2626300CE,0.09548963858731459
14-01-2026 12:50||NIFTY27JAN2626500CE,0.10161723744356557
14-01-2026 12:55||NIFTY27JAN2623900PE,0.18809552481813763
14-01-2026 12:55||NIFTY27JAN2624300PE,0.16230827437467635
14-01-2026 12:55||NIFTY27JAN2625000PE,0.11865180112690825
14-01-2026 13:00||NIFTY27JAN2624700PE,0.13604598876302845
14-01-2026 13:00||NIFTY27JAN2625400CE,0.09823699510828171
14-01-2026 13:00||NIFTY27JAN2625700CE,0.0949978948723595
14-01-2026 13:00||NIFTY27JAN2625800CE,0.09262483023843324
14-01-2026 13:00||NIFTY27JAN2626200CE,0.09330999328132004
14-01-2026 13:00||NIFTY27JAN2626300CE,0.09523438620119043
14-01-2026 13:00||NIFTY27JAN2626500CE,0.10080339128971919
14-01-2026 13:05||NIFTY27JAN2624000PE,0.18256842755370573
14-01-2026 13:05||NIFTY27JAN2624400PE,0.15570711650482155
14-01-2026 13:05||NIFTY27JAN2624800PE,0.12955961503047228
14-01-2026 13:05||NIFTY27JAN2624900PE,0.12384576281162492
14-01-2026 13:05||NIFTY27JAN2625800CE,0.09569076981012067
14-01-2026 13:05||NIFTY27JAN2626200CE,0.09445989430849987
14-01-2026 13:05||NIFTY27JAN2626300CE,0.09600017941921626
14-01-2026 13:10||NIFTY27JAN2624000PE,0.18317365640966599
14-01-2026 13:10||NIFTY27JAN2624600PE,0.14318828231309372
14-01-2026 13:10||NIFTY27JAN2624700PE,0.13649558470948345
14-01-2026 13:10||NIFTY27JAN2624900PE,0.12468446948776997
14-01-2026 13:10||NIFTY27JAN2625300CE,0.10005660380565595
14-01-2026 13:10||NIFTY27JAN2625800CE,0.08960005761313802
14-01-2026 13:10||NIFTY27JAN2625900CE,0.0890933280895833
14-01-2026 13:10||NIFTY27JAN2626400CE,0.09569265488955839
14-01-2026 13:15||NIFTY27JAN2624000PE,0.18223407714844253
14-01-2026 13:15||NIFTY27JAN2624600PE,0.14158721958048798
14-01-2026 13:15||NIFTY27JAN2624800PE,0.1292345308485245
14-01-2026 13:15||NIFTY27JAN2625200CE,0.1146416530164665
14-01-2026 13:15||NIFTY27JAN2625600CE,0.09292595409970118
14-01-2026 13:15||NIFTY27JAN2626100CE,0.0910492929042049
14-01-2026 13:15||NIFTY27JAN2626200CE,0.09210903839133176
14-01-2026 13:20||NIFTY27JAN2624400PE,0.15480158904063787
14-01-2026 13:20||NIFTY27JAN2624700PE,0.1353658649570142
14-01-2026 13:20||NIFTY27JAN2624900PE,0.12420435546781423
14-01-2026 13:20||NIFTY27JAN2625200CE,0.0921895259830195
14-01-2026 13:20||NIFTY27JAN2625900CE,0.08846944615404409
14-01-2026 13:25||NIFTY27JAN2624100PE,0.17271532874779436
14-01-2026 13:25||NIFTY27JAN2624700PE,0.13370354534045736
14-01-2026 13:25||NIFTY27JAN2624900PE,0.1222436450086823
14-01-2026 13:25||NIFTY27JAN2625200CE,0.1104714458744879
14-01-2026 13:25||NIFTY27JAN2625600CE,0.09558211409331725
14-01-2026 13:25||NIFTY27JAN2626400CE,0.09762117043550361
14-01-2026 13:25||NIFTY27JAN2626500CE,0.10117857512658571
14-01-2026 13:30||NIFTY27JAN2624200PE,0.16637372588203286
14-01-2026 13:30||NIFTY27JAN2624300PE,0.15992788009358172
14-01-2026 13:30||NIFTY27JAN2625200CE,0.10237412532346789
14-01-2026 13:30||NIFTY27JAN2625700CE,0.08998858081472447
14-01-2026 13:30||NIFTY27JAN2626500CE,0.10231524179325227
14-01-2026 13:35||NIFTY27JAN2624000PE,0.178000025373284
14-01-2026 13:35||NIFTY27JAN2624100PE,0.1715606604697004
14-01-2026 13:35||NIFTY27JAN2625100PE,0.11547452025286546
14-01-2026 13:35||NIFTY27JAN2625500CE,0.0818303403278379
14-01-2026 13:35||NIFTY27JAN2625700CE,0.08411188323958226
14-01-2026 13:40||NIFTY27JAN2626500CE,0.10659115385878233
14-01-2026 13:45||NIFTY27JAN2624100PE,0.16818204249583352
14-01-2026 13:45||NIFTY27JAN2624200PE,0.16134343450669061
14-01-2026 13:45||NIFTY27JAN2624400PE,0.14857924556934463
14-01-2026 13:45||NIFTY27JAN2624600PE,0.13605413246818446
14-01-2026 13:45||NIFTY27JAN2624700PE,0.13037451769050276
14-01-2026 13:45||NIFTY27JAN2624800PE,0.12447213582239382
14-01-2026 13:45||NIFTY27JAN2625400CE,0.10257405284834263
14-01-2026 13:45||NIFTY27JAN2626200CE,0.09802462621074165
14-01-2026 13:45||NIFTY27JAN2626300CE,0.10075195362555196
14-01-2026 13:45||NIFTY27JAN2626400CE,0.10429961086333239
14-01-2026 13:50||NIFTY27JAN2625400CE,0.08541405737364847
14-01-2026 13:50||NIFTY27JAN2625600CE,0.08735263715178852
14-01-2026 13:50||NIFTY27JAN2626300CE,0.09833365379798427
14-01-2026 13:55||NIFTY27JAN2623800PE,0.18634489225484854
14-01-2026 13:55||NIFTY27JAN2624600PE,0.13565199209687817
14-01-2026 13:55||NIFTY27JAN2624900PE,0.11926995506211237
14-01-2026 13:55||NIFTY27JAN2625200CE,0.10500408453637976
14-01-2026 13:55||NIFTY27JAN2626200CE,0.09834594629125358
14-01-2026 14:00||NIFTY27JAN2623800PE,0.19006155892151536
14-01-2026 14:00||NIFTY27JAN2623900PE,0.18270979165797066
14-01-2026 14:00||NIFTY27JAN2624400PE,0.14895331715333604
14-01-2026 14:00||NIFTY27JAN2624500PE,0.14327832307027172
14-01-2026 14:05||NIFTY27JAN2624000PE,0.1751027193885122
14-01-2026 14:05||NIFTY27JAN2624300PE,0.15529430710224665
14-01-2026 14:05||NIFTY27JAN2624700PE,0.1299452257293928
14-01-2026 14:05||NIFTY27JAN2624800PE,0.12458717242537944
14-01-2026 14:05||NIFTY27JAN2625200CE,0.10962331923414374
14-01-2026 14:05||NIFTY27JAN2625700CE,0.09751152303530432
14-01-2026 14:05||NIFTY27JAN2625900CE,0.09626551938617874
14-01-2026 14:10||NIFTY27JAN2624200PE,0.16205607184376222
14-01-2026 14:10||NIFTY27JAN2624800PE,0.12345278499132441
14-01-2026 14:10||NIFTY27JAN2625700CE,0.09924013490937568
14-01-2026 14:15||NIFTY27JAN2624600PE,0.13789446642540493
14-01-2026 14:15||NIFTY27JAN2625300CE,0.09343048317617536
14-01-2026 14:15||NIFTY27JAN2625900CE,0.09064505426341343
14-01-2026 14:15||NIFTY27JAN2626000CE,0.09196278061389135
14-01-2026 14:15||NIFTY27JAN2626500CE,0.10716001112698202
14-01-2026 14:20||NIFTY27JAN2624400PE,0.14927860694516723
14-01-2026 14:20||NIFTY27JAN2624900PE,0.12063630949105603
14-01-2026 14:20||NIFTY27JAN2625100PE,0.11138198698846265
14-01-2026 14:25||NIFTY27JAN2623800PE,0.1860119742050599
14-01-2026 14:25||NIFTY27JAN2625600CE,0.10169471924120231
14-01-2026 14:25||NIFTY27JAN2626100CE,0.0999902358428378
14-01-2026 14:30||NIFTY27JAN2623900PE,0.18085266469792885
14-01-2026 14:30||NIFTY27JAN2624300PE,0.15453015506985146
14-01-2026 14:30||NIFTY27JAN2624500PE,0.14168870408075362
14-01-2026 14:30||NIFTY27JAN2625000PE,0.11245292773671682
14-01-2026 14:30||NIFTY27JAN2625100PE,0.10658422897864994
14-01-2026 14:30||NIFTY27JAN2625400CE,0.10700801984185106
14-01-2026 14:30||NIFTY27JAN2626000CE,0.09862141024819202
14-01-2026 14:30||NIFTY27JAN2626100CE,0.09936051246007611
14-01-2026 14:30||NIFTY27JAN2626400CE,0.1054645824893969
14-01-2026 14:30||NIFTY27JAN2626500CE,0.10855120407011004
14-01-2026 14:35||NIFTY27JAN2624000PE,0.17505506998462356
14-01-2026 14:35||NIFTY27JAN2624300PE,0.15519492905076615
14-01-2026 14:35||NIFTY27JAN2625500CE,0.10764851129618226
14-01-2026 14:35||NIFTY27JAN2625900CE,0.09927146124636672
14-01-2026 14:35||NIFTY27JAN2626400CE,0.10780909142063351
14-01-2026 14:40||NIFTY27JAN2624300PE,0.15699529982892102
14-01-2026 14:40||NIFTY27JAN2624400PE,0.14965846483729225
14-01-2026 14:40||NIFTY27JAN2624500PE,0.14352448816339758
14-01-2026 14:40||NIFTY27JAN2624700PE,0.1306839099864745
14-01-2026 14:40||NIFTY27JAN2624800PE,0.12514745421554105
14-01-2026 14:40||NIFTY27JAN2625000PE,0.11442295637821452
14-01-2026 14:40||NIFTY27JAN2625400CE,0.10576605995970167
14-01-2026 14:40||NIFTY27JAN2625800CE,0.09738310326810713
14-01-2026 14:45||NIFTY27JAN2624500PE,0.14655571391190902
14-01-2026 14:45||NIFTY27JAN2624800PE,0.1273869308402018
14-01-2026 14:45||NIFTY27JAN2625100PE,0.11240058163817343
14-01-2026 14:45||NIFTY27JAN2625400CE,0.09837017273434592
14-01-2026 14:45||NIFTY27JAN2625500CE,0.09775859372562934
14-01-2026 14:45||NIFTY27JAN2625800CE,0.09437013142996471
14-01-2026 14:45||NIFTY27JAN2626100CE,0.09540018953447944
14-01-2026 14:45||NIFTY27JAN2626200CE,0.09752312173819917
14-01-2026 14:45||NIFTY27JAN2626300CE,0.10009761669405155
14-01-2026 14:50||NIFTY27JAN2624400PE,0.15264963270357376
14-01-2026 14:50||NIFTY27JAN2624600PE,0.13976401936059424
14-01-2026 14:50||NIFTY27JAN2624900PE,0.12215552546194347
14-01-2026 14:50||NIFTY27JAN2625200CE,0.1109389579259637
14-01-2026 14:50||NIFTY27JAN2625700CE,0.09507434747404674
14-01-2026 14:50||NIFTY27JAN2625800CE,0.09390514882732455
14-01-2026 14:50||NIFTY27JAN2626300CE,0.09952088752333428
14-01-2026 14:55||NIFTY27JAN2624100PE,0.17215742707277615
14-01-2026 14:55||NIFTY27JAN2624200PE,0.1651474368471345
14-01-2026 14:55||NIFTY27JAN2624600PE,0.13952772202046115
14-01-2026 14:55||NIFTY27JAN2624800PE,0.12729031232554414
14-01-2026 14:55||NIFTY27JAN2625100PE,0.11207082024723948
14-01-2026 14:55||NIFTY27JAN2625300CE,0.0981572766253772
14-01-2026 14:55||NIFTY27JAN2625400CE,0.09365385056695434
14-01-2026 14:55||NIFTY27JAN2625600CE,0.09089954658441646
14-01-2026 14:55||NIFTY27JAN2626400CE,0.1009084595378104
14-01-2026 15:00||NIFTY27JAN2624300PE,0.1568440310293477
14-01-2026 15:00||NIFTY27JAN2624700PE,0.13045241688443285
14-01-2026 15:00||NIFTY27JAN2625800CE,0.09609649771232441
14-01-2026 15:05||NIFTY27JAN2623900PE,0.18425092436546617
14-01-2026 15:05||NIFTY27JAN2624400PE,0.1525274124561388
14-01-2026 15:05||NIFTY27JAN2624800PE,0.12808017044276065
14-01-2026 15:05||NIFTY27JAN2626300CE,0.0992088266111098
14-01-2026 15:10||NIFTY27JAN2624100PE,0.17009894974985149
14-01-2026 15:10||NIFTY27JAN2624500PE,0.1443953065456688
14-01-2026 15:10||NIFTY27JAN2624900PE,0.1219674812257809
14-01-2026 15:10||NIFTY27JAN2625500CE,0.09653310898553222
14-01-2026 15:10||NIFTY27JAN2626200CE,0.09846414261300851
14-01-2026 15:15||NIFTY27JAN2624400PE,0.14890607689500956
14-01-2026 15:15||NIFTY27JAN2624700PE,0.13032461984811503
14-01-2026 15:15||NIFTY27JAN2625100PE,0.11062394956193396
14-01-2026 15:15||NIFTY27JAN2625500CE,0.10309100325187769
14-01-2026 15:15||NIFTY27JAN2625900CE,0.09760064089622796
14-01-2026 15:15||NIFTY27JAN2626100CE,0.09864944880144856
14-01-2026 15:20||NIFTY27JAN2624500PE,0.1432675066284338
14-01-2026 15:20||NIFTY27JAN2624800PE,0.1255459936034585
14-01-2026 15:20||NIFTY27JAN2626100CE,0.099695103668629
14-01-2026 15:20||NIFTY27JAN2626300CE,0.10390573880916101
14-01-2026 15:20||NIFTY27JAN2626400CE,0.10668324898971228
14-01-2026 15:25||NIFTY27JAN2623900PE,0.1841647241124803
14-01-2026 15:25||NIFTY27JAN2624600PE,0.13871307095987356
14-01-2026 15:25||NIFTY27JAN2625100PE,0.11398045050672667
14-01-2026 15:25||NIFTY27JAN2625200CE,0.10517559547182559
14-01-2026 15:25||NIFTY27JAN2626400CE,0.10450486588843141
14-01-2026 15:25||NIFTY27JAN2626500CE,0.11002407348743744
16-01-2026 09:15||NIFTY27JAN2624100PE,0.1780996668433657
16-01-2026 09:15||NIFTY27JAN2624200PE,0.17282489432282563
16-01-2026 09:15||NIFTY27JAN2624300PE,0.1653308101932511
16-01-2026 09:15||NIFTY27JAN2624800PE,0.13052187809047522
16-01-2026 09:15||NIFTY27JAN2625000PE,0.11931338017158287
16-01-2026 09:15||NIFTY27JAN2626000CE,0.10567579939628668
16-01-2026 09:15||NIFTY27JAN2626100CE,0.10466045883809112
16-01-2026 09:20||NIFTY27JAN2624100PE,0.1770305612073571
16-01-2026 09:20||NIFTY27JAN2624400PE,0.15781125705442184
16-01-2026 09:20||NIFTY27JAN2624600PE,0.14438927640679194
16-01-2026 09:20||NIFTY27JAN2625000PE,0.12091052910212395
16-01-2026 09:20||NIFTY27JAN2625200CE,0.12399185160782834
16-01-2026 09:20||NIFTY27JAN2625400CE,0.11146956272063781
16-01-2026 09:20||NIFTY27JAN2625700CE,0.10170104224641674
16-01-2026 09:20||NIFTY27JAN2626000CE,0.09724843397003333
16-01-2026 09:25||NIFTY27JAN2624600PE,0.1410485460632795
16-01-2026 09:25||NIFTY27JAN2624700PE,0.1344150085507131
16-01-2026 09:25||NIFTY27JAN2625300CE,0.1315201793861546
16-01-2026 09:25||NIFTY27JAN2625600CE,0.11093588826073676
16-01-2026 09:25||NIFTY27JAN2626300CE,0.10097944880691029
16-01-2026 09:25||NIFTY27JAN2626500CE,0.10661093596324112
16-01-2026 09:30||NIFTY27JAN2623800PE,0.19515596737582977
16-01-2026 09:30||NIFTY27JAN2624300PE,0.15968293683924134
16-01-2026 09:30||NIFTY27JAN2624400PE,0.15275101119284532
16-01-2026 09:30||NIFTY27JAN2624900PE,0.12205138950271302
16-01-2026 09:30||NIFTY27JAN2625100PE,0.11141235133354216
16-01-2026 09:30||NIFTY27JAN2625500CE,0.10542209540471278
16-01-2026 09:30||NIFTY27JAN2625700CE,0.10107413913410107
16-01-2026 09:30||NIFTY27JAN2625900CE,0.0969666223280708
16-01-2026 09:30||NIFTY27JAN2626000CE,0.09495893059428406
16-01-2026 09:35||NIFTY27JAN2624100PE,0.1742935079673073
16-01-2026 09:35||NIFTY27JAN2624200PE,0.16726621395230942
16-01-2026 09:35||NIFTY27JAN2624800PE,0.12752859033711839
16-01-2026 09:35||NIFTY27JAN2625100PE,0.11224063686303297
16-01-2026 09:35||NIFTY27JAN2626300CE,0.09843764841684904
16-01-2026 09:35||NIFTY27JAN2626400CE,0.10106910833965299
16-01-2026 09:40||NIFTY27JAN2624200PE,0.16638727346784848
16-01-2026 09:40||NIFTY27JAN2624300PE,0.16017801247595073
16-01-2026 09:40||NIFTY27JAN2625900CE,0.1039093983796257
16-01-2026 09:40||NIFTY27JAN2626500CE,0.1069418855785715
16-01-2026 09:45||NIFTY27JAN2623900PE,0.1895718216879803
16-01-2026 09:45||NIFTY27JAN2624500PE,0.1462083543722915
16-01-2026 09:45||NIFTY27JAN2624800PE,0.12515475224313533
16-01-2026 09:45||NIFTY27JAN2624900PE,0.11891942534338484
16-01-2026 09:45||NIFTY27JAN2625400CE,0.12523848888736266
16-01-2026 09:45||NIFTY27JAN2626000CE,0.10091291856855703
16-01-2026 09:45||NIFTY27JAN2626100CE,0.099590155399031
16-01-2026 09:50||NIFTY27JAN2623900PE,0.1923819481491947
16-01-2026 09:50||NIFTY27JAN2624200PE,0.17193005595127325
16-01-2026 09:50||NIFTY27JAN2624900PE,0.12135375632854219
16-01-2026 09:50||NIFTY27JAN2625500CE,0.11265700625394583
16-01-2026 09:50||NIFTY27JAN2625600CE,0.1083055621293187
16-01-2026 09:50||NIFTY27JAN2625700CE,0.10462392225745637
16-01-2026 09:50||NIFTY27JAN2625800CE,0.10116682841981854
16-01-2026 09:50||NIFTY27JAN2626000CE,0.09688037526994417
16-01-2026 09:50||NIFTY27JAN2626200CE,0.09597530438255408
16-01-2026 09:55||NIFTY27JAN2623800PE,0.19991947703143445
16-01-2026 09:55||NIFTY27JAN2624000PE,0.18675526072565818
16-01-2026 09:55||NIFTY27JAN2624200PE,0.17247886760766223
16-01-2026 09:55||NIFTY27JAN2624500PE,0.1501697900660651
16-01-2026 09:55||NIFTY27JAN2624900PE,0.12194277860605508
16-01-2026 09:55||NIFTY27JAN2625000PE,0.11643424393914245
16-01-2026 09:55||NIFTY27JAN2625300CE,0.11600217485284631
16-01-2026 09:55||NIFTY27JAN2625400CE,0.11043555053668828
16-01-2026 09:55||NIFTY27JAN2625500CE,0.10607630283817146
16-01-2026 09:55||NIFTY27JAN2625700CE,0.0996373244341778
16-01-2026 09:55||NIFTY27JAN2625900CE,0.09531199573079921
16-01-2026 09:55||NIFTY27JAN2626000CE,0.0933389474835752
16-01-2026 09:55||NIFTY27JAN2626400CE,0.09503711730058562
16-01-2026 09:55||NIFTY27JAN2626500CE,0.0994865549921239
16-01-2026 10:00||NIFTY27JAN2624000PE,0.18621927706715108
16-01-2026 10:00||NIFTY27JAN2625400CE,0.13141480199878586
16-01-2026 10:00||NIFTY27JAN2625900CE,0.10453289334826155
16-01-2026 10:00||NIFTY27JAN2626000CE,0.10091261926421122
16-01-2026 10:00||NIFTY27JAN2626400CE,0.10072040117484826
16-01-2026 10:00||NIFTY27JAN2626500CE,0.10359759916788387
16-01-2026 10:05||NIFTY27JAN2624000PE,0.18712282975247824
16-01-2026 10:05||NIFTY27JAN2624100PE,0.18051753942746326
16-01-2026 10:05||NIFTY27JAN2624400PE,0.1588663263020943
16-01-2026 10:05||NIFTY27JAN2625100PE,0.11005462435761178
16-01-2026 10:05||NIFTY27JAN2625700CE,0.10933594442832502
16-01-2026 10:05||NIFTY27JAN2626400CE,0.10008706784151494
16-01-2026 10:05||NIFTY27JAN2626500CE,0.10313426583455053
16-01-2026 10:10||NIFTY27JAN2623900PE,0.19563984505997278
16-01-2026 10:10||NIFTY27JAN2624800PE,0.1299577689648527
16-01-2026 10:10||NIFTY27JAN2625300CE,0.13945334202842702
16-01-2026 10:10||NIFTY27JAN2625600CE,0.11737382218459705
16-01-2026 10:10||NIFTY27JAN2626100CE,0.10036503938387645
16-01-2026 10:10||NIFTY27JAN2626400CE,0.10298270771447009
16-01-2026 10:15||NIFTY27JAN2623800PE,0.2062132403998997
16-01-2026 10:15||NIFTY27JAN2624400PE,0.16514766355314736
16-01-2026 10:15||NIFTY27JAN2624500PE,0.15632777591222688
16-01-2026 10:15||NIFTY27JAN2625300CE,0.15514693127035073
16-01-2026 10:20||NIFTY27JAN2623800PE,0.21017990706656614
16-01-2026 10:20||NIFTY27JAN2624300PE,0.17656376641874844
16-01-2026 10:20||NIFTY27JAN2624500PE,0.16115584127826565
16-01-2026 10:20||NIFTY27JAN2624800PE,0.13868730222821418
16-01-2026 10:20||NIFTY27JAN2625700CE,0.11875708689995496
16-01-2026 10:20||NIFTY27JAN2625900CE,0.11018443996214208
16-01-2026 10:20||NIFTY27JAN2626400CE,0.10465139300410856
16-01-2026 10:25||NIFTY27JAN2624000PE,0.1983780449159151
16-01-2026 10:25||NIFTY27JAN2624200PE,0.1842040894046365
16-01-2026 10:25||NIFTY27JAN2624300PE,0.17754587584322107
16-01-2026 10:25||NIFTY27JAN2624600PE,0.15458640148249822
16-01-2026 10:25||NIFTY27JAN2625400CE,0.13849326508852802
16-01-2026 10:25||NIFTY27JAN2626000CE,0.10567942133202761
16-01-2026 10:30||NIFTY27JAN2624200PE,0.1843209133552458
16-01-2026 10:30||NIFTY27JAN2624400PE,0.17011373760158463
16-01-2026 10:30||NIFTY27JAN2624800PE,0.14063787262594907
16-01-2026 10:30||NIFTY27JAN2625500CE,0.12396825272668413
16-01-2026 10:35||NIFTY27JAN2624000PE,0.1989780225264366
16-01-2026 10:35||NIFTY27JAN2624200PE,0.18516113516032007
16-01-2026 10:35||NIFTY27JAN2624900PE,0.13473340744813875
16-01-2026 10:35||NIFTY27JAN2625100PE,0.12107772353079684
16-01-2026 10:35||NIFTY27JAN2625200CE,0.15144686573800314
16-01-2026 10:35||NIFTY27JAN2625600CE,0.11970997696569237
16-01-2026 10:35||NIFTY27JAN2626300CE,0.09967799817408836
16-01-2026 10:35||NIFTY27JAN2626400CE,0.10057542154484206
16-01-2026 10:40||NIFTY27JAN2623800PE,0.21303939286329393
16-01-2026 10:40||NIFTY27JAN2624200PE,0.18608791583312934
16-01-2026 10:40||NIFTY27JAN2624700PE,0.14921179221274158
16-01-2026 10:40||NIFTY27JAN2624900PE,0.13561937011860456
16-01-2026 10:40||NIFTY27JAN2626200CE,0.09366060875010095
16-01-2026 10:45||NIFTY27JAN2623800PE,0.21222082143472126
16-01-2026 10:45||NIFTY27JAN2624000PE,0.19854403896034836
16-01-2026 10:45||NIFTY27JAN2624400PE,0.17035458290217698
16-01-2026 10:45||NIFTY27JAN2624600PE,0.15496318312097423
16-01-2026 10:45||NIFTY27JAN2624900PE,0.13416260671137456
16-01-2026 10:45||NIFTY27JAN2625200CE,0.13354990932428967
16-01-2026 10:50||NIFTY27JAN2624200PE,0.18342688202959512
16-01-2026 10:50||NIFTY27JAN2624300PE,0.17623411893509966
16-01-2026 10:50||NIFTY27JAN2624400PE,0.1687038047057995
16-01-2026 10:50||NIFTY27JAN2624600PE,0.1538872417203011
16-01-2026 10:50||NIFTY27JAN2625400CE,0.13014761794688345
16-01-2026 10:50||NIFTY27JAN2626300CE,0.09766720670748642
16-01-2026 10:50||NIFTY27JAN2626400CE,0.09904520975099312
16-01-2026 10:55||NIFTY27JAN2623800PE,0.21152613194830258
16-01-2026 10:55||NIFTY27JAN2623900PE,0.20403478164695152
16-01-2026 10:55||NIFTY27JAN2624900PE,0.13321467265445938
16-01-2026 10:55||NIFTY27JAN2625400CE,0.12377798614117996
16-01-2026 10:55||NIFTY27JAN2625800CE,0.10306758214478635
16-01-2026 10:55||NIFTY27JAN2625900CE,0.10027414548543462
16-01-2026 10:55||NIFTY27JAN2626100CE,0.09672385560816096
16-01-2026 10:55||NIFTY27JAN2626500CE,0.10212589917493976
16-01-2026 11:00||NIFTY27JAN2624400PE,0.16826297613813146
16-01-2026 11:00||NIFTY27JAN2624900PE,0.13229727751036344
16-01-2026 11:00||NIFTY27JAN2625000PE,0.1257791571317297
16-01-2026 11:00||NIFTY27JAN2625300CE,0.13681385741358837
16-01-2026 11:00||NIFTY27JAN2626000CE,0.09950754038288695
16-01-2026 11:00||NIFTY27JAN2626100CE,0.09711307766340824
16-01-2026 11:05||NIFTY27JAN2624300PE,0.17504503427550142
16-01-2026 11:05||NIFTY27JAN2624400PE,0.16763581495076585
16-01-2026 11:05||NIFTY27JAN2625100PE,0.11863815999512782
16-01-2026 11:05||NIFTY27JAN2626100CE,0.10012967350705523
16-01-2026 11:10||NIFTY27JAN2624000PE,0.19461689480043304
16-01-2026 11:10||NIFTY27JAN2625800CE,0.10184578986666121
16-01-2026 11:10||NIFTY27JAN2626000CE,0.09732215535108733
16-01-2026 11:15||NIFTY27JAN2623900PE,0.2003586150347926
16-01-2026 11:15||NIFTY27JAN2624600PE,0.1509994994452726
16-01-2026 11:15||NIFTY27JAN2625800CE,0.1015605155421036
16-01-2026 11:15||NIFTY27JAN2626200CE,0.09490264810908232
16-01-2026 11:20||NIFTY27JAN2623800PE,0.2050658072879766
16-01-2026 11:20||NIFTY27JAN2624000PE,0.1922401838892759
16-01-2026 11:20||NIFTY27JAN2624100PE,0.1847338370473468
16-01-2026 11:20||NIFTY27JAN2624900PE,0.1304933589931558
16-01-2026 11:20||NIFTY27JAN2625900CE,0.09964030766205606
16-01-2026 11:20||NIFTY27JAN2626000CE,0.09733430188324987
16-01-2026 11:20||NIFTY27JAN2626200CE,0.09577296079796765
16-01-2026 11:25||NIFTY27JAN2624200PE,0.17795138384229064
16-01-2026 11:25||NIFTY27JAN2624800PE,0.1363646342451543
16-01-2026 11:25||NIFTY27JAN2625000PE,0.12382797525336736
16-01-2026 11:25||NIFTY27JAN2626300CE,0.09826520810121106
16-01-2026 11:30||NIFTY27JAN2624300PE,0.17143126353203186
16-01-2026 11:30||NIFTY27JAN2625600CE,0.10395735621478157
16-01-2026 11:30||NIFTY27JAN2626500CE,0.1011368816097194
16-01-2026 11:35||NIFTY27JAN2624500PE,0.15568264807976914
16-01-2026 11:35||NIFTY27JAN2624800PE,0.13601847449973026
16-01-2026 11:35||NIFTY27JAN2625300CE,0.11127664245599149
16-01-2026 11:35||NIFTY27JAN2625500CE,0.11139608443364178
16-01-2026 11:35||NIFTY27JAN2626200CE,0.09573846681337461
16-01-2026 11:40||NIFTY27JAN2624400PE,0.16297019103752927
16-01-2026 11:40||NIFTY27JAN2624500PE,0.15527499957365273
16-01-2026 11:40||NIFTY27JAN2625500CE,0.11232132639279722
16-01-2026 11:40||NIFTY27JAN2626100CE,0.09559191328005197
16-01-2026 11:45||NIFTY27JAN2624300PE,0.16957084646813544
16-01-2026 11:45||NIFTY27JAN2625000PE,0.12199157775784153
16-01-2026 11:45||NIFTY27JAN2625400CE,0.12364587837754985
16-01-2026 11:50||NIFTY27JAN2623900PE,0.19776158822547993
16-01-2026 11:50||NIFTY27JAN2624300PE,0.16939428734780346
16-01-2026 11:50||NIFTY27JAN2625500CE,0.11736006346833439
16-01-2026 11:55||NIFTY27JAN2624000PE,0.1911116255285819
16-01-2026 11:55||NIFTY27JAN2624500PE,0.15560390615370795
16-01-2026 11:55||NIFTY27JAN2624800PE,0.1354004872870437
16-01-2026 11:55||NIFTY27JAN2625000PE,0.1229663177858222
16-01-2026 11:55||NIFTY27JAN2625100PE,0.11624772353079628
16-01-2026 11:55||NIFTY27JAN2626200CE,0.09412023083073905
16-01-2026 12:00||NIFTY27JAN2623900PE,0.19523572955003682
16-01-2026 12:00||NIFTY27JAN2624000PE,0.1884846784256596
16-01-2026 12:00||NIFTY27JAN2624200PE,0.17399794707982286
16-01-2026 12:00||NIFTY27JAN2624400PE,0.1597331833500326
16-01-2026 12:00||NIFTY27JAN2624800PE,0.13236433839947673
16-01-2026 12:00||NIFTY27JAN2624900PE,0.12648534463194586
16-01-2026 12:00||NIFTY27JAN2625200CE,0.15131523886455422
16-01-2026 12:00||NIFTY27JAN2626200CE,0.10099592500000482
16-01-2026 12:05||NIFTY27JAN2623800PE,0.20317144831361808
16-01-2026 12:05||NIFTY27JAN2624200PE,0.17460268477051444
16-01-2026 12:05||NIFTY27JAN2624500PE,0.15335519900762726
16-01-2026 12:05||NIFTY27JAN2624800PE,0.13286577140266634
16-01-2026 12:05||NIFTY27JAN2625000PE,0.12026115281210896
16-01-2026 12:05||NIFTY27JAN2625200CE,0.14799515546121592
16-01-2026 12:05||NIFTY27JAN2625900CE,0.11126645923743622
16-01-2026 12:10||NIFTY27JAN2624800PE,0.13408732762585665
16-01-2026 12:10||NIFTY27JAN2625100PE,0.11687183058730644
16-01-2026 12:10||NIFTY27JAN2625300CE,0.14222057581283964
16-01-2026 12:10||NIFTY27JAN2625800CE,0.11233094925339983
16-01-2026 12:10||NIFTY27JAN2626000CE,0.10567635272046187
16-01-2026 12:10||NIFTY27JAN2626100CE,0.10268931254840152
16-01-2026 12:15||NIFTY27JAN2624000PE,0.19214902550149918
16-01-2026 12:15||NIFTY27JAN2624600PE,0.14768168301032458
16-01-2026 12:15||NIFTY27JAN2624800PE,0.13510127584768253
16-01-2026 12:15||NIFTY27JAN2624900PE,0.128597246162424
16-01-2026 12:15||NIFTY27JAN2625000PE,0.12321804269868779
16-01-2026 12:15||NIFTY27JAN2625800CE,0.1040681393290589
16-01-2026 12:15||NIFTY27JAN2626000CE,0.0995357362300196
16-01-2026 12:20||NIFTY27JAN2623900PE,0.19826158363991553
16-01-2026 12:20||NIFTY27JAN2624300PE,0.16840267997299002
16-01-2026 12:20||NIFTY27JAN2624500PE,0.15406311470806305
16-01-2026 12:20||NIFTY27JAN2624900PE,0.1285091685268213
16-01-2026 12:20||NIFTY27JAN2625400CE,0.1267649439450596
16-01-2026 12:20||NIFTY27JAN2625600CE,0.11320791160394668
16-01-2026 12:20||NIFTY27JAN2625700CE,0.11016811020586757
16-01-2026 12:25||NIFTY27JAN2623800PE,0.20303324039989995
16-01-2026 12:25||NIFTY27JAN2624500PE,0.1551635876079655
16-01-2026 12:25||NIFTY27JAN2624700PE,0.1426374329805202
16-01-2026 12:25||NIFTY27JAN2624800PE,0.13745696258810344
16-01-2026 12:25||NIFTY27JAN2625000PE,0.12642318874354808
16-01-2026 12:25||NIFTY27JAN2625100PE,0.12041865992057181
16-01-2026 12:25||NIFTY27JAN2626400CE,0.0943244725264491
16-01-2026 12:30||NIFTY27JAN2623800PE,0.1980832403998995
16-01-2026 12:30||NIFTY27JAN2624400PE,0.1535955918831958
16-01-2026 12:30||NIFTY27JAN2624600PE,0.1394924010543549
16-01-2026 12:35||NIFTY27JAN2623800PE,0.2016249070665665
16-01-2026 12:35||NIFTY27JAN2623900PE,0.19438744718184076
16-01-2026 12:35||NIFTY27JAN2624800PE,0.13052842740819234
16-01-2026 12:35||NIFTY27JAN2625600CE,0.10969067012004975
16-01-2026 12:35||NIFTY27JAN2625700CE,0.1062554947253658
16-01-2026 12:35||NIFTY27JAN2625800CE,0.10258951822967538
16-01-2026 12:35||NIFTY27JAN2625900CE,0.09946041208740068
16-01-2026 12:35||NIFTY27JAN2626000CE,0.0984023573332165
16-01-2026 12:35||NIFTY27JAN2626200CE,0.0977328703600176
16-01-2026 12:40||NIFTY27JAN2623800PE,0.2010832403998996
16-01-2026 12:40||NIFTY27JAN2625200CE,0.12633236358053312
16-01-2026 12:40||NIFTY27JAN2625900CE,0.09854469846699258
16-01-2026 12:45||NIFTY27JAN2624000PE,0.1841513040489617
16-01-2026 12:45||NIFTY27JAN2624800PE,0.13045641387396043
16-01-2026 12:45||NIFTY27JAN2625700CE,0.10376735132143472
16-01-2026 12:45||NIFTY27JAN2625900CE,0.09948901638249323
16-01-2026 12:45||NIFTY27JAN2626000CE,0.09843608595429304
16-01-2026 12:45||NIFTY27JAN2626300CE,0.09950438643683554
16-01-2026 12:50||NIFTY27JAN2624300PE,0.16198972168104167
16-01-2026 12:50||NIFTY27JAN2626000CE,0.10346451143909645
16-01-2026 12:50||NIFTY27JAN2626200CE,0.10144564172411036
16-01-2026 12:55||NIFTY27JAN2623900PE,0.1920262497030183
16-01-2026 12:55||NIFTY27JAN2624700PE,0.13668674206647566
16-01-2026 12:55||NIFTY27JAN2624900PE,0.12525403808359417
16-01-2026 12:55||NIFTY27JAN2625500CE,0.10514495411201452
16-01-2026 12:55||NIFTY27JAN2625800CE,0.09809841720313903
16-01-2026 13:00||NIFTY27JAN2623800PE,0.19912689720223292
16-01-2026 13:00||NIFTY27JAN2624700PE,0.1347301566695804
16-01-2026 13:00||NIFTY27JAN2624800PE,0.12888962546219215
16-01-2026 13:00||NIFTY27JAN2625400CE,0.11008533312922023
16-01-2026 13:00||NIFTY27JAN2625900CE,0.09826252689305776
16-01-2026 13:00||NIFTY27JAN2626000CE,0.09739657892677937
16-01-2026 13:05||NIFTY27JAN2624100PE,0.1745729884803476
16-01-2026 13:05||NIFTY27JAN2625000PE,0.1155017672087415
16-01-2026 13:05||NIFTY27JAN2625300CE,0.12913160410201555
16-01-2026 13:10||NIFTY27JAN2625200CE,0.13319221598750386
16-01-2026 13:15||NIFTY27JAN2623800PE,0.19535428172150807
16-01-2026 13:15||NIFTY27JAN2624100PE,0.17300477294412947
16-01-2026 13:15||NIFTY27JAN2624600PE,0.13741097708364228
16-01-2026 13:15||NIFTY27JAN2624700PE,0.1313270200727792
16-01-2026 13:15||NIFTY27JAN2625800CE,0.10150389770398992
16-01-2026 13:15||NIFTY27JAN2626100CE,0.09861282415626976
16-01-2026 13:15||NIFTY27JAN2626200CE,0.09978673731513488
16-01-2026 13:20||NIFTY27JAN2624300PE,0.15709912687942457
16-01-2026 13:20||NIFTY27JAN2624700PE,0.13120448012360475
16-01-2026 13:20||NIFTY27JAN2625100PE,0.11145889408072027
16-01-2026 13:20||NIFTY27JAN2625600CE,0.10511686150647927
16-01-2026 13:20||NIFTY27JAN2626100CE,0.09821700412353723
16-01-2026 13:25||NIFTY27JAN2623900PE,0.1837568141495017
16-01-2026 13:25||NIFTY27JAN2624300PE,0.1541290556750325
16-01-2026 13:25||NIFTY27JAN2624400PE,0.14739850321442804
16-01-2026 13:25||NIFTY27JAN2625200CE,0.14024510063587467
16-01-2026 13:25||NIFTY27JAN2625300CE,0.13219945942106104
16-01-2026 13:25||NIFTY27JAN2625500CE,0.12319892901088077
16-01-2026 13:25||NIFTY27JAN2625800CE,0.1103013012255274
16-01-2026 13:25||NIFTY27JAN2626400CE,0.10716165916623163
16-01-2026 13:25||NIFTY27JAN2626500CE,0.11036606613016808
16-01-2026 13:30||NIFTY27JAN2624000PE,0.17848399920529226
16-01-2026 13:30||NIFTY27JAN2624200PE,0.16345833196041792
16-01-2026 13:30||NIFTY27JAN2624400PE,0.149792107974261
16-01-2026 13:30||NIFTY27JAN2624900PE,0.12056773037645933
16-01-2026 13:30||NIFTY27JAN2625000PE,0.11591759869533869
16-01-2026 13:30||NIFTY27JAN2625200CE,0.12761117323276708
16-01-2026 13:35||NIFTY27JAN2624400PE,0.14849727648136546
16-01-2026 13:35||NIFTY27JAN2624500PE,0.14170839178181038
16-01-2026 13:35||NIFTY27JAN2624900PE,0.11887820862786762
16-01-2026 13:35||NIFTY27JAN2625500CE,0.11716995728523519
16-01-2026 13:35||NIFTY27JAN2626100CE,0.10199416414061586
16-01-2026 13:35||NIFTY27JAN2626400CE,0.1073899410321785
16-01-2026 13:40||NIFTY27JAN2623900PE,0.18648883413351386
16-01-2026 13:40||NIFTY27JAN2624500PE,0.14382210432872566
16-01-2026 13:40||NIFTY27JAN2624700PE,0.1318130868146051
16-01-2026 13:40||NIFTY27JAN2625200CE,0.12853117323276944
16-01-2026 13:40||NIFTY27JAN2625300CE,0.11987647516131571
16-01-2026 13:40||NIFTY27JAN2625900CE,0.10044676325842648
16-01-2026 13:40||NIFTY27JAN2626000CE,0.09890158278293466
16-01-2026 13:40||NIFTY27JAN2626200CE,0.09985126843346807
16-01-2026 13:40||NIFTY27JAN2626500CE,0.10963204629863457
16-01-2026 13:45||NIFTY27JAN2623900PE,0.18643762628297972
16-01-2026 13:45||NIFTY27JAN2624100PE,0.1701086768253167
16-01-2026 13:45||NIFTY27JAN2624500PE,0.1429376879644927
16-01-2026 13:50||NIFTY27JAN2624700PE,0.13371063259547597
16-01-2026 13:50||NIFTY27JAN2625900CE,0.09544352552846384
16-01-2026 13:50||NIFTY27JAN2626000CE,0.09515654617722206
16-01-2026 13:55||NIFTY27JAN2623900PE,0.18617610199330922
16-01-2026 13:55||NIFTY27JAN2624200PE,0.16294888092747212
16-01-2026 13:55||NIFTY27JAN2624300PE,0.15651413953244114
16-01-2026 13:55||NIFTY27JAN2625000PE,0.11590704132655652
16-01-2026 13:55||NIFTY27JAN2625700CE,0.10331547369735247
16-01-2026 13:55||NIFTY27JAN2626100CE,0.09969625235283777
16-01-2026 14:00||NIFTY27JAN2624500PE,0.14267431912085698
16-01-2026 14:00||NIFTY27JAN2624900PE,0.12015815999512801
16-01-2026 14:00||NIFTY27JAN2625000PE,0.11569550767646089
16-01-2026 14:00||NIFTY27JAN2625100PE,0.11099633461366104
16-01-2026 14:00||NIFTY27JAN2626000CE,0.09883243229812598
16-01-2026 14:05||NIFTY27JAN2624100PE,0.17143048229959054
16-01-2026 14:05||NIFTY27JAN2625500CE,0.1027984885182134
16-01-2026 14:05||NIFTY27JAN2625800CE,0.09759906177794524
16-01-2026 14:05||NIFTY27JAN2626100CE,0.09774695731139245
16-01-2026 14:10||NIFTY27JAN2624500PE,0.1440664398340562
16-01-2026 14:10||NIFTY27JAN2625100PE,0.11096669339158656
16-01-2026 14:10||NIFTY27JAN2625500CE,0.1088601766091514
16-01-2026 14:10||NIFTY27JAN2626400CE,0.10519832583289826
16-01-2026 14:10||NIFTY27JAN2626500CE,0.10898302767798242
16-01-2026 14:15||NIFTY27JAN2624300PE,0.15682219009264242
16-01-2026 14:15||NIFTY27JAN2624600PE,0.1364477430585444
16-01-2026 14:15||NIFTY27JAN2624900PE,0.11927475392917956
16-01-2026 14:15||NIFTY27JAN2625500CE,0.11180483096576235
16-01-2026 14:20||NIFTY27JAN2624200PE,0.1644136582278246
16-01-2026 14:20||NIFTY27JAN2624800PE,0.12529804954114607
16-01-2026 14:20||NIFTY27JAN2625100PE,0.11081506082194285
16-01-2026 14:20||NIFTY27JAN2626000CE,0.0996151103678324
16-01-2026 14:20||NIFTY27JAN2626300CE,0.10306299587495092
16-01-2026 14:25||NIFTY27JAN2623900PE,0.1893826219022841
16-01-2026 14:25||NIFTY27JAN2624900PE,0.12236356359131421
16-01-2026 14:25||NIFTY27JAN2625100PE,0.11194506082194315
16-01-2026 14:25||NIFTY27JAN2625500CE,0.10079464334291921
16-01-2026 14:25||NIFTY27JAN2626500CE,0.10876106613016767
16-01-2026 14:30||NIFTY27JAN2623800PE,0.1935777433323285
16-01-2026 14:30||NIFTY27JAN2624300PE,0.1573906641086229
16-01-2026 14:30||NIFTY27JAN2626300CE,0.10343105362116002
16-01-2026 14:35||NIFTY27JAN2623800PE,0.196011076665662
16-01-2026 14:35||NIFTY27JAN2624800PE,0.1268095691519746
16-01-2026 14:35||NIFTY27JAN2624900PE,0.12101638598128707
16-01-2026 14:35||NIFTY27JAN2625000PE,0.11660752162520897
16-01-2026 14:35||NIFTY27JAN2625300CE,0.10575735371976891
16-01-2026 14:35||NIFTY27JAN2625900CE,0.09649915436927237
16-01-2026 14:35||NIFTY27JAN2626100CE,0.09638137177827018
16-01-2026 14:35||NIFTY27JAN2626200CE,0.09816288488006299
16-01-2026 14:35||NIFTY27JAN2626300CE,0.10041131002031532
16-01-2026 14:35||NIFTY27JAN2626500CE,0.10544106613016802
16-01-2026 14:40||NIFTY27JAN2624200PE,0.16534830096181025
16-01-2026 14:40||NIFTY27JAN2624600PE,0.13818052317145071
16-01-2026 14:40||NIFTY27JAN2624900PE,0.12040217569895274
16-01-2026 14:40||NIFTY27JAN2625800CE,0.09985876110239436
16-01-2026 14:40||NIFTY27JAN2626500CE,0.10865106613016784
16-01-2026 14:45||NIFTY27JAN2623900PE,0.18753567712137348
16-01-2026 14:45||NIFTY27JAN2624000PE,0.17993600644655808
16-01-2026 14:45||NIFTY27JAN2624100PE,0.17141712205092485
16-01-2026 14:45||NIFTY27JAN2625000PE,0.1162320246213766
16-01-2026 14:45||NIFTY27JAN2625300CE,0.1107639758198614
16-01-2026 14:45||NIFTY27JAN2625600CE,0.1013839369558173
16-01-2026 14:45||NIFTY27JAN2626300CE,0.09998651876502702
16-01-2026 14:45||NIFTY27JAN2626400CE,0.10369254572257665
16-01-2026 14:50||NIFTY27JAN2623900PE,0.18743244067242754
16-01-2026 14:50||NIFTY27JAN2624100PE,0.17190172633326917
16-01-2026 14:50||NIFTY27JAN2624200PE,0.16424291830665547
16-01-2026 14:50||NIFTY27JAN2624300PE,0.15742249813823314
16-01-2026 14:50||NIFTY27JAN2624700PE,0.13118224194325895
16-01-2026 14:50||NIFTY27JAN2625100PE,0.11185311718174026
16-01-2026 14:55||NIFTY27JAN2624200PE,0.16338882079622338
16-01-2026 14:55||NIFTY27JAN2624900PE,0.12071184086032997
16-01-2026 14:55||NIFTY27JAN2625200CE,0.12218659180803074
16-01-2026 14:55||NIFTY27JAN2625300CE,0.11908499511592043
16-01-2026 14:55||NIFTY27JAN2625600CE,0.10631954265704674
16-01-2026 14:55||NIFTY27JAN2625700CE,0.10232461733105472
16-01-2026 14:55||NIFTY27JAN2625800CE,0.09962966653899032
16-01-2026 15:00||NIFTY27JAN2624000PE,0.18016020820814813
16-01-2026 15:00||NIFTY27JAN2624800PE,0.12731158974236179
16-01-2026 15:00||NIFTY27JAN2624900PE,0.12207433138932282
16-01-2026 15:00||NIFTY27JAN2625500CE,0.10142449801022232
16-01-2026 15:05||NIFTY27JAN2623900PE,0.1872364702874177
16-01-2026 15:05||NIFTY27JAN2624100PE,0.17170062234982603
16-01-2026 15:05||NIFTY27JAN2624200PE,0.16380149063453264
16-01-2026 15:05||NIFTY27JAN2624600PE,0.13746360178310754
16-01-2026 15:05||NIFTY27JAN2624900PE,0.12134085455811065
16-01-2026 15:05||NIFTY27JAN2626200CE,0.09796646587219353
16-01-2026 15:10||NIFTY27JAN2623900PE,0.1864534992110916
16-01-2026 15:10||NIFTY27JAN2624700PE,0.13117155766771998
16-01-2026 15:10||NIFTY27JAN2624800PE,0.12635573064961822
16-01-2026 15:10||NIFTY27JAN2625100PE,0.11159889408072007
16-01-2026 15:10||NIFTY27JAN2625600CE,0.10073138203805658
16-01-2026 15:15||NIFTY27JAN2623800PE,0.19437990706656677
16-01-2026 15:15||NIFTY27JAN2624200PE,0.16246462711191442
16-01-2026 15:15||NIFTY27JAN2624400PE,0.1493990704818534
16-01-2026 15:15||NIFTY27JAN2624500PE,0.1427496713911231
16-01-2026 15:15||NIFTY27JAN2624700PE,0.13086679815401916
16-01-2026 15:15||NIFTY27JAN2624800PE,0.12587293626141513
16-01-2026 15:15||NIFTY27JAN2625000PE,0.11538898648710014
16-01-2026 15:15||NIFTY27JAN2625300CE,0.12013354892627238
16-01-2026 15:15||NIFTY27JAN2625500CE,0.11045213620143335
16-01-2026 15:15||NIFTY27JAN2626000CE,0.09899859553272605
16-01-2026 15:15||NIFTY27JAN2626100CE,0.09834645755366384
16-01-2026 15:15||NIFTY27JAN2626300CE,0.10199697797519533
16-01-2026 15:20||NIFTY27JAN2623900PE,0.1866455663523434
16-01-2026 15:20||NIFTY27JAN2624000PE,0.17919307872185739
16-01-2026 15:20||NIFTY27JAN2624200PE,0.16353410133763022
16-01-2026 15:20||NIFTY27JAN2624400PE,0.15051457688765646
16-01-2026 15:20||NIFTY27JAN2624600PE,0.13744832855727285
16-01-2026 15:20||NIFTY27JAN2624800PE,0.12582267122638488
16-01-2026 15:20||NIFTY27JAN2625500CE,0.10907375709537226
16-01-2026 15:20||NIFTY27JAN2625900CE,0.09869987523396288
16-01-2026 15:20||NIFTY27JAN2626100CE,0.09802435937173842
16-01-2026 15:20||NIFTY27JAN2626400CE,0.10279380557916785
16-01-2026 15:20||NIFTY27JAN2626500CE,0.10676337096895881
16-01-2026 15:25||NIFTY27JAN2626400CE,0.10244423443362555
16-01-2026 15:25||NIFTY27JAN2626500CE,0.10756908525467286
19-01-2026 09:15||NIFTY27JAN2624700PE,0.135937051071933
19-01-2026 09:15||NIFTY27JAN2624900PE,0.12374822804848853
19-01-2026 09:15||NIFTY27JAN2625400CE,0.12925591427175823
19-01-2026 09:15||NIFTY27JAN2625500CE,0.1255165962466658
19-01-2026 09:15||NIFTY27JAN2625900CE,0.11775696394936891
19-01-2026 09:15||NIFTY27JAN2626300CE,0.12718570862757653
19-01-2026 09:15||NIFTY27JAN2626400CE,0.13083824866107174
19-01-2026 09:20||NIFTY27JAN2624600PE,0.1468519274472697
19-01-2026 09:20||NIFTY27JAN2625700CE,0.09898946859427048
19-01-2026 09:20||NIFTY27JAN2626100CE,0.10882186325521415
19-01-2026 09:20||NIFTY27JAN2626400CE,0.12259396010206325
19-01-2026 09:25||NIFTY27JAN2624500PE,0.15202499084301566
19-01-2026 09:25||NIFTY27JAN2625500CE,0.10265091864301859
19-01-2026 09:25||NIFTY27JAN2625600CE,0.1017074698331183
19-01-2026 09:25||NIFTY27JAN2625700CE,0.10246571605618503
19-01-2026 09:25||NIFTY27JAN2626100CE,0.11141618386043317
19-01-2026 09:25||NIFTY27JAN2626200CE,0.11575676928777275
19-01-2026 09:25||NIFTY27JAN2626400CE,0.12569265755707515
19-01-2026 09:30||NIFTY27JAN2623800PE,0.20708006239615254
19-01-2026 09:30||NIFTY27JAN2624000PE,0.1915420773047429
19-01-2026 09:30||NIFTY27JAN2624200PE,0.17490923818544016
19-01-2026 09:30||NIFTY27JAN2624300PE,0.16623865964265538
19-01-2026 09:30||NIFTY27JAN2624400PE,0.1584085363844256
19-01-2026 09:30||NIFTY27JAN2624800PE,0.12800517199003925
19-01-2026 09:30||NIFTY27JAN2625400CE,0.12944783326362336
19-01-2026 09:30||NIFTY27JAN2625800CE,0.1157423038487278
19-01-2026 09:30||NIFTY27JAN2626500CE,0.13874284058524877
19-01-2026 09:35||NIFTY27JAN2624500PE,0.15584415927980014
19-01-2026 09:35||NIFTY27JAN2624800PE,0.1338916189468461
19-01-2026 09:35||NIFTY27JAN2625500CE,0.10021709613053921
19-01-2026 09:35||NIFTY27JAN2625600CE,0.1001190445118719
19-01-2026 09:35||NIFTY27JAN2626200CE,0.11402433484857948
19-01-2026 09:40||NIFTY27JAN2624100PE,0.18376027364081357
19-01-2026 09:40||NIFTY27JAN2624200PE,0.17533691615834035
19-01-2026 09:40||NIFTY27JAN2624400PE,0.15932428436001075
19-01-2026 09:40||NIFTY27JAN2624500PE,0.15097916992040797
19-01-2026 09:40||NIFTY27JAN2624600PE,0.14174527144392604
19-01-2026 09:40||NIFTY27JAN2624900PE,0.12326125853733509
19-01-2026 09:40||NIFTY27JAN2625700CE,0.10965204157489307
19-01-2026 09:40||NIFTY27JAN2626200CE,0.11845580371692303
19-01-2026 09:40||NIFTY27JAN2626300CE,0.12272128723094533
19-01-2026 09:40||NIFTY27JAN2626500CE,0.13382073963727265
19-01-2026 09:45||NIFTY27JAN2623900PE,0.20046306812378006
19-01-2026 09:45||NIFTY27JAN2624000PE,0.19297647564089201
19-01-2026 09:45||NIFTY27JAN2626200CE,0.11683243294436689
19-01-2026 09:50||NIFTY27JAN2623900PE,0.20116818213564308
19-01-2026 09:50||NIFTY27JAN2624700PE,0.13709892807688526
19-01-2026 09:50||NIFTY27JAN2624800PE,0.13147472736030505
19-01-2026 09:50||NIFTY27JAN2625300CE,0.10071352884980357
19-01-2026 09:50||NIFTY27JAN2625900CE,0.10481896143636314
19-01-2026 09:50||NIFTY27JAN2626200CE,0.11531382179965614
19-01-2026 09:55||NIFTY27JAN2624700PE,0.13748578860172309
19-01-2026 09:55||NIFTY27JAN2625400CE,0.1019939125831208
19-01-2026 09:55||NIFTY27JAN2625700CE,0.10263004613070065
19-01-2026 09:55||NIFTY27JAN2626400CE,0.12679711901970103
19-01-2026 10:00||NIFTY27JAN2624400PE,0.15777048006513567
19-01-2026 10:00||NIFTY27JAN2625000PE,0.11981982734910272
19-01-2026 10:00||NIFTY27JAN2625700CE,0.10558452203064489
19-01-2026 10:00||NIFTY27JAN2625900CE,0.10788159463220402
19-01-2026 10:05||NIFTY27JAN2624500PE,0.14814846532826165
19-01-2026 10:05||NIFTY27JAN2624800PE,0.12701890471288277
19-01-2026 10:05||NIFTY27JAN2625200CE,0.12725386018624577
19-01-2026 10:05||NIFTY27JAN2625500CE,0.1147552332824426
19-01-2026 10:05||NIFTY27JAN2626100CE,0.11742195309261039
19-01-2026 10:05||NIFTY27JAN2626200CE,0.12181134063161143
19-01-2026 10:10||NIFTY27JAN2623800PE,0.20856499291185737
19-01-2026 10:10||NIFTY27JAN2624200PE,0.17492014125171904
19-01-2026 10:10||NIFTY27JAN2624400PE,0.15796949335344265
19-01-2026 10:10||NIFTY27JAN2625100PE,0.11587979256477113
19-01-2026 10:15||NIFTY27JAN2624200PE,0.17482069920332063
19-01-2026 10:15||NIFTY27JAN2624400PE,0.15749627275469322
19-01-2026 10:15||NIFTY27JAN2624700PE,0.13486330084042064
19-01-2026 10:15||NIFTY27JAN2624800PE,0.12927756032021062
19-01-2026 10:15||NIFTY27JAN2625100PE,0.11538979256477147
19-01-2026 10:15||NIFTY27JAN2625500CE,0.10943893468109318
19-01-2026 10:15||NIFTY27JAN2625700CE,0.10745715440305444
19-01-2026 10:15||NIFTY27JAN2626200CE,0.11975031116118834
19-01-2026 10:15||NIFTY27JAN2626500CE,0.13634771229944082
19-01-2026 10:20||NIFTY27JAN2623900PE,0.20099379489556837
19-01-2026 10:20||NIFTY27JAN2624100PE,0.1849242706534841
19-01-2026 10:20||NIFTY27JAN2625500CE,0.10766423832815593
19-01-2026 10:20||NIFTY27JAN2626300CE,0.12308220056744568
19-01-2026 10:25||NIFTY27JAN2625400CE,0.10248221740886403
19-01-2026 10:25||NIFTY27JAN2626100CE,0.11398660473250022
19-01-2026 10:25||NIFTY27JAN2626400CE,0.12737109255812673
19-01-2026 10:25||NIFTY27JAN2626500CE,0.1335368934834263
19-01-2026 10:30||NIFTY27JAN2623800PE,0.2072149070665658
19-01-2026 10:30||NIFTY27JAN2623900PE,0.19985221591103342
19-01-2026 10:30||NIFTY27JAN2624600PE,0.14198580908496983
19-01-2026 10:30||NIFTY27JAN2624700PE,0.13614003435859104
19-01-2026 10:30||NIFTY27JAN2624800PE,0.1311306352938527
19-01-2026 10:30||NIFTY27JAN2624900PE,0.12615010762900805
19-01-2026 10:30||NIFTY27JAN2626200CE,0.1202392408747686
19-01-2026 10:35||NIFTY27JAN2623800PE,0.20555990706656652
19-01-2026 10:35||NIFTY27JAN2624700PE,0.1361498189693269
19-01-2026 10:35||NIFTY27JAN2624800PE,0.13138822384469404
19-01-2026 10:35||NIFTY27JAN2625000PE,0.12241948116273771
19-01-2026 10:35||NIFTY27JAN2625200CE,0.10973620839850433
19-01-2026 10:35||NIFTY27JAN2626300CE,0.1253767498433778
19-01-2026 10:40||NIFTY27JAN2623800PE,0.205479907066564
19-01-2026 10:40||NIFTY27JAN2623900PE,0.19712990706656436
19-01-2026 10:40||NIFTY27JAN2624000PE,0.19015821927617546
19-01-2026 10:40||NIFTY27JAN2624700PE,0.134467861379741
19-01-2026 10:40||NIFTY27JAN2625400CE,0.11755624475694856
19-01-2026 10:40||NIFTY27JAN2625700CE,0.11166819835484211
19-01-2026 10:45||NIFTY27JAN2624000PE,0.19239517747837917
19-01-2026 10:45||NIFTY27JAN2624700PE,0.13755978025651075
19-01-2026 10:45||NIFTY27JAN2625600CE,0.1067809925612454
19-01-2026 10:45||NIFTY27JAN2626200CE,0.11910075385802248
19-01-2026 10:50||NIFTY27JAN2625100PE,0.1153977235307967
19-01-2026 10:50||NIFTY27JAN2625200CE,0.1232352494021313
19-01-2026 10:50||NIFTY27JAN2626200CE,0.1206618156006785
19-01-2026 10:55||NIFTY27JAN2624100PE,0.18315489508393087
19-01-2026 10:55||NIFTY27JAN2624200PE,0.17490505452262928
19-01-2026 10:55||NIFTY27JAN2624500PE,0.1489625956032886
19-01-2026 10:55||NIFTY27JAN2625400CE,0.1208422018893436
19-01-2026 10:55||NIFTY27JAN2625500CE,0.11748245134517328
19-01-2026 10:55||NIFTY27JAN2625900CE,0.11120708227733764
19-01-2026 10:55||NIFTY27JAN2626000CE,0.11405069481993974
19-01-2026 11:00||NIFTY27JAN2623900PE,0.20237634533061288
19-01-2026 11:00||NIFTY27JAN2624400PE,0.15984544951603336
19-01-2026 11:00||NIFTY27JAN2625400CE,0.11573447145514627
19-01-2026 11:00||NIFTY27JAN2625600CE,0.11213882960774352
19-01-2026 11:00||NIFTY27JAN2625700CE,0.10974086969476855
19-01-2026 11:00||NIFTY27JAN2625800CE,0.10854316048367031
19-01-2026 11:00||NIFTY27JAN2626300CE,0.12318117692182776
19-01-2026 11:00||NIFTY27JAN2626500CE,0.13397218836457406
19-01-2026 11:05||NIFTY27JAN2623800PE,0.21115082143472158
19-01-2026 11:05||NIFTY27JAN2623900PE,0.20253165957852315
19-01-2026 11:05||NIFTY27JAN2624200PE,0.17890883392199208
19-01-2026 11:05||NIFTY27JAN2624500PE,0.15509034296965424
19-01-2026 11:05||NIFTY27JAN2625000PE,0.12529893090662303
19-01-2026 11:05||NIFTY27JAN2625600CE,0.10190441635943219
19-01-2026 11:05||NIFTY27JAN2626100CE,0.11010331108818154
19-01-2026 11:10||NIFTY27JAN2624300PE,0.1684479761649736
19-01-2026 11:10||NIFTY27JAN2625800CE,0.1052211784261648
19-01-2026 11:15||NIFTY27JAN2624400PE,0.16061577445220132
19-01-2026 11:15||NIFTY27JAN2624500PE,0.15262614244588954
19-01-2026 11:15||NIFTY27JAN2624600PE,0.14591156199957087
19-01-2026 11:15||NIFTY27JAN2624700PE,0.13907792797778468
19-01-2026 11:15||NIFTY27JAN2624900PE,0.12806800178918895
19-01-2026 11:15||NIFTY27JAN2625100PE,0.11827484684096948
19-01-2026 11:20||NIFTY27JAN2623800PE,0.2060061436981017
19-01-2026 11:20||NIFTY27JAN2624200PE,0.17417564654233772
19-01-2026 11:20||NIFTY27JAN2624300PE,0.16551752544394746
19-01-2026 11:20||NIFTY27JAN2624500PE,0.1496965781954583
19-01-2026 11:20||NIFTY27JAN2624900PE,0.1250462240920783
19-01-2026 11:20||NIFTY27JAN2625400CE,0.11365313091526509
19-01-2026 11:20||NIFTY27JAN2625500CE,0.111587545685817
19-01-2026 11:20||NIFTY27JAN2625600CE,0.10934751851690909
19-01-2026 11:20||NIFTY27JAN2625700CE,0.10876566028886547
19-01-2026 11:20||NIFTY27JAN2626200CE,0.12027603178226459
19-01-2026 11:20||NIFTY27JAN2626300CE,0.12516510964809333
19-01-2026 11:20||NIFTY27JAN2626500CE,0.13651694306867085
19-01-2026 11:25||NIFTY27JAN2624900PE,0.12541367256878008
19-01-2026 11:25||NIFTY27JAN2625300CE,0.1179128536023225
19-01-2026 11:25||NIFTY27JAN2625400CE,0.11472663704174259
19-01-2026 11:30||NIFTY27JAN2624100PE,0.18364099816802523
19-01-2026 11:30||NIFTY27JAN2624600PE,0.14305102087885235
19-01-2026 11:30||NIFTY27JAN2624900PE,0.125310840276147
19-01-2026 11:30||NIFTY27JAN2625000PE,0.12035463494997764
19-01-2026 11:30||NIFTY27JAN2625500CE,0.11242087441504936
19-01-2026 11:30||NIFTY27JAN2625700CE,0.10901793420209874
19-01-2026 11:30||NIFTY27JAN2626500CE,0.136491982165645
19-01-2026 11:35||NIFTY27JAN2623900PE,0.19914524976106782
19-01-2026 11:35||NIFTY27JAN2624600PE,0.14220044084426153
19-01-2026 11:35||NIFTY27JAN2625800CE,0.1099042299054251
19-01-2026 11:35||NIFTY27JAN2626000CE,0.11269182046135579
19-01-2026 11:35||NIFTY27JAN2626200CE,0.11633920821803403
19-01-2026 11:35||NIFTY27JAN2626300CE,0.11747750841990143
19-01-2026 11:35||NIFTY27JAN2626400CE,0.1191131902158235
19-01-2026 11:35||NIFTY27JAN2626500CE,0.12151607522951656
19-01-2026 11:40||NIFTY27JAN2623800PE,0.20895426604092487
19-01-2026 11:40||NIFTY27JAN2624100PE,0.1851696588647353
19-01-2026 11:40||NIFTY27JAN2624200PE,0.17633336281483974
19-01-2026 11:40||NIFTY27JAN2624400PE,0.1601267276025385
19-01-2026 11:40||NIFTY27JAN2624500PE,0.15085946236061085
19-01-2026 11:40||NIFTY27JAN2625100PE,0.11564772353079657
19-01-2026 11:45||NIFTY27JAN2624300PE,0.16933191119875665
19-01-2026 11:45||NIFTY27JAN2625400CE,0.11345882416873689
19-01-2026 11:50||NIFTY27JAN2624600PE,0.14480625662044908
19-01-2026 11:50||NIFTY27JAN2625200CE,0.11359043169404243
19-01-2026 11:50||NIFTY27JAN2626300CE,0.1225756213461655
19-01-2026 11:55||NIFTY27JAN2623800PE,0.2079814483136185
19-01-2026 11:55||NIFTY27JAN2624300PE,0.1690986474670982
19-01-2026 11:55||NIFTY27JAN2624500PE,0.15324366613278134
19-01-2026 11:55||NIFTY27JAN2624600PE,0.14597510399773192
19-01-2026 11:55||NIFTY27JAN2624700PE,0.13909004920852722
19-01-2026 11:55||NIFTY27JAN2625900CE,0.10505311147692163
19-01-2026 11:55||NIFTY27JAN2626200CE,0.11673922747800582
19-01-2026 12:00||NIFTY27JAN2624200PE,0.17588586292929642
19-01-2026 12:00||NIFTY27JAN2624300PE,0.16734863542345088
19-01-2026 12:00||NIFTY27JAN2624400PE,0.15860700499429203
19-01-2026 12:00||NIFTY27JAN2624500PE,0.15121544119259472
19-01-2026 12:00||NIFTY27JAN2624700PE,0.13800005157339149
19-01-2026 12:00||NIFTY27JAN2625000PE,0.12207057050291575
19-01-2026 12:00||NIFTY27JAN2626100CE,0.11375428651974534
19-01-2026 12:00||NIFTY27JAN2626500CE,0.13605356015009268
19-01-2026 12:05||NIFTY27JAN2623900PE,0.20037646424244304
19-01-2026 12:05||NIFTY27JAN2624400PE,0.16046465532394993
19-01-2026 12:05||NIFTY27JAN2624500PE,0.15223382340775932
19-01-2026 12:05||NIFTY27JAN2625200CE,0.11294133692947078
19-01-2026 12:05||NIFTY27JAN2625400CE,0.10793332003531864
19-01-2026 12:05||NIFTY27JAN2625500CE,0.10628770391805527
19-01-2026 12:05||NIFTY27JAN2625700CE,0.10500838554710262
19-01-2026 12:05||NIFTY27JAN2626100CE,0.11449093706817454
19-01-2026 12:05||NIFTY27JAN2626200CE,0.11911727446030101
19-01-2026 12:05||NIFTY27JAN2626400CE,0.12909149011297494
19-01-2026 12:05||NIFTY27JAN2626500CE,0.13467189348342606
19-01-2026 12:10||NIFTY27JAN2623900PE,0.20074581168936456
19-01-2026 12:10||NIFTY27JAN2625600CE,0.10983836561408188
19-01-2026 12:10||NIFTY27JAN2626400CE,0.13090642185047408
19-01-2026 12:15||NIFTY27JAN2623900PE,0.2003822758657292
19-01-2026 12:15||NIFTY27JAN2624100PE,0.18459326990251465
19-01-2026 12:15||NIFTY27JAN2624300PE,0.16856334913554546
19-01-2026 12:20||NIFTY27JAN2623800PE,0.20936324039989945
19-01-2026 12:20||NIFTY27JAN2624400PE,0.16218979300692724
19-01-2026 12:20||NIFTY27JAN2625100PE,0.11795199325390542
19-01-2026 12:20||NIFTY27JAN2625300CE,0.10810145605635374
19-01-2026 12:20||NIFTY27JAN2626200CE,0.11580216876798706
19-01-2026 12:25||NIFTY27JAN2623800PE,0.20803324039989962
19-01-2026 12:25||NIFTY27JAN2625700CE,0.1051994538995045
19-01-2026 12:25||NIFTY27JAN2626500CE,0.13530552169790702
19-01-2026 12:30||NIFTY27JAN2623900PE,0.20046782301019542
19-01-2026 12:30||NIFTY27JAN2624300PE,0.16902789445896702
19-01-2026 12:30||NIFTY27JAN2624500PE,0.15205837376273665
19-01-2026 12:30||NIFTY27JAN2625000PE,0.12091950979331582
19-01-2026 12:30||NIFTY27JAN2625400CE,0.10884284011774967
19-01-2026 12:30||NIFTY27JAN2626500CE,0.13569218836457356
19-01-2026 12:35||NIFTY27JAN2624100PE,0.18482010511143082
19-01-2026 12:35||NIFTY27JAN2624200PE,0.1769705814847858
19-01-2026 12:35||NIFTY27JAN2624400PE,0.16045609967559624
19-01-2026 12:35||NIFTY27JAN2624700PE,0.13805660651256055
19-01-2026 12:35||NIFTY27JAN2625000PE,0.12170501718796171
19-01-2026 12:35||NIFTY27JAN2625300CE,0.1108320440000814
19-01-2026 12:40||NIFTY27JAN2623800PE,0.20739478164695177
19-01-2026 12:40||NIFTY27JAN2625700CE,0.10879266338473148
19-01-2026 12:40||NIFTY27JAN2625800CE,0.10849302237699915
19-01-2026 12:40||NIFTY27JAN2626400CE,0.13124310935997657
19-01-2026 12:45||NIFTY27JAN2626000CE,0.10966442529561732
19-01-2026 12:45||NIFTY27JAN2626100CE,0.11345071255923929
19-01-2026 12:45||NIFTY27JAN2626400CE,0.1290123325713608
19-01-2026 12:50||NIFTY27JAN2623800PE,0.20704657373323337
19-01-2026 12:50||NIFTY27JAN2624200PE,0.17545237674134667
19-01-2026 12:50||NIFTY27JAN2625900CE,0.10999561990890823
19-01-2026 12:50||NIFTY27JAN2626500CE,0.13750950725191602
19-01-2026 12:55||NIFTY27JAN2623900PE,0.20237222776034192
19-01-2026 12:55||NIFTY27JAN2624100PE,0.18701394381300904
19-01-2026 12:55||NIFTY27JAN2624300PE,0.17146456456068745
19-01-2026 12:55||NIFTY27JAN2624400PE,0.16166484786216156
19-01-2026 12:55||NIFTY27JAN2624500PE,0.15276066391930665
19-01-2026 12:55||NIFTY27JAN2624700PE,0.13848617499545396
19-01-2026 12:55||NIFTY27JAN2625100PE,0.11701772353079688
19-01-2026 12:55||NIFTY27JAN2625700CE,0.1052890168071809
19-01-2026 12:55||NIFTY27JAN2626000CE,0.1090535939043614
19-01-2026 13:00||NIFTY27JAN2623900PE,0.20424062996324266
19-01-2026 13:00||NIFTY27JAN2624000PE,0.19717272860154592
19-01-2026 13:00||NIFTY27JAN2624400PE,0.16315550699885034
19-01-2026 13:00||NIFTY27JAN2624700PE,0.13980684749910294
19-01-2026 13:00||NIFTY27JAN2625400CE,0.1087971591961072
19-01-2026 13:00||NIFTY27JAN2625600CE,0.10523280733534794
19-01-2026 13:00||NIFTY27JAN2625900CE,0.10604312115678062
19-01-2026 13:00||NIFTY27JAN2626200CE,0.11666331315794647
19-01-2026 13:00||NIFTY27JAN2626500CE,0.1331727122994409
19-01-2026 13:05||NIFTY27JAN2624600PE,0.14694803439266532
19-01-2026 13:05||NIFTY27JAN2625100PE,0.11797772353079651
19-01-2026 13:05||NIFTY27JAN2625700CE,0.10317841464267154
19-01-2026 13:10||NIFTY27JAN2623800PE,0.21261644831361867
19-01-2026 13:10||NIFTY27JAN2623900PE,0.20488457762831258
19-01-2026 13:10||NIFTY27JAN2624400PE,0.16425781507040538
19-01-2026 13:10||NIFTY27JAN2624500PE,0.1550582681870659
19-01-2026 13:10||NIFTY27JAN2624600PE,0.14681039684578376
19-01-2026 13:10||NIFTY27JAN2626200CE,0.11556320180006534
19-01-2026 13:10||NIFTY27JAN2626300CE,0.12058114896952105
19-01-2026 13:15||NIFTY27JAN2625800CE,0.10684068561199045
19-01-2026 13:20||NIFTY27JAN2624400PE,0.1626233492688417
19-01-2026 13:20||NIFTY27JAN2624800PE,0.13287011612132715
19-01-2026 13:20||NIFTY27JAN2624900PE,0.1266187891377719
19-01-2026 13:20||NIFTY27JAN2625000PE,0.12177629269396278
19-01-2026 13:20||NIFTY27JAN2625200CE,0.1116137721816636
19-01-2026 13:20||NIFTY27JAN2625400CE,0.10608965799794422
19-01-2026 13:25||NIFTY27JAN2623900PE,0.20420228229850088
19-01-2026 13:25||NIFTY27JAN2625000PE,0.12019984107527365
19-01-2026 13:25||NIFTY27JAN2625300CE,0.11206673613509674
19-01-2026 13:25||NIFTY27JAN2625400CE,0.10878984389578793
19-01-2026 13:25||NIFTY27JAN2625900CE,0.10610976958370509
19-01-2026 13:25||NIFTY27JAN2626200CE,0.1174845235797381
19-01-2026 13:25||NIFTY27JAN2626500CE,0.13443973057916983
19-01-2026 13:30||NIFTY27JAN2624300PE,0.1706582212131142
19-01-2026 13:30||NIFTY27JAN2624900PE,0.12513020000446748
19-01-2026 13:30||NIFTY27JAN2625100PE,0.11494020352837209
19-01-2026 13:30||NIFTY27JAN2625800CE,0.10645104908560689
19-01-2026 13:30||NIFTY27JAN2626100CE,0.11349614461314633
19-01-2026 13:30||NIFTY27JAN2626300CE,0.12282163012318592
19-01-2026 13:30||NIFTY27JAN2626500CE,0.1333588972458364
19-01-2026 13:35||NIFTY27JAN2624400PE,0.1641144876716746
19-01-2026 13:35||NIFTY27JAN2624900PE,0.12753539693518764
19-01-2026 13:35||NIFTY27JAN2626200CE,0.1162618267658987
19-01-2026 13:35||NIFTY27JAN2626400CE,0.12768585643524666
19-01-2026 13:40||NIFTY27JAN2624800PE,0.13451325353643437
19-01-2026 13:40||NIFTY27JAN2625300CE,0.1018907947104291
19-01-2026 13:40||NIFTY27JAN2625400CE,0.10136640239576951
19-01-2026 13:40||NIFTY27JAN2625600CE,0.10079674373749851
19-01-2026 13:40||NIFTY27JAN2625800CE,0.10186374829497344
19-01-2026 13:40||NIFTY27JAN2625900CE,0.1032907809471356
19-01-2026 13:45||NIFTY27JAN2624300PE,0.16945485223133613
19-01-2026 13:45||NIFTY27JAN2624700PE,0.13535957063345158
19-01-2026 13:45||NIFTY27JAN2625100PE,0.10990669339158672
19-01-2026 13:45||NIFTY27JAN2625500CE,0.12200299116004917
19-01-2026 13:45||NIFTY27JAN2626500CE,0.13485689348342594
19-01-2026 13:50||NIFTY27JAN2623900PE,0.2057439187867754
19-01-2026 13:50||NIFTY27JAN2624200PE,0.18189121710505293
19-01-2026 13:50||NIFTY27JAN2625100PE,0.11673979256477143
19-01-2026 13:50||NIFTY27JAN2625400CE,0.11595033502500264
19-01-2026 13:50||NIFTY27JAN2625700CE,0.10672836464482499
19-01-2026 13:50||NIFTY27JAN2626200CE,0.11417424105448586
19-01-2026 13:55||NIFTY27JAN2624500PE,0.15908402903670582
19-01-2026 13:55||NIFTY27JAN2624600PE,0.15040616175845611
19-01-2026 13:55||NIFTY27JAN2625600CE,0.1027195134035688
19-01-2026 13:55||NIFTY27JAN2625700CE,0.10189101347509241
19-01-2026 13:55||NIFTY27JAN2625800CE,0.10163612305811323
19-01-2026 13:55||NIFTY27JAN2625900CE,0.10219788586261329
19-01-2026 13:55||NIFTY27JAN2626200CE,0.11077521761941836
19-01-2026 14:00||NIFTY27JAN2624100PE,0.19386062037431592
19-01-2026 14:00||NIFTY27JAN2624600PE,0.14959150762001483
19-01-2026 14:00||NIFTY27JAN2625300CE,0.12296713151239311
19-01-2026 14:00||NIFTY27JAN2625800CE,0.1074029302218148
19-01-2026 14:00||NIFTY27JAN2625900CE,0.107020410975338
19-01-2026 14:00||NIFTY27JAN2626100CE,0.10966261727613824
19-01-2026 14:05||NIFTY27JAN2623800PE,0.2187360595299606
19-01-2026 14:05||NIFTY27JAN2624200PE,0.18760324577377424
19-01-2026 14:05||NIFTY27JAN2624500PE,0.16097058070916387
19-01-2026 14:05||NIFTY27JAN2625000PE,0.124951849361489
19-01-2026 14:05||NIFTY27JAN2625400CE,0.10747647338657504
19-01-2026 14:05||NIFTY27JAN2626500CE,0.12406274189618278
19-01-2026 14:10||NIFTY27JAN2624400PE,0.16975040776612635
19-01-2026 14:10||NIFTY27JAN2624500PE,0.16026509764955915
19-01-2026 14:10||NIFTY27JAN2625100PE,0.1217567365660878
19-01-2026 14:10||NIFTY27JAN2625200CE,0.10232550250778236
19-01-2026 14:10||NIFTY27JAN2626100CE,0.10326818489361
19-01-2026 14:15||NIFTY27JAN2623800PE,0.21646888421105345
19-01-2026 14:15||NIFTY27JAN2624100PE,0.19275112504387865
19-01-2026 14:15||NIFTY27JAN2624200PE,0.18480393749190893
19-01-2026 14:15||NIFTY27JAN2624500PE,0.15769031663737615
19-01-2026 14:15||NIFTY27JAN2624700PE,0.1408390817305848
19-01-2026 14:15||NIFTY27JAN2624800PE,0.1341597369182867
19-01-2026 14:15||NIFTY27JAN2625100PE,0.11588673656608776
19-01-2026 14:15||NIFTY27JAN2626400CE,0.12220324170018892
19-01-2026 14:20||NIFTY27JAN2624200PE,0.1858620199632467
19-01-2026 14:20||NIFTY27JAN2624500PE,0.15983839629869906
19-01-2026 14:20||NIFTY27JAN2625800CE,0.10175140743340033
19-01-2026 14:20||NIFTY27JAN2626000CE,0.10315317470935534
19-01-2026 14:25||NIFTY27JAN2624000PE,0.20262892445793443
19-01-2026 14:25||NIFTY27JAN2625100PE,0.11992772353079663
19-01-2026 14:25||NIFTY27JAN2625700CE,0.09827958034717602
19-01-2026 14:25||NIFTY27JAN2625900CE,0.09892292356308276
19-01-2026 14:25||NIFTY27JAN2626000CE,0.10074814700706625
19-01-2026 14:25||NIFTY27JAN2626500CE,0.12449294809511183
19-01-2026 14:30||NIFTY27JAN2624100PE,0.19330085169156241
19-01-2026 14:30||NIFTY27JAN2624300PE,0.17638342773308213
19-01-2026 14:30||NIFTY27JAN2624700PE,0.1428184857001404
19-01-2026 14:30||NIFTY27JAN2624800PE,0.13603293456003657
19-01-2026 14:30||NIFTY27JAN2625000PE,0.12407489139577423
19-01-2026 14:35||NIFTY27JAN2623800PE,0.21724888257770059
19-01-2026 14:35||NIFTY27JAN2624300PE,0.1756057768075312
19-01-2026 14:35||NIFTY27JAN2625000PE,0.1233639193637356
19-01-2026 14:35||NIFTY27JAN2625800CE,0.10372890088240934
19-01-2026 14:35||NIFTY27JAN2626100CE,0.106908735102197
19-01-2026 14:35||NIFTY27JAN2626300CE,0.11496291362537402
19-01-2026 14:35||NIFTY27JAN2626400CE,0.12012305938295768
19-01-2026 14:40||NIFTY27JAN2624000PE,0.20203883165618405
19-01-2026 14:40||NIFTY27JAN2624300PE,0.17736254022659192
19-01-2026 14:40||NIFTY27JAN2624700PE,0.14408931554762294
19-01-2026 14:40||NIFTY27JAN2625200CE,0.1128826116871147
19-01-2026 14:45||NIFTY27JAN2623900PE,0.21083339471380724
19-01-2026 14:45||NIFTY27JAN2624100PE,0.19462950584763483
19-01-2026 14:45||NIFTY27JAN2624400PE,0.16954527363136895
19-01-2026 14:45||NIFTY27JAN2624600PE,0.15209950253851984
19-01-2026 14:45||NIFTY27JAN2624800PE,0.1374505792738784
19-01-2026 14:45||NIFTY27JAN2625800CE,0.09977621831958088
19-01-2026 14:45||NIFTY27JAN2626000CE,0.10187276672081597
19-01-2026 14:50||NIFTY27JAN2624000PE,0.20340937272117895
19-01-2026 14:50||NIFTY27JAN2624200PE,0.1871563318446441
19-01-2026 14:50||NIFTY27JAN2624500PE,0.16146658006256265
19-01-2026 14:50||NIFTY27JAN2625100PE,0.11929772353079628
19-01-2026 14:50||NIFTY27JAN2625700CE,0.10159150033903457
19-01-2026 14:55||NIFTY27JAN2623800PE,0.2223336797703138
19-01-2026 14:55||NIFTY27JAN2624400PE,0.1708078190997006
19-01-2026 14:55||NIFTY27JAN2625300CE,0.10601357443856481
19-01-2026 14:55||NIFTY27JAN2625400CE,0.10319781981160286
19-01-2026 14:55||NIFTY27JAN2626000CE,0.09981691891430108
19-01-2026 14:55||NIFTY27JAN2626100CE,0.10214980400540376
19-01-2026 15:00||NIFTY27JAN2624300PE,0.18121070521514554
19-01-2026 15:00||NIFTY27JAN2625000PE,0.12884259408550405
19-01-2026 15:00||NIFTY27JAN2625600CE,0.09151011584127423
19-01-2026 15:00||NIFTY27JAN2626000CE,0.09562308694873302
19-01-2026 15:00||NIFTY27JAN2626300CE,0.10818058607686341
19-01-2026 15:05||NIFTY27JAN2623900PE,0.209734025008246
19-01-2026 15:05||NIFTY27JAN2625700CE,0.09517935173932295
19-01-2026 15:05||NIFTY27JAN2626000CE,0.09780282667145576
19-01-2026 15:05||NIFTY27JAN2626400CE,0.1167168410600246
19-01-2026 15:10||NIFTY27JAN2624100PE,0.1930458121746168
19-01-2026 15:10||NIFTY27JAN2624300PE,0.17661405059685215
19-01-2026 15:10||NIFTY27JAN2624800PE,0.13850674440489458
19-01-2026 15:10||NIFTY27JAN2625800CE,0.09635273884023673
19-01-2026 15:10||NIFTY27JAN2626100CE,0.10236860122242582
19-01-2026 15:15||NIFTY27JAN2624200PE,0.1848340027332176
19-01-2026 15:15||NIFTY27JAN2624400PE,0.16949666131998364
19-01-2026 15:15||NIFTY27JAN2624500PE,0.16105645842899174
19-01-2026 15:15||NIFTY27JAN2624600PE,0.1533512225993533
19-01-2026 15:15||NIFTY27JAN2624700PE,0.1458190537253443
19-01-2026 15:15||NIFTY27JAN2625300CE,0.08467459061605498
19-01-2026 15:15||NIFTY27JAN2625400CE,0.08923105264031311
19-01-2026 15:15||NIFTY27JAN2626200CE,0.10515924628978165
19-01-2026 15:20||NIFTY27JAN2624500PE,0.1569123477754022
19-01-2026 15:20||NIFTY27JAN2625200CE,0.09624471438969213
19-01-2026 15:20||NIFTY27JAN2625800CE,0.09544639623180833
19-01-2026 15:20||NIFTY27JAN2626400CE,0.11970547866462919
19-01-2026 15:20||NIFTY27JAN2626500CE,0.12718292182254828
19-01-2026 15:25||NIFTY27JAN2624300PE,0.1731602967244636
19-01-2026 15:25||NIFTY27JAN2624400PE,0.16541061567239432
19-01-2026 15:25||NIFTY27JAN2624700PE,0.14288855003206546
19-01-2026 15:25||NIFTY27JAN2625800CE,0.09402292214788849
19-01-2026 15:25||NIFTY27JAN2626300CE,0.11452825529141729
20-01-2026 09:15||NIFTY27JAN2623900PE,0.20916260903196848
20-01-2026 09:15||NIFTY27JAN2624000PE,0.2000648807692005
20-01-2026 09:15||NIFTY27JAN2624100PE,0.1906064809846455
20-01-2026 09:15||NIFTY27JAN2624400PE,0.16701699016349444
20-01-2026 09:15||NIFTY27JAN2624600PE,0.15135586165073064
20-01-2026 09:15||NIFTY27JAN2625200CE,0.10951088521765365
20-01-2026 09:15||NIFTY27JAN2625500CE,0.10464326030023338
20-01-2026 09:15||NIFTY27JAN2626200CE,0.11419913137069178
20-01-2026 09:15||NIFTY27JAN2626300CE,0.12045641815134454
20-01-2026 09:15||NIFTY27JAN2626400CE,0.12581880090321004
20-01-2026 09:20||NIFTY27JAN2623800PE,0.2145747632912955
20-01-2026 09:20||NIFTY27JAN2624000PE,0.19841406572020717
20-01-2026 09:20||NIFTY27JAN2624700PE,0.14544137688171166
20-01-2026 09:20||NIFTY27JAN2625200CE,0.1030945075467597
20-01-2026 09:20||NIFTY27JAN2625400CE,0.08932254395457188
20-01-2026 09:20||NIFTY27JAN2625500CE,0.09144296187033848
20-01-2026 09:20||NIFTY27JAN2625800CE,0.0963361737903247
20-01-2026 09:20||NIFTY27JAN2626300CE,0.11976177375705797
20-01-2026 09:20||NIFTY27JAN2626500CE,0.13522815314494055
20-01-2026 09:25||NIFTY27JAN2623900PE,0.20383058678805524
20-01-2026 09:25||NIFTY27JAN2625000PE,0.12545470357719854
20-01-2026 09:25||NIFTY27JAN2625400CE,0.10511711719351928
20-01-2026 09:30||NIFTY27JAN2623900PE,0.2029745333809501
20-01-2026 09:30||NIFTY27JAN2624400PE,0.16009469935770748
20-01-2026 09:30||NIFTY27JAN2624800PE,0.13220119726790885
20-01-2026 09:30||NIFTY27JAN2625700CE,0.10741211926760426
20-01-2026 09:30||NIFTY27JAN2626100CE,0.1169261362011731
20-01-2026 09:30||NIFTY27JAN2626300CE,0.12883713911238484
20-01-2026 09:35||NIFTY27JAN2624500PE,0.1533786317217224
20-01-2026 09:35||NIFTY27JAN2625200CE,0.10678031495489212
20-01-2026 09:35||NIFTY27JAN2625700CE,0.10540648140197857
20-01-2026 09:35||NIFTY27JAN2625800CE,0.10567442242293788
20-01-2026 09:35||NIFTY27JAN2626200CE,0.12277985180065104
20-01-2026 09:40||NIFTY27JAN2623800PE,0.21399388257770102
20-01-2026 09:40||NIFTY27JAN2624100PE,0.1866560065212583
20-01-2026 09:40||NIFTY27JAN2625000PE,0.12173979405937183
20-01-2026 09:40||NIFTY27JAN2625900CE,0.11319483009406385
20-01-2026 09:40||NIFTY27JAN2626100CE,0.12115886142513904
20-01-2026 09:40||NIFTY27JAN2626200CE,0.12673821636076316
20-01-2026 09:40||NIFTY27JAN2626400CE,0.13979152345814833
20-01-2026 09:45||NIFTY27JAN2624800PE,0.13324399528759912
20-01-2026 09:45||NIFTY27JAN2625500CE,0.11242857693795498
20-01-2026 09:45||NIFTY27JAN2626200CE,0.12650618605776348
20-01-2026 09:45||NIFTY27JAN2626300CE,0.133086650931928
20-01-2026 09:50||NIFTY27JAN2624100PE,0.18863866072501229
20-01-2026 09:50||NIFTY27JAN2624800PE,0.1359486693042652
20-01-2026 09:50||NIFTY27JAN2625100PE,0.1234481599951278
20-01-2026 09:50||NIFTY27JAN2625200CE,0.10418484768088193
20-01-2026 09:55||NIFTY27JAN2623900PE,0.20424907810664533
20-01-2026 09:55||NIFTY27JAN2624100PE,0.18581868592134548
20-01-2026 09:55||NIFTY27JAN2625000PE,0.12289096633037455
20-01-2026 10:00||NIFTY27JAN2623900PE,0.2058904519839942
20-01-2026 10:00||NIFTY27JAN2624600PE,0.14531550381288694
20-01-2026 10:00||NIFTY27JAN2624700PE,0.13831485063209278
20-01-2026 10:00||NIFTY27JAN2625200CE,0.12153762716075285
20-01-2026 10:00||NIFTY27JAN2625400CE,0.11524105480717182
20-01-2026 10:00||NIFTY27JAN2625700CE,0.11049116360428185
20-01-2026 10:00||NIFTY27JAN2626000CE,0.11632653905094043
20-01-2026 10:00||NIFTY27JAN2626200CE,0.12563862543163537
20-01-2026 10:05||NIFTY27JAN2626100CE,0.12070110429029807
20-01-2026 10:05||NIFTY27JAN2626200CE,0.1252081713581191
20-01-2026 10:05||NIFTY27JAN2626500CE,0.14458304732958055
20-01-2026 10:10||NIFTY27JAN2624900PE,0.1301555232067734
20-01-2026 10:10||NIFTY27JAN2625100PE,0.12157012256859998
20-01-2026 10:10||NIFTY27JAN2626500CE,0.14437356015009256
20-01-2026 10:15||NIFTY27JAN2624000PE,0.19502916603511802
20-01-2026 10:15||NIFTY27JAN2625800CE,0.11155737048433458
20-01-2026 10:15||NIFTY27JAN2626300CE,0.13137178402703997
20-01-2026 10:20||NIFTY27JAN2624100PE,0.18815481771995643
20-01-2026 10:20||NIFTY27JAN2625700CE,0.10504546572815023
20-01-2026 10:20||NIFTY27JAN2626000CE,0.11178820489260616
20-01-2026 10:25||NIFTY27JAN2623800PE,0.21432946528163585
20-01-2026 10:25||NIFTY27JAN2624700PE,0.1391543853919017
20-01-2026 10:25||NIFTY27JAN2625000PE,0.12371064969417397
20-01-2026 10:25||NIFTY27JAN2625800CE,0.1050359462917786
20-01-2026 10:25||NIFTY27JAN2626200CE,0.12029637021706012
20-01-2026 10:25||NIFTY27JAN2626400CE,0.13299302615494696
20-01-2026 10:30||NIFTY27JAN2623900PE,0.20549019234418284
20-01-2026 10:30||NIFTY27JAN2624000PE,0.196854109514763
20-01-2026 10:30||NIFTY27JAN2624300PE,0.17074813387519824
20-01-2026 10:30||NIFTY27JAN2624600PE,0.1455571394833851
20-01-2026 10:30||NIFTY27JAN2625500CE,0.10763981540136333
20-01-2026 10:30||NIFTY27JAN2625700CE,0.10664864196785863
20-01-2026 10:30||NIFTY27JAN2625800CE,0.10712873606817332
20-01-2026 10:35||NIFTY27JAN2624300PE,0.16928676435116116
20-01-2026 10:35||NIFTY27JAN2624700PE,0.13633606565566644
20-01-2026 10:35||NIFTY27JAN2625200CE,0.12991307827543752
20-01-2026 10:35||NIFTY27JAN2625400CE,0.1208055841746128
20-01-2026 10:35||NIFTY27JAN2625900CE,0.11184768296235066
20-01-2026 10:40||NIFTY27JAN2624000PE,0.19784949083507192
20-01-2026 10:40||NIFTY27JAN2624300PE,0.1716730443518589
20-01-2026 10:40||NIFTY27JAN2625800CE,0.10455278463709489
20-01-2026 10:40||NIFTY27JAN2626000CE,0.11003567880184315
20-01-2026 10:45||NIFTY27JAN2624900PE,0.12633682783250957
20-01-2026 10:45||NIFTY27JAN2625900CE,0.10869384510663634
20-01-2026 10:45||NIFTY27JAN2626200CE,0.12070935541767179
20-01-2026 10:45||NIFTY27JAN2626400CE,0.13286941659823984
20-01-2026 10:50||NIFTY27JAN2623800PE,0.21619388257770122
20-01-2026 10:50||NIFTY27JAN2624100PE,0.18927148797092408
20-01-2026 10:50||NIFTY27JAN2625300CE,0.1053193241542517
20-01-2026 10:50||NIFTY27JAN2626200CE,0.12044860396140843
20-01-2026 10:55||NIFTY27JAN2624200PE,0.17900435017753993
20-01-2026 10:55||NIFTY27JAN2624500PE,0.15335247310937547
20-01-2026 10:55||NIFTY27JAN2624600PE,0.14536268022012966
20-01-2026 10:55||NIFTY27JAN2624700PE,0.1385096971281946
20-01-2026 10:55||NIFTY27JAN2624800PE,0.13209068779361424
20-01-2026 10:55||NIFTY27JAN2625300CE,0.10905538360468557
20-01-2026 10:55||NIFTY27JAN2625400CE,0.10816033350818137
20-01-2026 10:55||NIFTY27JAN2625900CE,0.10921131744223835
20-01-2026 10:55||NIFTY27JAN2626400CE,0.1342604875905819
20-01-2026 11:00||NIFTY27JAN2623800PE,0.21440367857757786
20-01-2026 11:00||NIFTY27JAN2624000PE,0.19682068293959845
20-01-2026 11:00||NIFTY27JAN2624400PE,0.16037844734201467
20-01-2026 11:00||NIFTY27JAN2625300CE,0.1080202010412342
20-01-2026 11:05||NIFTY27JAN2623800PE,0.21436939286329376
20-01-2026 11:05||NIFTY27JAN2624400PE,0.15991235609254328
20-01-2026 11:05||NIFTY27JAN2624500PE,0.1512791978980676
20-01-2026 11:05||NIFTY27JAN2625400CE,0.1071331859034355
20-01-2026 11:05||NIFTY27JAN2625500CE,0.1053925212853571
20-01-2026 11:05||NIFTY27JAN2625800CE,0.10631553002544832
20-01-2026 11:05||NIFTY27JAN2626300CE,0.1292452015761778
20-01-2026 11:10||NIFTY27JAN2624500PE,0.15045595274849893
20-01-2026 11:10||NIFTY27JAN2624900PE,0.12520919749390988
20-01-2026 11:10||NIFTY27JAN2625200CE,0.11348804725402299
20-01-2026 11:10||NIFTY27JAN2625600CE,0.10612924210509728
20-01-2026 11:15||NIFTY27JAN2623800PE,0.21168221591103453
20-01-2026 11:15||NIFTY27JAN2624300PE,0.16624359102018826
20-01-2026 11:15||NIFTY27JAN2624700PE,0.13464723139924073
20-01-2026 11:15||NIFTY27JAN2625000PE,0.11929526878673066
20-01-2026 11:15||NIFTY27JAN2625300CE,0.11505687571532368
20-01-2026 11:15||NIFTY27JAN2625600CE,0.10742378591882523
20-01-2026 11:20||NIFTY27JAN2624500PE,0.14912601653283222
20-01-2026 11:20||NIFTY27JAN2625700CE,0.10739150605490469
20-01-2026 11:20||NIFTY27JAN2626200CE,0.1237793458949648
20-01-2026 11:25||NIFTY27JAN2624000PE,0.19288286978706315
20-01-2026 11:25||NIFTY27JAN2624300PE,0.16553323396585232
20-01-2026 11:25||NIFTY27JAN2624900PE,0.12143030484991471
20-01-2026 11:25||NIFTY27JAN2625200CE,0.1246550632988668
20-01-2026 11:25||NIFTY27JAN2625300CE,0.12107218361271059
20-01-2026 11:25||NIFTY27JAN2625700CE,0.10958371584219354
20-01-2026 11:25||NIFTY27JAN2626100CE,0.11885520637540804
20-01-2026 11:30||NIFTY27JAN2623900PE,0.20405746265092176
20-01-2026 11:30||NIFTY27JAN2624200PE,0.1767269544949761
20-01-2026 11:30||NIFTY27JAN2624900PE,0.12405064939189217
20-01-2026 11:30||NIFTY27JAN2625200CE,0.11453331386741034
20-01-2026 11:30||NIFTY27JAN2625700CE,0.10635386279484241
20-01-2026 11:30||NIFTY27JAN2625800CE,0.10666196382684524
20-01-2026 11:30||NIFTY27JAN2626000CE,0.11286955648486524
20-01-2026 11:35||NIFTY27JAN2623800PE,0.21277811498028484
20-01-2026 11:35||NIFTY27JAN2625900CE,0.10795884331108893
20-01-2026 11:35||NIFTY27JAN2626300CE,0.12836177114351233
20-01-2026 11:35||NIFTY27JAN2626500CE,0.14299817264183595
20-01-2026 11:40||NIFTY27JAN2623800PE,0.2113534995956686
20-01-2026 11:40||NIFTY27JAN2624000PE,0.19408177107216026
20-01-2026 11:40||NIFTY27JAN2624100PE,0.1851852967611471
20-01-2026 11:40||NIFTY27JAN2624700PE,0.13369266496109303
20-01-2026 11:40||NIFTY27JAN2624800PE,0.12765069661565415
20-01-2026 11:40||NIFTY27JAN2625100PE,0.11257981229732669
20-01-2026 11:40||NIFTY27JAN2625300CE,0.11645859183593552
20-01-2026 11:45||NIFTY27JAN2623900PE,0.20351630407031726
20-01-2026 11:45||NIFTY27JAN2624500PE,0.14956171855678466
20-01-2026 11:45||NIFTY27JAN2625600CE,0.10705824153974887
20-01-2026 11:45||NIFTY27JAN2625800CE,0.10665956639951629
20-01-2026 11:45||NIFTY27JAN2625900CE,0.10884732620973415
20-01-2026 11:45||NIFTY27JAN2626000CE,0.11291396803558312
20-01-2026 11:50||NIFTY27JAN2624200PE,0.17707288479581126
20-01-2026 11:50||NIFTY27JAN2624600PE,0.1423152975194938
20-01-2026 11:50||NIFTY27JAN2624700PE,0.1343597339569171
20-01-2026 11:50||NIFTY27JAN2624900PE,0.12183025215737879
20-01-2026 11:50||NIFTY27JAN2625400CE,0.11086765358133635
20-01-2026 11:50||NIFTY27JAN2625700CE,0.10460808004277936
20-01-2026 11:50||NIFTY27JAN2626300CE,0.12828708997891905
20-01-2026 11:55||NIFTY27JAN2623800PE,0.215869294002695
20-01-2026 11:55||NIFTY27JAN2623900PE,0.20608811498028498
20-01-2026 11:55||NIFTY27JAN2624000PE,0.19728861716324483
20-01-2026 11:55||NIFTY27JAN2624100PE,0.18826057303812668
20-01-2026 11:55||NIFTY27JAN2625800CE,0.10192319343615124
20-01-2026 11:55||NIFTY27JAN2625900CE,0.10510412147554184
20-01-2026 12:00||NIFTY27JAN2623800PE,0.214379294002695
20-01-2026 12:00||NIFTY27JAN2624400PE,0.1600060905638573
20-01-2026 12:00||NIFTY27JAN2624600PE,0.1437297810496367
20-01-2026 12:00||NIFTY27JAN2624700PE,0.1365560159873139
20-01-2026 12:00||NIFTY27JAN2625800CE,0.1020008380997423
20-01-2026 12:00||NIFTY27JAN2625900CE,0.10524153778317959
20-01-2026 12:05||NIFTY27JAN2624700PE,0.1360134724050935
20-01-2026 12:05||NIFTY27JAN2624900PE,0.12475985150039039
20-01-2026 12:05||NIFTY27JAN2625800CE,0.10212416024543229
20-01-2026 12:10||NIFTY27JAN2624200PE,0.17471293922508008
20-01-2026 12:10||NIFTY27JAN2624500PE,0.1493546664063635
20-01-2026 12:10||NIFTY27JAN2624600PE,0.14149866079643492
20-01-2026 12:10||NIFTY27JAN2624700PE,0.1350020145444942
20-01-2026 12:10||NIFTY27JAN2624800PE,0.12823464258239806
20-01-2026 12:10||NIFTY27JAN2624900PE,0.12205244207724432
20-01-2026 12:15||NIFTY27JAN2624300PE,0.16719050377976552
20-01-2026 12:15||NIFTY27JAN2624500PE,0.14958942531276506
20-01-2026 12:15||NIFTY27JAN2625000PE,0.11765772353079663
20-01-2026 12:15||NIFTY27JAN2625100PE,0.11355363739290257
20-01-2026 12:15||NIFTY27JAN2625400CE,0.10439364001421009
20-01-2026 12:15||NIFTY27JAN2626400CE,0.13912663211940463
20-01-2026 12:20||NIFTY27JAN2623900PE,0.20318586792379079
20-01-2026 12:20||NIFTY27JAN2624000PE,0.19446909646370128
20-01-2026 12:20||NIFTY27JAN2624100PE,0.18463198035955342
20-01-2026 12:20||NIFTY27JAN2625200CE,0.1067641393645302
20-01-2026 12:20||NIFTY27JAN2625300CE,0.10577525808045664
20-01-2026 12:20||NIFTY27JAN2625700CE,0.10341360659504097
20-01-2026 12:20||NIFTY27JAN2625800CE,0.10546966352441024
20-01-2026 12:20||NIFTY27JAN2625900CE,0.10860056675793607
20-01-2026 12:25||NIFTY27JAN2623800PE,0.2111471442436787
20-01-2026 12:25||NIFTY27JAN2625000PE,0.11424672664051791
20-01-2026 12:25||NIFTY27JAN2625100PE,0.10808174766778386
20-01-2026 12:25||NIFTY27JAN2625700CE,0.10726096764623384
20-01-2026 12:25||NIFTY27JAN2626000CE,0.11494740956392303
20-01-2026 12:30||NIFTY27JAN2623800PE,0.21295214424367787
20-01-2026 12:30||NIFTY27JAN2623900PE,0.20242324039989906
20-01-2026 12:30||NIFTY27JAN2624900PE,0.12194621635492524
20-01-2026 12:30||NIFTY27JAN2625000PE,0.11537672664051843
20-01-2026 12:30||NIFTY27JAN2625100PE,0.10865174766778538
20-01-2026 12:30||NIFTY27JAN2625300CE,0.10734860357232673
20-01-2026 12:30||NIFTY27JAN2626000CE,0.11339138940479455
20-01-2026 12:35||NIFTY27JAN2623800PE,0.21096381091034505
20-01-2026 12:35||NIFTY27JAN2624200PE,0.17446805360227485
20-01-2026 12:35||NIFTY27JAN2625000PE,0.11701083922850039
20-01-2026 12:35||NIFTY27JAN2625200CE,0.11486751318625531
20-01-2026 12:35||NIFTY27JAN2625500CE,0.10717015661369524
20-01-2026 12:35||NIFTY27JAN2625700CE,0.10646746363806199
20-01-2026 12:35||NIFTY27JAN2625800CE,0.10799185209045482
20-01-2026 12:35||NIFTY27JAN2626200CE,0.12705919064377888
20-01-2026 12:35||NIFTY27JAN2626300CE,0.13439954841772217
20-01-2026 12:40||NIFTY27JAN2623800PE,0.21032476329129585
20-01-2026 12:40||NIFTY27JAN2624000PE,0.19296562488376076
20-01-2026 12:40||NIFTY27JAN2624300PE,0.16535085518437076
20-01-2026 12:40||NIFTY27JAN2624600PE,0.14087350387122008
20-01-2026 12:40||NIFTY27JAN2624700PE,0.13437562096480635
20-01-2026 12:40||NIFTY27JAN2625400CE,0.10534804149365366
20-01-2026 12:40||NIFTY27JAN2626100CE,0.12104876040570785
20-01-2026 12:45||NIFTY27JAN2623800PE,0.20955907980143643
20-01-2026 12:45||NIFTY27JAN2624300PE,0.16439229981258419
20-01-2026 12:45||NIFTY27JAN2624400PE,0.15525857146611022
20-01-2026 12:45||NIFTY27JAN2625100PE,0.11274813997877148
20-01-2026 12:50||NIFTY27JAN2624200PE,0.17459695896041372
20-01-2026 12:50||NIFTY27JAN2625600CE,0.10597467874537625
20-01-2026 12:50||NIFTY27JAN2626000CE,0.11491462760744027
20-01-2026 12:50||NIFTY27JAN2626200CE,0.12634947067296118
20-01-2026 12:55||NIFTY27JAN2624900PE,0.1213195996809288
20-01-2026 12:55||NIFTY27JAN2625400CE,0.10921517926063015
20-01-2026 13:00||NIFTY27JAN2623900PE,0.20280132306641097
20-01-2026 13:00||NIFTY27JAN2624200PE,0.17604918608495385
20-01-2026 13:00||NIFTY27JAN2625100PE,0.11351183058730707
20-01-2026 13:00||NIFTY27JAN2625800CE,0.10706488629377914
20-01-2026 13:00||NIFTY27JAN2625900CE,0.11018598159948602
20-01-2026 13:00||NIFTY27JAN2626400CE,0.1409282072011813
20-01-2026 13:05||NIFTY27JAN2624200PE,0.17585501204640758
20-01-2026 13:05||NIFTY27JAN2624900PE,0.12205107557954713
20-01-2026 13:05||NIFTY27JAN2625300CE,0.10889402784842983
20-01-2026 13:05||NIFTY27JAN2625400CE,0.10675398847957043
20-01-2026 13:05||NIFTY27JAN2625600CE,0.10439402581438277
20-01-2026 13:05||NIFTY27JAN2626500CE,0.1502902268167589
20-01-2026 13:10||NIFTY27JAN2624000PE,0.19401043235805931
20-01-2026 13:10||NIFTY27JAN2624400PE,0.15759765380312157
20-01-2026 13:10||NIFTY27JAN2624700PE,0.13470729348435334
20-01-2026 13:10||NIFTY27JAN2625000PE,0.11770722947003003
20-01-2026 13:10||NIFTY27JAN2626000CE,0.1141819973958877
20-01-2026 13:10||NIFTY27JAN2626400CE,0.1413547691351481
20-01-2026 13:15||NIFTY27JAN2623900PE,0.2021447401101899
20-01-2026 13:15||NIFTY27JAN2624600PE,0.14006343632863924
20-01-2026 13:15||NIFTY27JAN2624900PE,0.12087039905101997
20-01-2026 13:15||NIFTY27JAN2625000PE,0.1160048442567591
20-01-2026 13:15||NIFTY27JAN2625200CE,0.11728644318210435
20-01-2026 13:15||NIFTY27JAN2626000CE,0.11633945639636663
20-01-2026 13:15||NIFTY27JAN2626200CE,0.12783165639357894
20-01-2026 13:20||NIFTY27JAN2624200PE,0.17645096955517617
20-01-2026 13:20||NIFTY27JAN2624600PE,0.1428237365894602
20-01-2026 13:20||NIFTY27JAN2625000PE,0.11926024818565233
20-01-2026 13:20||NIFTY27JAN2625700CE,0.10395506923006265
20-01-2026 13:20||NIFTY27JAN2626100CE,0.1186262515803681
20-01-2026 13:20||NIFTY27JAN2626200CE,0.12498902587965463
20-01-2026 13:25||NIFTY27JAN2623800PE,0.21173179123062183
20-01-2026 13:25||NIFTY27JAN2624100PE,0.1850078081117251
20-01-2026 13:25||NIFTY27JAN2624700PE,0.1340582110818746
20-01-2026 13:25||NIFTY27JAN2625000PE,0.11751994129729419
20-01-2026 13:25||NIFTY27JAN2625800CE,0.10751371663270999
20-01-2026 13:30||NIFTY27JAN2624100PE,0.18505331175061354
20-01-2026 13:30||NIFTY27JAN2624700PE,0.13470322711377442
20-01-2026 13:30||NIFTY27JAN2624900PE,0.12344382468439222
20-01-2026 13:30||NIFTY27JAN2626000CE,0.11468832554636679
20-01-2026 13:35||NIFTY27JAN2625100PE,0.11770932781523344
20-01-2026 13:35||NIFTY27JAN2625800CE,0.10867850560504581
20-01-2026 13:40||NIFTY27JAN2623800PE,0.21161304647229492
20-01-2026 13:40||NIFTY27JAN2624600PE,0.1393099755613114
20-01-2026 13:40||NIFTY27JAN2625000PE,0.11680022084010964
20-01-2026 13:45||NIFTY27JAN2624000PE,0.19462847183045187
20-01-2026 13:45||NIFTY27JAN2624400PE,0.1575635882683205
20-01-2026 13:45||NIFTY27JAN2624600PE,0.1418840689624765
20-01-2026 13:50||NIFTY27JAN2624000PE,0.19380234566052848
20-01-2026 13:50||NIFTY27JAN2624100PE,0.18331302161432864
20-01-2026 13:50||NIFTY27JAN2624200PE,0.1743715512458884
20-01-2026 13:50||NIFTY27JAN2624300PE,0.16497859652679292
20-01-2026 13:50||NIFTY27JAN2624500PE,0.14824041404079233
20-01-2026 13:50||NIFTY27JAN2625200CE,0.11820611317827649
20-01-2026 13:50||NIFTY27JAN2625400CE,0.11205408613243814
20-01-2026 13:50||NIFTY27JAN2626000CE,0.1205615196602234
20-01-2026 13:50||NIFTY27JAN2626100CE,0.12628719946280864
20-01-2026 13:55||NIFTY27JAN2624400PE,0.15788215818430454
20-01-2026 13:55||NIFTY27JAN2625200CE,0.11902111317827628
20-01-2026 13:55||NIFTY27JAN2625400CE,0.11225662346273377
20-01-2026 13:55||NIFTY27JAN2625600CE,0.10904511461096943
20-01-2026 14:00||NIFTY27JAN2624100PE,0.1861441064096402
20-01-2026 14:00||NIFTY27JAN2624200PE,0.17643314152229675
20-01-2026 14:00||NIFTY27JAN2624800PE,0.1289306095121633
20-01-2026 14:00||NIFTY27JAN2624900PE,0.12329289921324305
20-01-2026 14:00||NIFTY27JAN2625000PE,0.11743512256859931
20-01-2026 14:00||NIFTY27JAN2625100PE,0.11204061440966678
20-01-2026 14:00||NIFTY27JAN2625200CE,0.11524111317827605
20-01-2026 14:00||NIFTY27JAN2626100CE,0.12561235174778684
20-01-2026 14:05||NIFTY27JAN2623800PE,0.21270144831361812
20-01-2026 14:05||NIFTY27JAN2625100PE,0.11588371358285167
20-01-2026 14:05||NIFTY27JAN2625200CE,0.11406111317827632
20-01-2026 14:05||NIFTY27JAN2626100CE,0.12712037044325808
20-01-2026 14:05||NIFTY27JAN2626400CE,0.14927019878581052
20-01-2026 14:10||NIFTY27JAN2624000PE,0.19455066116249928
20-01-2026 14:10||NIFTY27JAN2624200PE,0.1763297319899392
20-01-2026 14:10||NIFTY27JAN2624500PE,0.1501309557301187
20-01-2026 14:10||NIFTY27JAN2624900PE,0.12360677328660523
20-01-2026 14:10||NIFTY27JAN2625000PE,0.11925342413406256
20-01-2026 14:10||NIFTY27JAN2625500CE,0.11075202717957007
20-01-2026 14:10||NIFTY27JAN2625700CE,0.11137988785479719
20-01-2026 14:10||NIFTY27JAN2626100CE,0.12840829341361737
20-01-2026 14:10||NIFTY27JAN2626200CE,0.13498906107388858
20-01-2026 14:10||NIFTY27JAN2626300CE,0.14258283770707983
20-01-2026 14:15||NIFTY27JAN2623800PE,0.2103894726678617
20-01-2026 14:15||NIFTY27JAN2624100PE,0.18435953074630387
20-01-2026 14:15||NIFTY27JAN2624500PE,0.15060556650718726
20-01-2026 14:15||NIFTY27JAN2624600PE,0.14305986496451883
20-01-2026 14:15||NIFTY27JAN2624900PE,0.12496512955530219
20-01-2026 14:15||NIFTY27JAN2625200CE,0.11262148031185414
20-01-2026 14:15||NIFTY27JAN2625400CE,0.10851756732782925
20-01-2026 14:15||NIFTY27JAN2626000CE,0.12093259183288217
20-01-2026 14:15||NIFTY27JAN2626300CE,0.1403920583309796
20-01-2026 14:15||NIFTY27JAN2626500CE,0.1571740363405702
20-01-2026 14:20||NIFTY27JAN2625400CE,0.11501245297503654
20-01-2026 14:20||NIFTY27JAN2625700CE,0.11259200347772576
20-01-2026 14:20||NIFTY27JAN2626500CE,0.15858356015009262
20-01-2026 14:25||NIFTY27JAN2624100PE,0.18603544391392174
20-01-2026 14:25||NIFTY27JAN2624600PE,0.14208744226786926
20-01-2026 14:25||NIFTY27JAN2625400CE,0.1134941845682243
20-01-2026 14:25||NIFTY27JAN2625900CE,0.11617866965598762
20-01-2026 14:30||NIFTY27JAN2624000PE,0.19593985822115265
20-01-2026 14:30||NIFTY27JAN2624600PE,0.14482895552840055
20-01-2026 14:30||NIFTY27JAN2625400CE,0.10684722495763943
20-01-2026 14:30||NIFTY27JAN2625500CE,0.10564517725419799
20-01-2026 14:30||NIFTY27JAN2625800CE,0.10974997670662573
20-01-2026 14:30||NIFTY27JAN2626000CE,0.11814904607421998
20-01-2026 14:30||NIFTY27JAN2626400CE,0.14343114465672277
20-01-2026 14:30||NIFTY27JAN2626500CE,0.15150437896610686
20-01-2026 14:35||NIFTY27JAN2624600PE,0.1466798929347852
20-01-2026 14:35||NIFTY27JAN2624800PE,0.13368250165877457
20-01-2026 14:35||NIFTY27JAN2625600CE,0.10518558248464065
20-01-2026 14:35||NIFTY27JAN2626000CE,0.11787428903888857
20-01-2026 14:35||NIFTY27JAN2626300CE,0.1368956628112941
20-01-2026 14:40||NIFTY27JAN2623800PE,0.21704106109682633
20-01-2026 14:40||NIFTY27JAN2625200CE,0.11115978376508226
20-01-2026 14:40||NIFTY27JAN2625500CE,0.10601906536704063
20-01-2026 14:45||NIFTY27JAN2624600PE,0.14516744365745493
20-01-2026 14:45||NIFTY27JAN2625500CE,0.10896236358408116
20-01-2026 14:45||NIFTY27JAN2626000CE,0.12132408117302522
20-01-2026 14:45||NIFTY27JAN2626100CE,0.1271739785064271
20-01-2026 14:50||NIFTY27JAN2624000PE,0.19931581951467572
20-01-2026 14:50||NIFTY27JAN2624200PE,0.18050298812927465
20-01-2026 14:50||NIFTY27JAN2624900PE,0.12736725840347493
20-01-2026 14:50||NIFTY27JAN2625100PE,0.11814214398902174
20-01-2026 14:50||NIFTY27JAN2625500CE,0.10273119483067204
20-01-2026 14:50||NIFTY27JAN2625900CE,0.11331829847672777
20-01-2026 14:55||NIFTY27JAN2623900PE,0.20871804853518267
20-01-2026 14:55||NIFTY27JAN2624000PE,0.1993952981723496
20-01-2026 14:55||NIFTY27JAN2624100PE,0.18981495375181512
20-01-2026 14:55||NIFTY27JAN2626000CE,0.11892296673203165
20-01-2026 15:00||NIFTY27JAN2624800PE,0.12926088705124997
20-01-2026 15:00||NIFTY27JAN2625600CE,0.10649833629380859
20-01-2026 15:00||NIFTY27JAN2626100CE,0.13158828106531825
20-01-2026 15:00||NIFTY27JAN2626200CE,0.1394377200705857
20-01-2026 15:00||NIFTY27JAN2626400CE,0.15431601919604712
20-01-2026 15:05||NIFTY27JAN2623900PE,0.20595055048862973
20-01-2026 15:05||NIFTY27JAN2624300PE,0.1671941540296895
20-01-2026 15:05||NIFTY27JAN2625000PE,0.12563285082055084
20-01-2026 15:05||NIFTY27JAN2625200CE,0.09898679397740616
20-01-2026 15:05||NIFTY27JAN2626100CE,0.13002375726041235
20-01-2026 15:05||NIFTY27JAN2626200CE,0.13785980406398074
20-01-2026 15:10||NIFTY27JAN2624300PE,0.16556763638694494
20-01-2026 15:10||NIFTY27JAN2625100PE,0.13044364733178798
20-01-2026 15:10||NIFTY27JAN2625300CE,0.10123996126721602
20-01-2026 15:10||NIFTY27JAN2625400CE,0.10254362695771536
20-01-2026 15:10||NIFTY27JAN2625900CE,0.12400890436345768
20-01-2026 15:10||NIFTY27JAN2626100CE,0.1368451944245653
20-01-2026 15:15||NIFTY27JAN2624000PE,0.20404881080003331
20-01-2026 15:15||NIFTY27JAN2624200PE,0.18199878517925294
20-01-2026 15:15||NIFTY27JAN2624500PE,0.15533625805662107
20-01-2026 15:15||NIFTY27JAN2624800PE,0.1373939067324161
20-01-2026 15:15||NIFTY27JAN2625000PE,0.12900794407349167
20-01-2026 15:15||NIFTY27JAN2625100PE,0.1254050310735298
20-01-2026 15:15||NIFTY27JAN2625700CE,0.11598348620839863
20-01-2026 15:15||NIFTY27JAN2625900CE,0.1260096870333458
20-01-2026 15:15||NIFTY27JAN2626000CE,0.13282953974405723
20-01-2026 15:15||NIFTY27JAN2626200CE,0.14642557437681755
20-01-2026 15:20||NIFTY27JAN2623800PE,0.22027538936053231
20-01-2026 15:20||NIFTY27JAN2624200PE,0.17861430327877736
20-01-2026 15:20||NIFTY27JAN2624500PE,0.15067086759126577
20-01-2026 15:20||NIFTY27JAN2625500CE,0.11778040064342794
20-01-2026 15:20||NIFTY27JAN2625700CE,0.12251648089331615
20-01-2026 15:20||NIFTY27JAN2626400CE,0.1647037538283304
20-01-2026 15:25||NIFTY27JAN2623800PE,0.21979205602719848
20-01-2026 15:25||NIFTY27JAN2625100PE,0.11021071584056419
20-01-2026 15:25||NIFTY27JAN2625200CE,0.1358271364968806
20-01-2026 15:25||NIFTY27JAN2625300CE,0.1327292913477251
20-01-2026 15:25||NIFTY27JAN2625900CE,0.1340183608854609
20-01-2026 15:25||NIFTY27JAN2626200CE,0.15057858880851757
21-01-2026 09:15||NIFTY27JAN2625200CE,0.15583282522940858
21-01-2026 09:15||NIFTY27JAN2625400CE,0.14608299640968472
21-01-2026 09:15||NIFTY27JAN2625900CE,0.14287220886646565
21-01-2026 09:15||NIFTY27JAN2626200CE,0.15892109089183723
21-01-2026 09:20||NIFTY27JAN2623900PE,0.21927240172011014
21-01-2026 09:20||NIFTY27JAN2624300PE,0.17875168712357203
21-01-2026 09:20||NIFTY27JAN2624400PE,0.1685914315702658
21-01-2026 09:25||NIFTY27JAN2624000PE,0.21861765185267812
21-01-2026 09:25||NIFTY27JAN2624300PE,0.18859530029429872
21-01-2026 09:25||NIFTY27JAN2624400PE,0.1783887886593697
21-01-2026 09:25||NIFTY27JAN2625100PE,0.1267115154715014
21-01-2026 09:25||NIFTY27JAN2625300CE,0.10987983785678729
21-01-2026 09:25||NIFTY27JAN2625600CE,0.11088696768682478
21-01-2026 09:25||NIFTY27JAN2625800CE,0.11815596875135691
21-01-2026 09:30||NIFTY27JAN2623800PE,0.23561355675788412
21-01-2026 09:30||NIFTY27JAN2623900PE,0.22485763523401264
21-01-2026 09:30||NIFTY27JAN2624000PE,0.2147480916206299
21-01-2026 09:30||NIFTY27JAN2624400PE,0.17311771748385751
21-01-2026 09:30||NIFTY27JAN2625300CE,0.1293630086958202
21-01-2026 09:30||NIFTY27JAN2625700CE,0.12127805547612958
21-01-2026 09:35||NIFTY27JAN2623900PE,0.2280395260594062
21-01-2026 09:35||NIFTY27JAN2624200PE,0.19679072079017848
21-01-2026 09:35||NIFTY27JAN2625200CE,0.11133381674007868
21-01-2026 09:35||NIFTY27JAN2625300CE,0.10850678568811195
21-01-2026 09:35||NIFTY27JAN2625600CE,0.1105559737444469
21-01-2026 09:35||NIFTY27JAN2626200CE,0.14694106593593836
21-01-2026 09:40||NIFTY27JAN2624400PE,0.16805435245559042
21-01-2026 09:40||NIFTY27JAN2625100PE,0.10840383184158645
21-01-2026 09:40||NIFTY27JAN2625200CE,0.12987206573399335
21-01-2026 09:40||NIFTY27JAN2625900CE,0.13123520210574222
21-01-2026 09:40||NIFTY27JAN2626300CE,0.15988666448859354
21-01-2026 09:40||NIFTY27JAN2626400CE,0.1680829494142244
21-01-2026 09:45||NIFTY27JAN2623800PE,0.22991168971030101
21-01-2026 09:45||NIFTY27JAN2624100PE,0.198350128531122
21-01-2026 09:45||NIFTY27JAN2624400PE,0.16772392527558355
21-01-2026 09:45||NIFTY27JAN2625200CE,0.12826206573399324
21-01-2026 09:45||NIFTY27JAN2625600CE,0.11848765221368258
21-01-2026 09:45||NIFTY27JAN2626000CE,0.1366215397388747
21-01-2026 09:45||NIFTY27JAN2626300CE,0.15962883113172963
21-01-2026 09:50||NIFTY27JAN2624700PE,0.1384737793157667
21-01-2026 09:50||NIFTY27JAN2624900PE,0.1229420806141041
21-01-2026 09:50||NIFTY27JAN2625400CE,0.11579463501372646
21-01-2026 09:50||NIFTY27JAN2625600CE,0.11651801754660558
21-01-2026 09:50||NIFTY27JAN2625800CE,0.12407313834110914
21-01-2026 09:55||NIFTY27JAN2624100PE,0.19512491084904118
21-01-2026 09:55||NIFTY27JAN2624200PE,0.18575157257619124
21-01-2026 09:55||NIFTY27JAN2624400PE,0.16657562101636597
21-01-2026 09:55||NIFTY27JAN2624800PE,0.13328884803521676
21-01-2026 09:55||NIFTY27JAN2625400CE,0.1107512769727333
21-01-2026 09:55||NIFTY27JAN2626000CE,0.135242814111506
21-01-2026 09:55||NIFTY27JAN2626100CE,0.14290433606521402
21-01-2026 09:55||NIFTY27JAN2626200CE,0.15178895517100674
21-01-2026 09:55||NIFTY27JAN2626500CE,0.1775763391995246
21-01-2026 10:00||NIFTY27JAN2624000PE,0.20145099544705425
21-01-2026 10:00||NIFTY27JAN2625000PE,0.11503827618134328
21-01-2026 10:00||NIFTY27JAN2625300CE,0.1218309314069697
21-01-2026 10:00||NIFTY27JAN2625400CE,0.11936880930813333
21-01-2026 10:00||NIFTY27JAN2626500CE,0.18092729158047577
21-01-2026 10:05||NIFTY27JAN2625200CE,0.11963618395836095
21-01-2026 10:05||NIFTY27JAN2625600CE,0.11625851265093208
21-01-2026 10:05||NIFTY27JAN2625700CE,0.12031096624533143
21-01-2026 10:05||NIFTY27JAN2625800CE,0.1253069756122422
21-01-2026 10:10||NIFTY27JAN2624000PE,0.19752097212811204
21-01-2026 10:10||NIFTY27JAN2624400PE,0.15887956884834215
21-01-2026 10:10||NIFTY27JAN2625800CE,0.12988950834067697
21-01-2026 10:10||NIFTY27JAN2626100CE,0.14953158861779786
21-01-2026 10:15||NIFTY27JAN2624000PE,0.1997706760946797
21-01-2026 10:15||NIFTY27JAN2624200PE,0.17986191419547948
21-01-2026 10:15||NIFTY27JAN2624500PE,0.1518117409769229
21-01-2026 10:15||NIFTY27JAN2624600PE,0.14251216061707758
21-01-2026 10:15||NIFTY27JAN2625500CE,0.11754137279810842
21-01-2026 10:15||NIFTY27JAN2626100CE,0.14855001407937268
21-01-2026 10:20||NIFTY27JAN2625700CE,0.11925189871865592
21-01-2026 10:25||NIFTY27JAN2624300PE,0.17014237603828702
21-01-2026 10:25||NIFTY27JAN2625000PE,0.11769790712894783
21-01-2026 10:25||NIFTY27JAN2625700CE,0.12696114064570105
21-01-2026 10:25||NIFTY27JAN2626200CE,0.16221699821925373
21-01-2026 10:30||NIFTY27JAN2624200PE,0.17744369316380107
21-01-2026 10:30||NIFTY27JAN2624700PE,0.13373152519783885
21-01-2026 10:30||NIFTY27JAN2624800PE,0.12698285724607417
21-01-2026 10:30||NIFTY27JAN2625200CE,0.12325642239592931
21-01-2026 10:30||NIFTY27JAN2625900CE,0.14015455900363916
21-01-2026 10:30||NIFTY27JAN2626300CE,0.17114789651487114
21-01-2026 10:30||NIFTY27JAN2626400CE,0.17862215031967385
21-01-2026 10:35||NIFTY27JAN2624400PE,0.15859266448305254
21-01-2026 10:35||NIFTY27JAN2625100PE,0.1150669310147718
21-01-2026 10:35||NIFTY27JAN2625500CE,0.11922844045259719
21-01-2026 10:35||NIFTY27JAN2625600CE,0.12280199081259947
21-01-2026 10:35||NIFTY27JAN2625800CE,0.1324611096796935
21-01-2026 10:35||NIFTY27JAN2625900CE,0.13971336216434194
21-01-2026 10:40||NIFTY27JAN2624200PE,0.1835426566827255
21-01-2026 10:40||NIFTY27JAN2624800PE,0.14215512374330785
21-01-2026 10:40||NIFTY27JAN2625200CE,0.11086232168391416
21-01-2026 10:40||NIFTY27JAN2625400CE,0.11510831002897028
21-01-2026 10:40||NIFTY27JAN2626300CE,0.175122946726974
21-01-2026 10:45||NIFTY27JAN2624700PE,0.1357813703273165
21-01-2026 10:45||NIFTY27JAN2624800PE,0.12984272987921586
21-01-2026 10:45||NIFTY27JAN2625700CE,0.14171967689927667
21-01-2026 10:45||NIFTY27JAN2626400CE,0.19283060436623212
21-01-2026 10:45||NIFTY27JAN2626500CE,0.20031588834775238
21-01-2026 10:50||NIFTY27JAN2624100PE,0.19489924420426055
21-01-2026 10:50||NIFTY27JAN2624300PE,0.17810655344853804
21-01-2026 10:50||NIFTY27JAN2624400PE,0.16984733958989684
21-01-2026 10:50||NIFTY27JAN2624500PE,0.16241732633846231
21-01-2026 10:50||NIFTY27JAN2625400CE,0.12538164973111668
21-01-2026 10:50||NIFTY27JAN2625700CE,0.14076565099091665
21-01-2026 10:50||NIFTY27JAN2625900CE,0.15454988878328416
21-01-2026 10:50||NIFTY27JAN2626400CE,0.19431736144809253
21-01-2026 10:55||NIFTY27JAN2623900PE,0.21052687498339528
21-01-2026 10:55||NIFTY27JAN2624300PE,0.17226869739001477
21-01-2026 10:55||NIFTY27JAN2624800PE,0.13085139097520326
21-01-2026 10:55||NIFTY27JAN2625000PE,0.11584272353079651
21-01-2026 10:55||NIFTY27JAN2625100PE,0.10957838734635143
21-01-2026 10:55||NIFTY27JAN2625300CE,0.14170566928074357
21-01-2026 10:55||NIFTY27JAN2625900CE,0.16318735605758897
21-01-2026 10:55||NIFTY27JAN2626200CE,0.18451441184020922
21-01-2026 11:00||NIFTY27JAN2624000PE,0.2040754569300193
21-01-2026 11:00||NIFTY27JAN2624300PE,0.1752291992611797
21-01-2026 11:00||NIFTY27JAN2624600PE,0.15054375175821091
21-01-2026 11:00||NIFTY27JAN2624800PE,0.1376140628489324
21-01-2026 11:00||NIFTY27JAN2625100PE,0.12339148651953656
21-01-2026 11:00||NIFTY27JAN2625300CE,0.1340387755820594
21-01-2026 11:05||NIFTY27JAN2624000PE,0.19857299638792783
21-01-2026 11:05||NIFTY27JAN2624100PE,0.1880442629116055
21-01-2026 11:05||NIFTY27JAN2624400PE,0.15996123719892613
21-01-2026 11:05||NIFTY27JAN2625000PE,0.11811340612162
21-01-2026 11:05||NIFTY27JAN2625200CE,0.13822188612170863
21-01-2026 11:10||NIFTY27JAN2624800PE,0.12570120060849813
21-01-2026 11:10||NIFTY27JAN2625200CE,0.13931188612170808
21-01-2026 11:10||NIFTY27JAN2625300CE,0.13947549970067272
21-01-2026 11:10||NIFTY27JAN2625500CE,0.14094142203047422
21-01-2026 11:10||NIFTY27JAN2625900CE,0.1571295720516722
21-01-2026 11:10||NIFTY27JAN2626100CE,0.17023939373750122
21-01-2026 11:15||NIFTY27JAN2624300PE,0.17128175825727138
21-01-2026 11:15||NIFTY27JAN2625100PE,0.10581417513696065
21-01-2026 11:15||NIFTY27JAN2625400CE,0.13932150380737962
21-01-2026 11:20||NIFTY27JAN2623900PE,0.21538280584580347
21-01-2026 11:20||NIFTY27JAN2625800CE,0.1435614677469528
21-01-2026 11:20||NIFTY27JAN2626000CE,0.1558519466460173
21-01-2026 11:20||NIFTY27JAN2626100CE,0.16285014610856177
21-01-2026 11:20||NIFTY27JAN2626400CE,0.1848127654888026
21-01-2026 11:20||NIFTY27JAN2626500CE,0.1926799695529112
21-01-2026 11:25||NIFTY27JAN2624600PE,0.15405774331335634
21-01-2026 11:25||NIFTY27JAN2624800PE,0.13984918666432494
21-01-2026 11:30||NIFTY27JAN2623900PE,0.21602641889123753
21-01-2026 11:30||NIFTY27JAN2624000PE,0.20665746337711782
21-01-2026 11:30||NIFTY27JAN2624100PE,0.19703983752933657
21-01-2026 11:30||NIFTY27JAN2624400PE,0.16910315374649654
21-01-2026 11:30||NIFTY27JAN2625400CE,0.13044513735083185
21-01-2026 11:30||NIFTY27JAN2625800CE,0.1446214749294291
21-01-2026 11:30||NIFTY27JAN2626000CE,0.15776056455572962
21-01-2026 11:30||NIFTY27JAN2626500CE,0.19534491176675262
21-01-2026 11:35||NIFTY27JAN2623900PE,0.21718140608002734
21-01-2026 11:35||NIFTY27JAN2624600PE,0.15304930013171114
21-01-2026 11:35||NIFTY27JAN2626100CE,0.16402030280824595
21-01-2026 11:35||NIFTY27JAN2626300CE,0.17908132170886928
21-01-2026 11:40||NIFTY27JAN2624800PE,0.13629301120876391
21-01-2026 11:40||NIFTY27JAN2625100PE,0.11787408781301108
21-01-2026 11:40||NIFTY27JAN2625200CE,0.1335890076750443
21-01-2026 11:40||NIFTY27JAN2625700CE,0.13951193994608166
21-01-2026 11:45||NIFTY27JAN2624600PE,0.1508135669023808
21-01-2026 11:45||NIFTY27JAN2625100PE,0.11605408781301137
21-01-2026 11:45||NIFTY27JAN2625200CE,0.1332290076750444
21-01-2026 11:45||NIFTY27JAN2625400CE,0.1314256791687797
21-01-2026 11:50||NIFTY27JAN2624000PE,0.20701906953397747
21-01-2026 11:50||NIFTY27JAN2624100PE,0.19678269310162963
21-01-2026 11:50||NIFTY27JAN2624300PE,0.17757022819157842
21-01-2026 11:55||NIFTY27JAN2624000PE,0.2074315708644318
21-01-2026 11:55||NIFTY27JAN2624600PE,0.1514212484840036
21-01-2026 11:55||NIFTY27JAN2624700PE,0.1437835385182514
21-01-2026 11:55||NIFTY27JAN2624900PE,0.129655414462394
21-01-2026 12:00||NIFTY27JAN2624100PE,0.1947942615382038
21-01-2026 12:00||NIFTY27JAN2624200PE,0.18398703433371527
21-01-2026 12:00||NIFTY27JAN2624700PE,0.13706763266148245
21-01-2026 12:00||NIFTY27JAN2624800PE,0.12853436030310408
21-01-2026 12:00||NIFTY27JAN2625600CE,0.13572487206439623
21-01-2026 12:00||NIFTY27JAN2625900CE,0.14738578330269467
21-01-2026 12:05||NIFTY27JAN2623800PE,0.2283844726678617
21-01-2026 12:05||NIFTY27JAN2624100PE,0.19919538316458443
21-01-2026 12:05||NIFTY27JAN2625500CE,0.12475960291561157
21-01-2026 12:05||NIFTY27JAN2626200CE,0.16108105091363337
21-01-2026 12:10||NIFTY27JAN2624100PE,0.194038908387712
21-01-2026 12:10||NIFTY27JAN2624200PE,0.18356831132552526
21-01-2026 12:10||NIFTY27JAN2625000PE,0.11503083797125932
21-01-2026 12:10||NIFTY27JAN2625900CE,0.14303183854203913
21-01-2026 12:10||NIFTY27JAN2626500CE,0.18451907211701388
21-01-2026 12:15||NIFTY27JAN2623800PE,0.2259649444097682
21-01-2026 12:15||NIFTY27JAN2624200PE,0.18535468149822937
21-01-2026 12:15||NIFTY27JAN2625400CE,0.1328681257459
21-01-2026 12:15||NIFTY27JAN2625700CE,0.134207703468575
21-01-2026 12:20||NIFTY27JAN2624200PE,0.19055086122138815
21-01-2026 12:20||NIFTY27JAN2625000PE,0.12068441928605214
21-01-2026 12:20||NIFTY27JAN2625400CE,0.12831555599336644
21-01-2026 12:20||NIFTY27JAN2625600CE,0.1277288360822116
21-01-2026 12:20||NIFTY27JAN2625700CE,0.13023966331553524
21-01-2026 12:20||NIFTY27JAN2626300CE,0.16309907580333008
21-01-2026 12:25||NIFTY27JAN2624000PE,0.21935806581224954
21-01-2026 12:25||NIFTY27JAN2624500PE,0.17297273103725422
21-01-2026 12:25||NIFTY27JAN2624600PE,0.1642485476847468
21-01-2026 12:25||NIFTY27JAN2624700PE,0.15655623600881927
21-01-2026 12:25||NIFTY27JAN2625700CE,0.12216646996795118
21-01-2026 12:25||NIFTY27JAN2626500CE,0.1765679723008232
21-01-2026 12:30||NIFTY27JAN2624100PE,0.20467985762168286
21-01-2026 12:30||NIFTY27JAN2624200PE,0.19470933170855986
21-01-2026 12:30||NIFTY27JAN2625300CE,0.13767911398035584
21-01-2026 12:30||NIFTY27JAN2625800CE,0.13498680734072996
21-01-2026 12:35||NIFTY27JAN2624000PE,0.2145841878600501
21-01-2026 12:35||NIFTY27JAN2624100PE,0.20458418137328652
21-01-2026 12:35||NIFTY27JAN2625600CE,0.131446565560094
21-01-2026 12:35||NIFTY27JAN2626400CE,0.16727091631326116
21-01-2026 12:40||NIFTY27JAN2624500PE,0.17488470146413737
21-01-2026 12:40||NIFTY27JAN2624700PE,0.1576622481660024
21-01-2026 12:40||NIFTY27JAN2624800PE,0.1495480997887623
21-01-2026 12:40||NIFTY27JAN2625200CE,0.1347822644751368
21-01-2026 12:40||NIFTY27JAN2625400CE,0.12760450050056363
21-01-2026 12:40||NIFTY27JAN2625900CE,0.1325690234269683
21-01-2026 12:45||NIFTY27JAN2623800PE,0.2440663798056277
21-01-2026 12:45||NIFTY27JAN2624400PE,0.18682648524634676
21-01-2026 12:45||NIFTY27JAN2625300CE,0.14162950577810154
21-01-2026 12:45||NIFTY27JAN2625800CE,0.13070311023634246
21-01-2026 12:45||NIFTY27JAN2626200CE,0.14748443637093128
21-01-2026 12:50||NIFTY27JAN2623800PE,0.24815081121853363
21-01-2026 12:50||NIFTY27JAN2624100PE,0.21961940195600993
21-01-2026 12:50||NIFTY27JAN2625200CE,0.15072953207834677
21-01-2026 12:50||NIFTY27JAN2625500CE,0.1325488606071193
21-01-2026 12:50||NIFTY27JAN2625600CE,0.13029760276865854
21-01-2026 12:55||NIFTY27JAN2625300CE,0.13456099740311295
21-01-2026 12:55||NIFTY27JAN2625400CE,0.1285812872019222
21-01-2026 12:55||NIFTY27JAN2625600CE,0.12442220489095003
21-01-2026 12:55||NIFTY27JAN2625700CE,0.12502329630903666
21-01-2026 12:55||NIFTY27JAN2625800CE,0.12732639496930162
21-01-2026 12:55||NIFTY27JAN2625900CE,0.13049076109135388
21-01-2026 12:55||NIFTY27JAN2626500CE,0.16523658778551867
21-01-2026 13:00||NIFTY27JAN2624600PE,0.17504416542120246
21-01-2026 13:00||NIFTY27JAN2624700PE,0.16644889595708762
21-01-2026 13:00||NIFTY27JAN2626100CE,0.13954294994903774
21-01-2026 13:05||NIFTY27JAN2623800PE,0.2520731853464833
21-01-2026 13:05||NIFTY27JAN2623900PE,0.242360059624081
21-01-2026 13:05||NIFTY27JAN2624100PE,0.22406755722585872
21-01-2026 13:05||NIFTY27JAN2625600CE,0.11602288176590965
21-01-2026 13:05||NIFTY27JAN2626300CE,0.1497666185891599
21-01-2026 13:05||NIFTY27JAN2626400CE,0.15657353917050018
21-01-2026 13:10||NIFTY27JAN2625800CE,0.13007320762749
21-01-2026 13:10||NIFTY27JAN2626200CE,0.1487522339507659
21-01-2026 13:15||NIFTY27JAN2624400PE,0.18877313436876716
21-01-2026 13:15||NIFTY27JAN2625400CE,0.12600642480061428
21-01-2026 13:15||NIFTY27JAN2625800CE,0.12674165706525312
21-01-2026 13:20||NIFTY27JAN2623800PE,0.2469705707474318
21-01-2026 13:20||NIFTY27JAN2623900PE,0.23725791096164484
21-01-2026 13:20||NIFTY27JAN2624600PE,0.17241344448878484
21-01-2026 13:20||NIFTY27JAN2624800PE,0.15623179300591533
21-01-2026 13:20||NIFTY27JAN2625400CE,0.12278190238373583
21-01-2026 13:20||NIFTY27JAN2626200CE,0.1476394702331073
21-01-2026 13:25||NIFTY27JAN2624200PE,0.20457646476577174
21-01-2026 13:25||NIFTY27JAN2624300PE,0.1949547198709272
21-01-2026 13:25||NIFTY27JAN2624900PE,0.14363369568173498
21-01-2026 13:25||NIFTY27JAN2625000PE,0.13686727125775358
21-01-2026 13:25||NIFTY27JAN2625200CE,0.1344890076750442
21-01-2026 13:25||NIFTY27JAN2625700CE,0.1264139044289719
21-01-2026 13:25||NIFTY27JAN2626000CE,0.13820759093825472
21-01-2026 13:25||NIFTY27JAN2626300CE,0.1575476297780252
21-01-2026 13:30||NIFTY27JAN2624000PE,0.22841607024720345
21-01-2026 13:30||NIFTY27JAN2624400PE,0.1912342118124769
21-01-2026 13:30||NIFTY27JAN2625200CE,0.11461515437418567
21-01-2026 13:30||NIFTY27JAN2625300CE,0.11413168678078744
21-01-2026 13:30||NIFTY27JAN2625800CE,0.12290012079996052
21-01-2026 13:30||NIFTY27JAN2626200CE,0.14727368345338435
21-01-2026 13:30||NIFTY27JAN2626300CE,0.15513662304881207
21-01-2026 13:35||NIFTY27JAN2623800PE,0.23689767907516096
21-01-2026 13:35||NIFTY27JAN2624000PE,0.218040205785419
21-01-2026 13:35||NIFTY27JAN2624700PE,0.15375030981152482
21-01-2026 13:35||NIFTY27JAN2624800PE,0.14495020481882195
21-01-2026 13:35||NIFTY27JAN2625800CE,0.13418799939892295
21-01-2026 13:35||NIFTY27JAN2626300CE,0.16069238211927653
21-01-2026 13:40||NIFTY27JAN2624600PE,0.16727854355004224
21-01-2026 13:40||NIFTY27JAN2624800PE,0.15129878584745607
21-01-2026 13:40||NIFTY27JAN2625300CE,0.12811850914946218
21-01-2026 13:40||NIFTY27JAN2625800CE,0.12972006125420968
21-01-2026 13:40||NIFTY27JAN2626200CE,0.15139346048106728
21-01-2026 13:45||NIFTY27JAN2624800PE,0.15066338581918695
21-01-2026 13:45||NIFTY27JAN2625400CE,0.1252588765250511
21-01-2026 13:45||NIFTY27JAN2625900CE,0.1333080852024024
21-01-2026 13:50||NIFTY27JAN2625100PE,0.13499514411407035
21-01-2026 13:50||NIFTY27JAN2626100CE,0.1454325661874445
21-01-2026 13:55||NIFTY27JAN2624300PE,0.1929388582584888
21-01-2026 13:55||NIFTY27JAN2624400PE,0.1834074979272226
21-01-2026 13:55||NIFTY27JAN2625500CE,0.12175659741026347
21-01-2026 13:55||NIFTY27JAN2625700CE,0.1261542063278965
21-01-2026 14:00||NIFTY27JAN2623800PE,0.23329791096164643
21-01-2026 14:00||NIFTY27JAN2624200PE,0.19573715043096723
21-01-2026 14:00||NIFTY27JAN2624600PE,0.1604527240622574
21-01-2026 14:00||NIFTY27JAN2625000PE,0.13281736464585947
21-01-2026 14:00||NIFTY27JAN2625200CE,0.13251069842525762
21-01-2026 14:05||NIFTY27JAN2624500PE,0.16970851471704795
21-01-2026 14:05||NIFTY27JAN2625000PE,0.13588052388654503
21-01-2026 14:05||NIFTY27JAN2625400CE,0.11957000927917198
21-01-2026 14:05||NIFTY27JAN2626100CE,0.14529253620803875
21-01-2026 14:05||NIFTY27JAN2626500CE,0.1776429679427619
21-01-2026 14:10||NIFTY27JAN2624000PE,0.21167859653000404
21-01-2026 14:10||NIFTY27JAN2624100PE,0.20230872567420424
21-01-2026 14:10||NIFTY27JAN2624400PE,0.1749033253749619
21-01-2026 14:10||NIFTY27JAN2624500PE,0.16631507152195224
21-01-2026 14:10||NIFTY27JAN2625000PE,0.13242797020877006
21-01-2026 14:10||NIFTY27JAN2625200CE,0.12337032799448094
21-01-2026 14:10||NIFTY27JAN2626000CE,0.1408869664335639
21-01-2026 14:10||NIFTY27JAN2626400CE,0.17143492161434165
21-01-2026 14:10||NIFTY27JAN2626500CE,0.17922963460942964
21-01-2026 14:15||NIFTY27JAN2624700PE,0.14193203665164297
21-01-2026 14:15||NIFTY27JAN2625400CE,0.1315673573003877
21-01-2026 14:15||NIFTY27JAN2625800CE,0.13373692971565068
21-01-2026 14:15||NIFTY27JAN2626100CE,0.14830249984199026
21-01-2026 14:20||NIFTY27JAN2624000PE,0.2154336959237361
21-01-2026 14:20||NIFTY27JAN2624300PE,0.18755550569276008
21-01-2026 14:20||NIFTY27JAN2624700PE,0.15542474171355344
21-01-2026 14:20||NIFTY27JAN2625200CE,0.1133016242718577
21-01-2026 14:20||NIFTY27JAN2625600CE,0.11593232790285389
21-01-2026 14:20||NIFTY27JAN2626100CE,0.14208050799242952
21-01-2026 14:20||NIFTY27JAN2626500CE,0.17321395824714275
21-01-2026 14:25||NIFTY27JAN2623900PE,0.22099006734907944
21-01-2026 14:25||NIFTY27JAN2624800PE,0.1481082373821181
21-01-2026 14:25||NIFTY27JAN2624900PE,0.1427567458086145
21-01-2026 14:25||NIFTY27JAN2625100PE,0.1336951441140707
21-01-2026 14:25||NIFTY27JAN2626500CE,0.17786729158047637
21-01-2026 14:30||NIFTY27JAN2624500PE,0.1590977266361671
21-01-2026 14:30||NIFTY27JAN2624600PE,0.1501117376907408
21-01-2026 14:30||NIFTY27JAN2624800PE,0.1341087652181674
21-01-2026 14:30||NIFTY27JAN2625200CE,0.1333230834925636
21-01-2026 14:30||NIFTY27JAN2625300CE,0.13147458989621785
21-01-2026 14:30||NIFTY27JAN2626300CE,0.16349451980405003
21-01-2026 14:35||NIFTY27JAN2624200PE,0.18810138286540254
21-01-2026 14:35||NIFTY27JAN2624700PE,0.14482952477327934
21-01-2026 14:35||NIFTY27JAN2624800PE,0.13790356949385085
21-01-2026 14:35||NIFTY27JAN2625100PE,0.11940815999512754
21-01-2026 14:35||NIFTY27JAN2625200CE,0.12925180314657608
21-01-2026 14:35||NIFTY27JAN2625800CE,0.13163115183194687
21-01-2026 14:35||NIFTY27JAN2626100CE,0.14777051141633232
21-01-2026 14:40||NIFTY27JAN2624000PE,0.20854878754389178
21-01-2026 14:40||NIFTY27JAN2624200PE,0.18984712707607573
21-01-2026 14:40||NIFTY27JAN2624500PE,0.1643135882364901
21-01-2026 14:40||NIFTY27JAN2624600PE,0.1566109291944631
21-01-2026 14:40||NIFTY27JAN2624700PE,0.14940297561912239
21-01-2026 14:40||NIFTY27JAN2625100PE,0.126746776253386
21-01-2026 14:40||NIFTY27JAN2625200CE,0.12034824858670375
21-01-2026 14:40||NIFTY27JAN2625400CE,0.11807992621152101
21-01-2026 14:40||NIFTY27JAN2625800CE,0.12819907987494997
21-01-2026 14:40||NIFTY27JAN2626200CE,0.1527732765855483
21-01-2026 14:45||NIFTY27JAN2624500PE,0.1615982159387239
21-01-2026 14:45||NIFTY27JAN2625400CE,0.1215734696071488
21-01-2026 14:45||NIFTY27JAN2625900CE,0.1346298601624675
21-01-2026 14:45||NIFTY27JAN2626100CE,0.14678972505524482
21-01-2026 14:50||NIFTY27JAN2623900PE,0.2137534728942143
21-01-2026 14:50||NIFTY27JAN2624900PE,0.13471689471304496
21-01-2026 14:50||NIFTY27JAN2625200CE,0.11785515437418552
21-01-2026 14:50||NIFTY27JAN2625300CE,0.11737588093668468
21-01-2026 14:50||NIFTY27JAN2625500CE,0.11855919506799008
21-01-2026 14:50||NIFTY27JAN2625800CE,0.12738263209453343
21-01-2026 14:50||NIFTY27JAN2626300CE,0.1593842081968516
21-01-2026 14:55||NIFTY27JAN2624200PE,0.18700712156636068
21-01-2026 14:55||NIFTY27JAN2625300CE,0.11989653344044411
21-01-2026 14:55||NIFTY27JAN2625700CE,0.12360231550351551
21-01-2026 14:55||NIFTY27JAN2626100CE,0.14495748624691937
21-01-2026 15:00||NIFTY27JAN2623900PE,0.2143963603208324
21-01-2026 15:00||NIFTY27JAN2624100PE,0.1943493673106118
21-01-2026 15:00||NIFTY27JAN2624500PE,0.15694549933099117
21-01-2026 15:00||NIFTY27JAN2624800PE,0.13341446666689488
21-01-2026 15:00||NIFTY27JAN2625000PE,0.12074595977538558
21-01-2026 15:00||NIFTY27JAN2625200CE,0.13060069842525843
21-01-2026 15:00||NIFTY27JAN2625300CE,0.127979119511033
21-01-2026 15:00||NIFTY27JAN2625600CE,0.124713739741936
21-01-2026 15:00||NIFTY27JAN2626400CE,0.1668637021435285
21-01-2026 15:05||NIFTY27JAN2624300PE,0.17893456775917504
21-01-2026 15:05||NIFTY27JAN2625100PE,0.12787794407349137
21-01-2026 15:05||NIFTY27JAN2626200CE,0.14973667747868505
21-01-2026 15:10||NIFTY27JAN2624300PE,0.17956247536753656
21-01-2026 15:10||NIFTY27JAN2624500PE,0.16286720609510785
21-01-2026 15:10||NIFTY27JAN2624600PE,0.15545466858893137
21-01-2026 15:10||NIFTY27JAN2625700CE,0.11990261417207358
21-01-2026 15:10||NIFTY27JAN2625800CE,0.12446580867178414
21-01-2026 15:10||NIFTY27JAN2625900CE,0.1298721206958914
21-01-2026 15:10||NIFTY27JAN2626500CE,0.1763324054503473
21-01-2026 15:15||NIFTY27JAN2624200PE,0.18640768015523113
21-01-2026 15:15||NIFTY27JAN2624300PE,0.1772346578563514
21-01-2026 15:15||NIFTY27JAN2624800PE,0.13925224076907208
21-01-2026 15:15||NIFTY27JAN2624900PE,0.13362206202198054
21-01-2026 15:15||NIFTY27JAN2625200CE,0.11824085178624218
21-01-2026 15:15||NIFTY27JAN2625300CE,0.11700782856441064
21-01-2026 15:15||NIFTY27JAN2625600CE,0.11912497367836958
21-01-2026 15:15||NIFTY27JAN2625700CE,0.12192944957977113
21-01-2026 15:15||NIFTY27JAN2625900CE,0.13076810707785405
21-01-2026 15:15||NIFTY27JAN2626200CE,0.1519561515114822
21-01-2026 15:20||NIFTY27JAN2623800PE,0.22354113933452727
21-01-2026 15:20||NIFTY27JAN2624800PE,0.14028926343922601
21-01-2026 15:20||NIFTY27JAN2625100PE,0.12747554727302976
21-01-2026 15:20||NIFTY27JAN2625400CE,0.1120845703720311
21-01-2026 15:20||NIFTY27JAN2625600CE,0.11497631444404485
21-01-2026 15:25||NIFTY27JAN2623800PE,0.221364472667861
21-01-2026 15:25||NIFTY27JAN2624200PE,0.18118869811218977
21-01-2026 15:25||NIFTY27JAN2624500PE,0.15342547460409667
21-01-2026 15:25||NIFTY27JAN2624800PE,0.13019572492419304
21-01-2026 15:25||NIFTY27JAN2625100PE,0.1146969310147716
21-01-2026 15:25||NIFTY27JAN2626200CE,0.15052945901190312
22-01-2026 09:15||NIFTY27JAN2623800PE,0.24698390408076568
22-01-2026 09:15||NIFTY27JAN2625100PE,0.12593554727302989
22-01-2026 09:15||NIFTY27JAN2625300CE,0.10471083129301625
22-01-2026 09:20||NIFTY27JAN2623900PE,0.23299734911673126
22-01-2026 09:20||NIFTY27JAN2624000PE,0.22240707194861334
22-01-2026 09:20||NIFTY27JAN2624300PE,0.18864661284737086
22-01-2026 09:20||NIFTY27JAN2624500PE,0.16711171521921517
22-01-2026 09:20||NIFTY27JAN2624800PE,0.13931168453334605
22-01-2026 09:20||NIFTY27JAN2625200CE,0.11594085178624193
22-01-2026 09:20||NIFTY27JAN2626300CE,0.15090140646911612
22-01-2026 09:25||NIFTY27JAN2624700PE,0.14437239729769968
22-01-2026 09:25||NIFTY27JAN2625000PE,0.11784395725019856
22-01-2026 09:25||NIFTY27JAN2625200CE,0.14627899141525044
22-01-2026 09:25||NIFTY27JAN2625500CE,0.12641555482786496
22-01-2026 09:25||NIFTY27JAN2625600CE,0.12330884472041614
22-01-2026 09:25||NIFTY27JAN2626200CE,0.14437113814944563
22-01-2026 09:30||NIFTY27JAN2624600PE,0.20230279237469226
22-01-2026 09:30||NIFTY27JAN2624800PE,0.1727314602033638
22-01-2026 09:30||NIFTY27JAN2624900PE,0.15972325697555365
22-01-2026 09:30||NIFTY27JAN2625100PE,0.132401810780738
22-01-2026 09:30||NIFTY27JAN2625500CE,0.11611440091260797
22-01-2026 09:30||NIFTY27JAN2625800CE,0.11900387734768009
22-01-2026 09:30||NIFTY27JAN2626000CE,0.12939139318505205
22-01-2026 09:30||NIFTY27JAN2626300CE,0.15128207467489466
22-01-2026 09:35||NIFTY27JAN2624100PE,0.27915465726271327
22-01-2026 09:40||NIFTY27JAN2624100PE,0.2673568817663603
22-01-2026 09:40||NIFTY27JAN2624500PE,0.21782998873257273
22-01-2026 09:40||NIFTY27JAN2626000CE,0.13182228857025366
22-01-2026 09:40||NIFTY27JAN2626200CE,0.14561819144713506
22-01-2026 09:45||NIFTY27JAN2623900PE,0.279303837087217
22-01-2026 09:45||NIFTY27JAN2624200PE,0.24681979845711616
22-01-2026 09:50||NIFTY27JAN2623900PE,0.27403856998151405
22-01-2026 09:50||NIFTY27JAN2624100PE,0.2538805003868285
22-01-2026 09:50||NIFTY27JAN2624900PE,0.16393650207605256
22-01-2026 09:50||NIFTY27JAN2625000PE,0.1539965532284265
22-01-2026 09:50||NIFTY27JAN2625600CE,0.10735414290830446
22-01-2026 09:50||NIFTY27JAN2625800CE,0.11413748121288597
22-01-2026 09:50||NIFTY27JAN2625900CE,0.11997999361389629
22-01-2026 09:50||NIFTY27JAN2626300CE,0.14731036307317696
22-01-2026 09:50||NIFTY27JAN2626500CE,0.16272906012023097
22-01-2026 09:55||NIFTY27JAN2624700PE,0.16503853273681413
22-01-2026 09:55||NIFTY27JAN2624800PE,0.1546367590043304
22-01-2026 09:55||NIFTY27JAN2624900PE,0.14444558424413076
22-01-2026 09:55||NIFTY27JAN2625200CE,0.13614201028293307
22-01-2026 09:55||NIFTY27JAN2625500CE,0.12015166781018612
22-01-2026 10:00||NIFTY27JAN2624200PE,0.21922644667393934
22-01-2026 10:00||NIFTY27JAN2624700PE,0.16356307104922008
22-01-2026 10:00||NIFTY27JAN2625100PE,0.1300323298411099
22-01-2026 10:00||NIFTY27JAN2625400CE,0.10390117274459307
22-01-2026 10:00||NIFTY27JAN2625600CE,0.10471476413714273
22-01-2026 10:00||NIFTY27JAN2626100CE,0.1274637433359784
22-01-2026 10:00||NIFTY27JAN2626500CE,0.1589593304008812
22-01-2026 10:05||NIFTY27JAN2624500PE,0.18517395728432137
22-01-2026 10:05||NIFTY27JAN2624800PE,0.15308202138654708
22-01-2026 10:05||NIFTY27JAN2625000PE,0.13572213317192933
22-01-2026 10:05||NIFTY27JAN2625400CE,0.10956800427843423
22-01-2026 10:05||NIFTY27JAN2625700CE,0.10981376396137
22-01-2026 10:05||NIFTY27JAN2625800CE,0.1131383825422962
22-01-2026 10:05||NIFTY27JAN2626100CE,0.12943424912064413
22-01-2026 10:05||NIFTY27JAN2626400CE,0.15291874037137934
22-01-2026 10:10||NIFTY27JAN2623800PE,0.25803382584306467
22-01-2026 10:10||NIFTY27JAN2624200PE,0.214190339784967
22-01-2026 10:10||NIFTY27JAN2624300PE,0.20378727681872413
22-01-2026 10:10||NIFTY27JAN2624500PE,0.18114627869803843
22-01-2026 10:10||NIFTY27JAN2624800PE,0.1486562164231699
22-01-2026 10:10||NIFTY27JAN2625300CE,0.1277575424703608
22-01-2026 10:10||NIFTY27JAN2625500CE,0.11691812590728508
22-01-2026 10:10||NIFTY27JAN2626200CE,0.1419754459346943
22-01-2026 10:10||NIFTY27JAN2626300CE,0.14937741922788556
22-01-2026 10:15||NIFTY27JAN2623900PE,0.2483986493733342
22-01-2026 10:15||NIFTY27JAN2624400PE,0.198605952888461
22-01-2026 10:15||NIFTY27JAN2625000PE,0.13963693671473446
22-01-2026 10:15||NIFTY27JAN2625300CE,0.09802149654304598
22-01-2026 10:15||NIFTY27JAN2625400CE,0.0974990371875233
22-01-2026 10:20||NIFTY27JAN2624000PE,0.22505052613315293
22-01-2026 10:20||NIFTY27JAN2625000PE,0.12430512256859924
22-01-2026 10:20||NIFTY27JAN2625100PE,0.11707496902908818
22-01-2026 10:20||NIFTY27JAN2625400CE,0.12182752189452176
22-01-2026 10:20||NIFTY27JAN2625500CE,0.11862823018468523
22-01-2026 10:20||NIFTY27JAN2625600CE,0.11740509096012838
22-01-2026 10:20||NIFTY27JAN2625900CE,0.12474490255462292
22-01-2026 10:25||NIFTY27JAN2623900PE,0.2290991854262225
22-01-2026 10:25||NIFTY27JAN2624000PE,0.21880178930282437
22-01-2026 10:25||NIFTY27JAN2624200PE,0.19931902039380672
22-01-2026 10:25||NIFTY27JAN2625100PE,0.12947358528734762
22-01-2026 10:25||NIFTY27JAN2625900CE,0.11820860002619574
22-01-2026 10:25||NIFTY27JAN2626300CE,0.1492943243003646
22-01-2026 10:30||NIFTY27JAN2624300PE,0.183158778967244
22-01-2026 10:30||NIFTY27JAN2625800CE,0.12538817183368264
22-01-2026 10:30||NIFTY27JAN2626100CE,0.14359815369084875
22-01-2026 10:35||NIFTY27JAN2625100PE,0.12422408781301116
22-01-2026 10:35||NIFTY27JAN2625200CE,0.09905935117332129
22-01-2026 10:35||NIFTY27JAN2625300CE,0.09921584771990348
22-01-2026 10:35||NIFTY27JAN2625400CE,0.10214245644353859
22-01-2026 10:35||NIFTY27JAN2625800CE,0.11625382865663778
22-01-2026 10:40||NIFTY27JAN2624300PE,0.18298777108913952
22-01-2026 10:40||NIFTY27JAN2624600PE,0.1538375988668655
22-01-2026 10:40||NIFTY27JAN2625000PE,0.12376164192756975
22-01-2026 10:40||NIFTY27JAN2625800CE,0.12074232454356956
22-01-2026 10:40||NIFTY27JAN2625900CE,0.12657428766210566
22-01-2026 10:40||NIFTY27JAN2626000CE,0.1340648013927086
22-01-2026 10:45||NIFTY27JAN2623900PE,0.2265030187155567
22-01-2026 10:45||NIFTY27JAN2625000PE,0.12668741481388143
22-01-2026 10:45||NIFTY27JAN2625400CE,0.1108541471915097
22-01-2026 10:45||NIFTY27JAN2625500CE,0.11109875876826836
22-01-2026 10:45||NIFTY27JAN2625700CE,0.11635198394711548
22-01-2026 10:45||NIFTY27JAN2625900CE,0.12656062269712387
22-01-2026 10:45||NIFTY27JAN2626400CE,0.1662916445821674
22-01-2026 10:45||NIFTY27JAN2626500CE,0.1758981525790985
22-01-2026 10:50||NIFTY27JAN2623900PE,0.22544625020650147
22-01-2026 10:50||NIFTY27JAN2624400PE,0.1738527206421846
22-01-2026 10:50||NIFTY27JAN2624500PE,0.16392337728776563
22-01-2026 10:50||NIFTY27JAN2624600PE,0.1546008359502534
22-01-2026 10:50||NIFTY27JAN2624900PE,0.13095900694296322
22-01-2026 10:50||NIFTY27JAN2625000PE,0.12496683544478857
22-01-2026 10:50||NIFTY27JAN2625300CE,0.11697809757341124
22-01-2026 10:50||NIFTY27JAN2625700CE,0.11963344584430384
22-01-2026 10:50||NIFTY27JAN2625900CE,0.12948144785439575
22-01-2026 10:50||NIFTY27JAN2626000CE,0.13735209434628393
22-01-2026 10:50||NIFTY27JAN2626300CE,0.16070186999240546
22-01-2026 10:55||NIFTY27JAN2624000PE,0.21942691247994398
22-01-2026 10:55||NIFTY27JAN2624200PE,0.1994490192213056
22-01-2026 10:55||NIFTY27JAN2624600PE,0.16403027845054483
22-01-2026 10:55||NIFTY27JAN2625900CE,0.12718837130029592
22-01-2026 11:00||NIFTY27JAN2624400PE,0.17401535456070005
22-01-2026 11:00||NIFTY27JAN2624800PE,0.1407505552499258
22-01-2026 11:00||NIFTY27JAN2626300CE,0.1640203303954016
22-01-2026 11:05||NIFTY27JAN2624500PE,0.16338040401597578
22-01-2026 11:05||NIFTY27JAN2624800PE,0.13890986793731402
22-01-2026 11:05||NIFTY27JAN2625500CE,0.12033542538257319
22-01-2026 11:05||NIFTY27JAN2625600CE,0.12267065087941263
22-01-2026 11:05||NIFTY27JAN2625900CE,0.13619241069425086
22-01-2026 11:05||NIFTY27JAN2626200CE,0.158305305148341
22-01-2026 11:10||NIFTY27JAN2623800PE,0.23324863145611424
22-01-2026 11:10||NIFTY27JAN2624300PE,0.1840508475206212
22-01-2026 11:10||NIFTY27JAN2624600PE,0.1586797577972164
22-01-2026 11:10||NIFTY27JAN2624700PE,0.15057919324360836
22-01-2026 11:10||NIFTY27JAN2625000PE,0.13011060951216327
22-01-2026 11:10||NIFTY27JAN2625100PE,0.12438458318686177
22-01-2026 11:10||NIFTY27JAN2625400CE,0.11560582350709529
22-01-2026 11:10||NIFTY27JAN2625800CE,0.1285762688653274
22-01-2026 11:10||NIFTY27JAN2626100CE,0.1487398479181948
22-01-2026 11:15||NIFTY27JAN2623900PE,0.22215914061039022
22-01-2026 11:15||NIFTY27JAN2624300PE,0.1827735603208888
22-01-2026 11:15||NIFTY27JAN2625600CE,0.12004230412303976
22-01-2026 11:15||NIFTY27JAN2625800CE,0.12912616629348886
22-01-2026 11:15||NIFTY27JAN2626100CE,0.14973346628766002
22-01-2026 11:15||NIFTY27JAN2626200CE,0.1574292876446852
22-01-2026 11:15||NIFTY27JAN2626400CE,0.17312865115753226
22-01-2026 11:15||NIFTY27JAN2626500CE,0.18230742244530332
22-01-2026 11:20||NIFTY27JAN2623900PE,0.21879423370494377
22-01-2026 11:20||NIFTY27JAN2624700PE,0.1408129060124041
22-01-2026 11:20||NIFTY27JAN2624800PE,0.13338579330163167
22-01-2026 11:20||NIFTY27JAN2625600CE,0.12733931411765534
22-01-2026 11:20||NIFTY27JAN2625900CE,0.13845283224407343
22-01-2026 11:25||NIFTY27JAN2623800PE,0.2355519647894449
22-01-2026 11:25||NIFTY27JAN2623900PE,0.22554665957852094
22-01-2026 11:25||NIFTY27JAN2624000PE,0.2162772792239798
22-01-2026 11:25||NIFTY27JAN2624500PE,0.16786163839399715
22-01-2026 11:25||NIFTY27JAN2624600PE,0.15857570601861035
22-01-2026 11:25||NIFTY27JAN2625800CE,0.12410510696556305
22-01-2026 11:25||NIFTY27JAN2625900CE,0.13007058648323622
22-01-2026 11:25||NIFTY27JAN2626500CE,0.17674262864423196
22-01-2026 11:30||NIFTY27JAN2624300PE,0.17980736570472142
22-01-2026 11:30||NIFTY27JAN2625800CE,0.1310144379707878
22-01-2026 11:30||NIFTY27JAN2626000CE,0.14288112782991425
22-01-2026 11:35||NIFTY27JAN2624200PE,0.1926349022121723
22-01-2026 11:35||NIFTY27JAN2625500CE,0.11586953705758642
22-01-2026 11:35||NIFTY27JAN2625900CE,0.13298750032178708
22-01-2026 11:40||NIFTY27JAN2624200PE,0.19278466820280718
22-01-2026 11:40||NIFTY27JAN2624700PE,0.150246889835293
22-01-2026 11:40||NIFTY27JAN2625200CE,0.11061971848437593
22-01-2026 11:40||NIFTY27JAN2626300CE,0.16741482439694585
22-01-2026 11:45||NIFTY27JAN2623900PE,0.217882698152612
22-01-2026 11:45||NIFTY27JAN2624400PE,0.16758347475920454
22-01-2026 11:45||NIFTY27JAN2625000PE,0.1234797487789939
22-01-2026 11:45||NIFTY27JAN2626500CE,0.1873413056341565
22-01-2026 11:50||NIFTY27JAN2624500PE,0.16373462677569967
22-01-2026 11:50||NIFTY27JAN2624800PE,0.14168826439561552
22-01-2026 11:50||NIFTY27JAN2625200CE,0.11971373275925981
22-01-2026 11:50||NIFTY27JAN2625700CE,0.12688069898028193
22-01-2026 11:50||NIFTY27JAN2626200CE,0.16043255047618415
22-01-2026 11:50||NIFTY27JAN2626300CE,0.16819204381616792
22-01-2026 11:55||NIFTY27JAN2624000PE,0.20943690539662457
22-01-2026 11:55||NIFTY27JAN2625000PE,0.13199931500940565
22-01-2026 12:00||NIFTY27JAN2623800PE,0.22794689009122052
22-01-2026 12:00||NIFTY27JAN2624300PE,0.17593332830710165
22-01-2026 12:00||NIFTY27JAN2625600CE,0.13167489740146285
22-01-2026 12:00||NIFTY27JAN2625700CE,0.13456114012173762
22-01-2026 12:00||NIFTY27JAN2626100CE,0.15890853708421634
22-01-2026 12:00||NIFTY27JAN2626400CE,0.1835792443681932
22-01-2026 12:05||NIFTY27JAN2624300PE,0.17912247807309048
22-01-2026 12:05||NIFTY27JAN2625600CE,0.12651939989072777
22-01-2026 12:05||NIFTY27JAN2625700CE,0.12972846160059107
22-01-2026 12:05||NIFTY27JAN2626000CE,0.1468151335772268
22-01-2026 12:05||NIFTY27JAN2626300CE,0.16980061651126846
22-01-2026 12:10||NIFTY27JAN2624000PE,0.20850058678931704
22-01-2026 12:10||NIFTY27JAN2624500PE,0.15917653360458323
22-01-2026 12:10||NIFTY27JAN2625500CE,0.12342779274328787
22-01-2026 12:10||NIFTY27JAN2625800CE,0.13301614826415203
22-01-2026 12:10||NIFTY27JAN2626100CE,0.15282214863738472
22-01-2026 12:15||NIFTY27JAN2623800PE,0.22879209409133924
22-01-2026 12:15||NIFTY27JAN2624000PE,0.20740640300172197
22-01-2026 12:15||NIFTY27JAN2624500PE,0.1576212917949214
22-01-2026 12:15||NIFTY27JAN2626100CE,0.1533079846176771
22-01-2026 12:15||NIFTY27JAN2626400CE,0.17680202963621652
22-01-2026 12:15||NIFTY27JAN2626500CE,0.18589527958816068
22-01-2026 12:20||NIFTY27JAN2624800PE,0.14482697175872014
22-01-2026 12:20||NIFTY27JAN2624900PE,0.13919096579601922
22-01-2026 12:20||NIFTY27JAN2625900CE,0.1308612487595461
22-01-2026 12:20||NIFTY27JAN2626000CE,0.13880046333526186
22-01-2026 12:20||NIFTY27JAN2626500CE,0.1800290891119695
22-01-2026 12:25||NIFTY27JAN2623900PE,0.2203030387992063
22-01-2026 12:25||NIFTY27JAN2624200PE,0.18843903374791546
22-01-2026 12:25||NIFTY27JAN2624700PE,0.14217098739901812
22-01-2026 12:25||NIFTY27JAN2624800PE,0.13508303850045986
22-01-2026 12:25||NIFTY27JAN2625300CE,0.1265141858205725
22-01-2026 12:30||NIFTY27JAN2624200PE,0.18897668065303116
22-01-2026 12:30||NIFTY27JAN2624400PE,0.16944406506571352
22-01-2026 12:30||NIFTY27JAN2624500PE,0.15985133072690622
22-01-2026 12:30||NIFTY27JAN2625100PE,0.11594458318686243
22-01-2026 12:30||NIFTY27JAN2625700CE,0.12517411957789285
22-01-2026 12:30||NIFTY27JAN2625800CE,0.12912630185288357
22-01-2026 12:30||NIFTY27JAN2625900CE,0.1348769035345959
22-01-2026 12:30||NIFTY27JAN2626400CE,0.1727239031621248
22-01-2026 12:35||NIFTY27JAN2623800PE,0.2332778060011951
22-01-2026 12:35||NIFTY27JAN2624400PE,0.17194963796198726
22-01-2026 12:35||NIFTY27JAN2626100CE,0.14639475218904446
22-01-2026 12:35||NIFTY27JAN2626300CE,0.16347999678400912
22-01-2026 12:40||NIFTY27JAN2624100PE,0.19821150351341413
22-01-2026 12:40||NIFTY27JAN2626200CE,0.15792331936967258
22-01-2026 12:45||NIFTY27JAN2624700PE,0.14323369777550424
22-01-2026 12:45||NIFTY27JAN2624900PE,0.12984380976538215
22-01-2026 12:45||NIFTY27JAN2625200CE,0.11578799949796911
22-01-2026 12:45||NIFTY27JAN2625700CE,0.12056518753368112
22-01-2026 12:45||NIFTY27JAN2625800CE,0.12551977706554332
22-01-2026 12:45||NIFTY27JAN2626000CE,0.1377375344493712
22-01-2026 12:45||NIFTY27JAN2626100CE,0.1448467796969737
22-01-2026 12:45||NIFTY27JAN2626200CE,0.15295590478665516
22-01-2026 12:45||NIFTY27JAN2626300CE,0.16129578484858956
22-01-2026 12:45||NIFTY27JAN2626400CE,0.17098523971823185
22-01-2026 12:50||NIFTY27JAN2624200PE,0.18901533405676404
22-01-2026 12:50||NIFTY27JAN2624300PE,0.1792901296248294
22-01-2026 12:50||NIFTY27JAN2624900PE,0.132286082774516
22-01-2026 12:50||NIFTY27JAN2625900CE,0.131791723974241
22-01-2026 12:50||NIFTY27JAN2626200CE,0.15496208988004795
22-01-2026 12:50||NIFTY27JAN2626300CE,0.1632906227740535
22-01-2026 12:55||NIFTY27JAN2624400PE,0.1644659538482531
22-01-2026 12:55||NIFTY27JAN2625100PE,0.12019458318686274
22-01-2026 12:55||NIFTY27JAN2626100CE,0.15261770225433854
22-01-2026 12:55||NIFTY27JAN2626400CE,0.1787992092920119
22-01-2026 13:00||NIFTY27JAN2624000PE,0.20429968247247787
22-01-2026 13:00||NIFTY27JAN2624400PE,0.16294082861780576
22-01-2026 13:00||NIFTY27JAN2624900PE,0.1255506806197505
22-01-2026 13:00||NIFTY27JAN2625700CE,0.125030914703096
22-01-2026 13:05||NIFTY27JAN2623800PE,0.2264957739097949
22-01-2026 13:05||NIFTY27JAN2624100PE,0.1936402973113015
22-01-2026 13:05||NIFTY27JAN2624400PE,0.16325100645699162
22-01-2026 13:05||NIFTY27JAN2625000PE,0.12281572359652258
22-01-2026 13:05||NIFTY27JAN2625300CE,0.11550091234608496
22-01-2026 13:05||NIFTY27JAN2625400CE,0.11522157655764385
22-01-2026 13:05||NIFTY27JAN2625700CE,0.12458306071702237
22-01-2026 13:10||NIFTY27JAN2624200PE,0.18407856792966432
22-01-2026 13:10||NIFTY27JAN2625300CE,0.1115222296997151
22-01-2026 13:10||NIFTY27JAN2625500CE,0.11429263354946291
22-01-2026 13:10||NIFTY27JAN2626000CE,0.14456288078794477
22-01-2026 13:10||NIFTY27JAN2626500CE,0.19138400042975004
22-01-2026 13:15||NIFTY27JAN2624200PE,0.1807580917392026
22-01-2026 13:15||NIFTY27JAN2624600PE,0.1425813613646922
22-01-2026 13:15||NIFTY27JAN2624700PE,0.13441639240417158
22-01-2026 13:15||NIFTY27JAN2625200CE,0.12908480794050411
22-01-2026 13:15||NIFTY27JAN2625600CE,0.12364292448586778
22-01-2026 13:20||NIFTY27JAN2623900PE,0.21464167773179116
22-01-2026 13:20||NIFTY27JAN2624700PE,0.13715288558926486
22-01-2026 13:20||NIFTY27JAN2624900PE,0.12450557160846984
22-01-2026 13:20||NIFTY27JAN2625200CE,0.12236006718429279
22-01-2026 13:20||NIFTY27JAN2625500CE,0.11827258514733027
22-01-2026 13:20||NIFTY27JAN2626100CE,0.15339899321539488
22-01-2026 13:25||NIFTY27JAN2624900PE,0.12914355899885951
22-01-2026 13:25||NIFTY27JAN2625100PE,0.12074932781523337
22-01-2026 13:25||NIFTY27JAN2625800CE,0.1299774056784103
22-01-2026 13:25||NIFTY27JAN2626100CE,0.15400883137399415
22-01-2026 13:25||NIFTY27JAN2626300CE,0.17242845152839062
22-01-2026 13:30||NIFTY27JAN2623800PE,0.22122970583343937
22-01-2026 13:30||NIFTY27JAN2624000PE,0.19975444819165128
22-01-2026 13:30||NIFTY27JAN2624100PE,0.18872386574891548
22-01-2026 13:30||NIFTY27JAN2624600PE,0.13862192007612323
22-01-2026 13:30||NIFTY27JAN2625100PE,0.10002533460564915
22-01-2026 13:30||NIFTY27JAN2625800CE,0.13641747551495537
22-01-2026 13:30||NIFTY27JAN2625900CE,0.14261360267297693
22-01-2026 13:35||NIFTY27JAN2623800PE,0.2262245776283125
22-01-2026 13:35||NIFTY27JAN2623900PE,0.21734471255655158
22-01-2026 13:35||NIFTY27JAN2624400PE,0.16688137717780796
22-01-2026 13:35||NIFTY27JAN2624600PE,0.15041688806641745
22-01-2026 13:35||NIFTY27JAN2624700PE,0.14291807500274054
22-01-2026 13:35||NIFTY27JAN2625300CE,0.1060853129903994
22-01-2026 13:35||NIFTY27JAN2625500CE,0.1101206412224506
22-01-2026 13:35||NIFTY27JAN2625700CE,0.11901353078249846
22-01-2026 13:35||NIFTY27JAN2626000CE,0.14035119099496876
22-01-2026 13:35||NIFTY27JAN2626100CE,0.14911959311460823
22-01-2026 13:35||NIFTY27JAN2626400CE,0.17645660697463242
22-01-2026 13:40||NIFTY27JAN2624000PE,0.20238604021302975
22-01-2026 13:40||NIFTY27JAN2624200PE,0.1810493901566203
22-01-2026 13:40||NIFTY27JAN2624300PE,0.1712937293496882
22-01-2026 13:40||NIFTY27JAN2624400PE,0.16115138940519172
22-01-2026 13:40||NIFTY27JAN2624900PE,0.12152570709285564
22-01-2026 13:40||NIFTY27JAN2625100PE,0.11019883184158666
22-01-2026 13:40||NIFTY27JAN2625300CE,0.1211547028247799
22-01-2026 13:40||NIFTY27JAN2625400CE,0.11944950866035305
22-01-2026 13:40||NIFTY27JAN2625600CE,0.12194042780768702
22-01-2026 13:40||NIFTY27JAN2626000CE,0.14595430169408866
22-01-2026 13:40||NIFTY27JAN2626300CE,0.171702452718728
22-01-2026 13:45||NIFTY27JAN2624400PE,0.15931334214976792
22-01-2026 13:45||NIFTY27JAN2625200CE,0.1309209945247319
22-01-2026 13:45||NIFTY27JAN2625800CE,0.13356373220363257
22-01-2026 13:45||NIFTY27JAN2626100CE,0.15537207083529428
22-01-2026 13:45||NIFTY27JAN2626300CE,0.17245999808283488
22-01-2026 13:50||NIFTY27JAN2623800PE,0.22499124429497952
22-01-2026 13:50||NIFTY27JAN2625200CE,0.13147450409291384
22-01-2026 13:50||NIFTY27JAN2626300CE,0.1707264569529138
22-01-2026 13:55||NIFTY27JAN2624500PE,0.15411041376992027
22-01-2026 13:55||NIFTY27JAN2624600PE,0.1443156770056085
22-01-2026 13:55||NIFTY27JAN2624800PE,0.12865665243118382
22-01-2026 13:55||NIFTY27JAN2625400CE,0.11316687685624909
22-01-2026 13:55||NIFTY27JAN2625500CE,0.11400383680179627
22-01-2026 13:55||NIFTY27JAN2625900CE,0.13202268565900033
22-01-2026 13:55||NIFTY27JAN2626000CE,0.14057673185912992
22-01-2026 13:55||NIFTY27JAN2626400CE,0.17603912255101004
22-01-2026 14:00||NIFTY27JAN2623800PE,0.2268992817215069
22-01-2026 14:00||NIFTY27JAN2623900PE,0.21574161107643317
22-01-2026 14:00||NIFTY27JAN2624300PE,0.1709088161013671
22-01-2026 14:00||NIFTY27JAN2625000PE,0.11684497224975444
22-01-2026 14:00||NIFTY27JAN2625300CE,0.11089863677734876
22-01-2026 14:00||NIFTY27JAN2625500CE,0.11169617595672394
22-01-2026 14:00||NIFTY27JAN2625600CE,0.11422863051503687
22-01-2026 14:00||NIFTY27JAN2626500CE,0.18647575577863598
22-01-2026 14:05||NIFTY27JAN2623800PE,0.2239905975109812
22-01-2026 14:05||NIFTY27JAN2624000PE,0.20356270255744655
22-01-2026 14:05||NIFTY27JAN2624200PE,0.18067527846418668
22-01-2026 14:05||NIFTY27JAN2624300PE,0.1705303122682803
22-01-2026 14:05||NIFTY27JAN2625200CE,0.11075252612440771
22-01-2026 14:05||NIFTY27JAN2626200CE,0.15837740873261918
22-01-2026 14:05||NIFTY27JAN2626400CE,0.17716804096100527
22-01-2026 14:10||NIFTY27JAN2623900PE,0.2131311188396035
22-01-2026 14:10||NIFTY27JAN2624200PE,0.18126846419422987
22-01-2026 14:10||NIFTY27JAN2625100PE,0.12035408781301167
22-01-2026 14:10||NIFTY27JAN2625900CE,0.1330132646095747
22-01-2026 14:15||NIFTY27JAN2623800PE,0.22150679123062214
22-01-2026 14:15||NIFTY27JAN2624600PE,0.1379686118805673
22-01-2026 14:15||NIFTY27JAN2625000PE,0.11241642363959041
22-01-2026 14:15||NIFTY27JAN2625100PE,0.10596098863982618
22-01-2026 14:15||NIFTY27JAN2626500CE,0.19320716219146153
22-01-2026 14:20||NIFTY27JAN2623800PE,0.21571393408776188
22-01-2026 14:20||NIFTY27JAN2623900PE,0.20553831866264674
22-01-2026 14:20||NIFTY27JAN2624000PE,0.19565091363027104
22-01-2026 14:20||NIFTY27JAN2624100PE,0.18548770348459642
22-01-2026 14:20||NIFTY27JAN2624400PE,0.15512768692008583
22-01-2026 14:20||NIFTY27JAN2624900PE,0.11637130477931049
22-01-2026 14:20||NIFTY27JAN2625400CE,0.11434392551439697
22-01-2026 14:20||NIFTY27JAN2625700CE,0.12233193266439349
22-01-2026 14:20||NIFTY27JAN2625800CE,0.1297394965606565
22-01-2026 14:20||NIFTY27JAN2625900CE,0.1377909484609332
22-01-2026 14:20||NIFTY27JAN2626100CE,0.15344081307046
22-01-2026 14:20||NIFTY27JAN2626200CE,0.16310056086037533
22-01-2026 14:25||NIFTY27JAN2624200PE,0.176156338644639
22-01-2026 14:25||NIFTY27JAN2624300PE,0.16483880081831642
22-01-2026 14:25||NIFTY27JAN2624600PE,0.13375038163451822
22-01-2026 14:25||NIFTY27JAN2624700PE,0.12465422750448028
22-01-2026 14:25||NIFTY27JAN2626500CE,0.1889273337630837
22-01-2026 14:30||NIFTY27JAN2623800PE,0.2249861436981019
22-01-2026 14:30||NIFTY27JAN2624300PE,0.16882125920530583
22-01-2026 14:30||NIFTY27JAN2625600CE,0.12187586642768437
22-01-2026 14:30||NIFTY27JAN2625700CE,0.12337678219418968
22-01-2026 14:30||NIFTY27JAN2625900CE,0.13270318053012659
22-01-2026 14:30||NIFTY27JAN2626500CE,0.1822906670964173
22-01-2026 14:35||NIFTY27JAN2624000PE,0.2059676939610932
22-01-2026 14:35||NIFTY27JAN2624800PE,0.1235107232653469
22-01-2026 14:35||NIFTY27JAN2625500CE,0.11663209817311693
22-01-2026 14:40||NIFTY27JAN2623800PE,0.23069354561082345
22-01-2026 14:40||NIFTY27JAN2625200CE,0.12038644745038125
22-01-2026 14:40||NIFTY27JAN2625400CE,0.11172824643845235
22-01-2026 14:40||NIFTY27JAN2626100CE,0.14021418652540732
22-01-2026 14:40||NIFTY27JAN2626500CE,0.1725948192457646
22-01-2026 14:45||NIFTY27JAN2624000PE,0.20562755966830068
22-01-2026 14:45||NIFTY27JAN2626100CE,0.13863137231054826
22-01-2026 14:50||NIFTY27JAN2624400PE,0.16042372035778268
22-01-2026 14:50||NIFTY27JAN2624500PE,0.14998347824814817
22-01-2026 14:50||NIFTY27JAN2625400CE,0.10668404755060637
22-01-2026 14:50||NIFTY27JAN2625500CE,0.10531240373332251
22-01-2026 14:50||NIFTY27JAN2625600CE,0.10653749080649658
22-01-2026 14:50||NIFTY27JAN2626200CE,0.1448191688967326
22-01-2026 14:55||NIFTY27JAN2624300PE,0.16815948254162533
22-01-2026 14:55||NIFTY27JAN2625000PE,0.10925815780574691
22-01-2026 14:55||NIFTY27JAN2626100CE,0.13561647337039515
22-01-2026 14:55||NIFTY27JAN2626500CE,0.17066776752504753
22-01-2026 15:00||NIFTY27JAN2624300PE,0.16731404364737817
22-01-2026 15:00||NIFTY27JAN2624600PE,0.13801019361404682
22-01-2026 15:00||NIFTY27JAN2624900PE,0.11735520664782091
22-01-2026 15:00||NIFTY27JAN2625600CE,0.10553986264409805
22-01-2026 15:00||NIFTY27JAN2626400CE,0.16335318136048446
22-01-2026 15:05||NIFTY27JAN2625300CE,0.13053595242829635
22-01-2026 15:05||NIFTY27JAN2625400CE,0.12266993106643957
22-01-2026 15:05||NIFTY27JAN2625600CE,0.1161137738841551
22-01-2026 15:10||NIFTY27JAN2623800PE,0.2262589489090243
22-01-2026 15:10||NIFTY27JAN2624000PE,0.20475784766028568
22-01-2026 15:10||NIFTY27JAN2624200PE,0.1806298301186847
22-01-2026 15:10||NIFTY27JAN2625100PE,0.10346317918306676
22-01-2026 15:10||NIFTY27JAN2625600CE,0.10726572847875578
22-01-2026 15:10||NIFTY27JAN2626100CE,0.13130609799757426
22-01-2026 15:15||NIFTY27JAN2623800PE,0.22495281036476925
22-01-2026 15:15||NIFTY27JAN2624200PE,0.1775686199884686
22-01-2026 15:15||NIFTY27JAN2624600PE,0.13386304639076235
22-01-2026 15:15||NIFTY27JAN2625400CE,0.11687933902499163
22-01-2026 15:15||NIFTY27JAN2625800CE,0.11248611471173056
22-01-2026 15:15||NIFTY27JAN2625900CE,0.11813116361964127
22-01-2026 15:15||NIFTY27JAN2626200CE,0.1382420451442411
22-01-2026 15:15||NIFTY27JAN2626300CE,0.1470819701740236
22-01-2026 15:20||NIFTY27JAN2624800PE,0.11788759951760325
22-01-2026 15:20||NIFTY27JAN2625200CE,0.13663503193497445
22-01-2026 15:20||NIFTY27JAN2626400CE,0.1557869957901793
22-01-2026 15:25||NIFTY27JAN2623800PE,0.2252662720819493
22-01-2026 15:25||NIFTY27JAN2624300PE,0.16728651309664802
22-01-2026 15:25||NIFTY27JAN2624700PE,0.12350875494452539
22-01-2026 15:25||NIFTY27JAN2625100PE,0.09693336178547543
22-01-2026 15:25||NIFTY27JAN2625200CE,0.12593453263769905
22-01-2026 15:25||NIFTY27JAN2625300CE,0.1192702669324816
22-01-2026 15:25||NIFTY27JAN2625600CE,0.10816453765606814
22-01-2026 15:25||NIFTY27JAN2625900CE,0.11383778225467468
22-01-2026 15:25||NIFTY27JAN2626000CE,0.12179336163340003
22-01-2026 15:25||NIFTY27JAN2626400CE,0.15670658160274364
23-01-2026 09:15||NIFTY27JAN2624100PE,0.21106438204643288
23-01-2026 09:15||NIFTY27JAN2624200PE,0.1974411716183464
23-01-2026 09:15||NIFTY27JAN2624300PE,0.18531636266074383
23-01-2026 09:15||NIFTY27JAN2625500CE,0.11361563475569843
23-01-2026 09:15||NIFTY27JAN2626000CE,0.13318582741957083
23-01-2026 09:15||NIFTY27JAN2626100CE,0.14088476926772797
23-01-2026 09:15||NIFTY27JAN2626200CE,0.15043010218240016
23-01-2026 09:15||NIFTY27JAN2626300CE,0.1627865154800843
23-01-2026 09:15||NIFTY27JAN2626500CE,0.18440902269921644
23-01-2026 09:20||NIFTY27JAN2623900PE,0.23248605694910207
23-01-2026 09:20||NIFTY27JAN2624400PE,0.17022183642839323
23-01-2026 09:20||NIFTY27JAN2625500CE,0.12634558675864033
23-01-2026 09:20||NIFTY27JAN2626200CE,0.15424575678579688
23-01-2026 09:20||NIFTY27JAN2626400CE,0.17140497773520597
23-01-2026 09:25||NIFTY27JAN2623800PE,0.2534341466228247
23-01-2026 09:25||NIFTY27JAN2625100PE,0.11166462435761144
23-01-2026 09:25||NIFTY27JAN2626100CE,0.13458371482465822
23-01-2026 09:25||NIFTY27JAN2626200CE,0.14493285598738725
23-01-2026 09:25||NIFTY27JAN2626400CE,0.16535796029103086
23-01-2026 09:30||NIFTY27JAN2623900PE,0.24094922708404104
23-01-2026 09:30||NIFTY27JAN2624000PE,0.22966653248950947
23-01-2026 09:30||NIFTY27JAN2624400PE,0.1823645100803322
23-01-2026 09:30||NIFTY27JAN2624500PE,0.17081422258585027
23-01-2026 09:30||NIFTY27JAN2624600PE,0.158309539257255
23-01-2026 09:30||NIFTY27JAN2624700PE,0.14734357149378707
23-01-2026 09:30||NIFTY27JAN2625200CE,0.10778004527403187
23-01-2026 09:30||NIFTY27JAN2626300CE,0.15780797833391688
23-01-2026 09:35||NIFTY27JAN2623900PE,0.23775040652761442
23-01-2026 09:35||NIFTY27JAN2624000PE,0.22645493953741508
23-01-2026 09:35||NIFTY27JAN2624400PE,0.17705307078202173
23-01-2026 09:35||NIFTY27JAN2625500CE,0.10843187826828539
23-01-2026 09:35||NIFTY27JAN2626100CE,0.13861061765572782
23-01-2026 09:40||NIFTY27JAN2625400CE,0.10510243799800968
23-01-2026 09:40||NIFTY27JAN2625500CE,0.10376567044250719
23-01-2026 09:40||NIFTY27JAN2626000CE,0.12728350284210702
23-01-2026 09:45||NIFTY27JAN2623900PE,0.2356601298809375
23-01-2026 09:45||NIFTY27JAN2624100PE,0.2099413899226758
23-01-2026 09:45||NIFTY27JAN2624300PE,0.18498321099370382
23-01-2026 09:45||NIFTY27JAN2624800PE,0.12728566110631054
23-01-2026 09:45||NIFTY27JAN2624900PE,0.11936888585844926
23-01-2026 09:45||NIFTY27JAN2626100CE,0.14272015397512025
23-01-2026 09:45||NIFTY27JAN2626400CE,0.1756844249462784
23-01-2026 09:50||NIFTY27JAN2623900PE,0.2385263078488003
23-01-2026 09:50||NIFTY27JAN2624200PE,0.20194526247650718
23-01-2026 09:50||NIFTY27JAN2624400PE,0.17787815125575399
23-01-2026 09:50||NIFTY27JAN2624700PE,0.14422608177611995
23-01-2026 09:50||NIFTY27JAN2625200CE,0.10584619566984592
23-01-2026 09:50||NIFTY27JAN2625300CE,0.10281316361649279
23-01-2026 09:50||NIFTY27JAN2625700CE,0.10311488150637325
23-01-2026 09:50||NIFTY27JAN2625800CE,0.10809620348199941
23-01-2026 09:55||NIFTY27JAN2623800PE,0.24891806286902035
23-01-2026 09:55||NIFTY27JAN2624200PE,0.1982805441641317
23-01-2026 09:55||NIFTY27JAN2624800PE,0.12939502945705353
23-01-2026 09:55||NIFTY27JAN2625000PE,0.11540897183005884
23-01-2026 09:55||NIFTY27JAN2625200CE,0.12194156275187874
23-01-2026 09:55||NIFTY27JAN2625700CE,0.10677662669438513
23-01-2026 09:55||NIFTY27JAN2626300CE,0.1625142759607212
23-01-2026 10:00||NIFTY27JAN2624700PE,0.14061572165548786
23-01-2026 10:00||NIFTY27JAN2625900CE,0.11450130787006321
23-01-2026 10:00||NIFTY27JAN2626000CE,0.12559105928359265
23-01-2026 10:00||NIFTY27JAN2626100CE,0.1377360357425141
23-01-2026 10:00||NIFTY27JAN2626300CE,0.15938556903395584
23-01-2026 10:05||NIFTY27JAN2623800PE,0.24988631035706377
23-01-2026 10:05||NIFTY27JAN2624100PE,0.212287473791388
23-01-2026 10:05||NIFTY27JAN2624600PE,0.15062714274914477
23-01-2026 10:05||NIFTY27JAN2624800PE,0.13023960566296539
23-01-2026 10:05||NIFTY27JAN2626200CE,0.15197285526713447
23-01-2026 10:10||NIFTY27JAN2623800PE,0.24887059607134543
23-01-2026 10:10||NIFTY27JAN2624000PE,0.22399105008893153
23-01-2026 10:10||NIFTY27JAN2624400PE,0.1732806545427035
23-01-2026 10:10||NIFTY27JAN2624600PE,0.1489433882375308
23-01-2026 10:10||NIFTY27JAN2624800PE,0.1289577873980532
23-01-2026 10:10||NIFTY27JAN2625300CE,0.10590502675840224
23-01-2026 10:15||NIFTY27JAN2624700PE,0.1409718370582403
23-01-2026 10:15||NIFTY27JAN2625700CE,0.10164363414459514
23-01-2026 10:15||NIFTY27JAN2625900CE,0.11640214247379424
23-01-2026 10:15||NIFTY27JAN2626000CE,0.1299346150111882
23-01-2026 10:15||NIFTY27JAN2626400CE,0.17385176137915745
23-01-2026 10:20||NIFTY27JAN2625700CE,0.10592910632102849
23-01-2026 10:20||NIFTY27JAN2625800CE,0.11177179833142166
23-01-2026 10:20||NIFTY27JAN2626100CE,0.14265985479393775
23-01-2026 10:20||NIFTY27JAN2626500CE,0.18658175832970272
23-01-2026 10:25||NIFTY27JAN2623800PE,0.24680118493744765
23-01-2026 10:25||NIFTY27JAN2624400PE,0.16941483877726024
23-01-2026 10:25||NIFTY27JAN2624600PE,0.14430570398064047
23-01-2026 10:25||NIFTY27JAN2625100PE,0.0994964911001693
23-01-2026 10:25||NIFTY27JAN2625400CE,0.11383105718703429
23-01-2026 10:25||NIFTY27JAN2626000CE,0.13175461337121355
23-01-2026 10:30||NIFTY27JAN2624100PE,0.2133624956365539
23-01-2026 10:30||NIFTY27JAN2624400PE,0.1749654987522837
23-01-2026 10:30||NIFTY27JAN2624600PE,0.14970279988411972
23-01-2026 10:30||NIFTY27JAN2625100PE,0.10571202339541477
23-01-2026 10:35||NIFTY27JAN2624000PE,0.22735636539093834
23-01-2026 10:35||NIFTY27JAN2624100PE,0.21493924048635354
23-01-2026 10:35||NIFTY27JAN2624200PE,0.2022064389966682
23-01-2026 10:35||NIFTY27JAN2624500PE,0.16401543626237203
23-01-2026 10:35||NIFTY27JAN2624900PE,0.123937819519121
23-01-2026 10:35||NIFTY27JAN2625100PE,0.10895702339541494
23-01-2026 10:35||NIFTY27JAN2625600CE,0.09745512375940076
23-01-2026 10:40||NIFTY27JAN2624000PE,0.22538854886762272
23-01-2026 10:40||NIFTY27JAN2624600PE,0.1498699980695567
23-01-2026 10:40||NIFTY27JAN2624800PE,0.1299254860615535
23-01-2026 10:40||NIFTY27JAN2625300CE,0.10602903741320294
23-01-2026 10:40||NIFTY27JAN2625800CE,0.10566783590318758
23-01-2026 10:45||NIFTY27JAN2624100PE,0.21340838612677684
23-01-2026 10:45||NIFTY27JAN2625100PE,0.11093112469525934
23-01-2026 10:45||NIFTY27JAN2625900CE,0.1129601379954809
23-01-2026 10:45||NIFTY27JAN2626200CE,0.14786094129749447
23-01-2026 10:45||NIFTY27JAN2626500CE,0.1811606845578349
23-01-2026 10:50||NIFTY27JAN2623900PE,0.23717082971350661
23-01-2026 10:50||NIFTY27JAN2625400CE,0.09976156882081177
23-01-2026 10:50||NIFTY27JAN2625700CE,0.10020739625131503
23-01-2026 10:50||NIFTY27JAN2626200CE,0.14899881161423043
23-01-2026 10:50||NIFTY27JAN2626300CE,0.1601230097615878
23-01-2026 10:50||NIFTY27JAN2626400CE,0.16987118344258267
23-01-2026 10:55||NIFTY27JAN2623800PE,0.2496073423745514
23-01-2026 10:55||NIFTY27JAN2624600PE,0.14700349501567167
23-01-2026 10:55||NIFTY27JAN2624900PE,0.11779226916803082
23-01-2026 10:55||NIFTY27JAN2626200CE,0.1506936462886885
23-01-2026 11:00||NIFTY27JAN2625100PE,0.10747622864204845
23-01-2026 11:00||NIFTY27JAN2625400CE,0.09488734749280664
23-01-2026 11:00||NIFTY27JAN2625800CE,0.10613433592607804
23-01-2026 11:00||NIFTY27JAN2626100CE,0.13899245105762698
23-01-2026 11:05||NIFTY27JAN2624200PE,0.19674892033327046
23-01-2026 11:05||NIFTY27JAN2625600CE,0.09983096035712749
23-01-2026 11:05||NIFTY27JAN2625700CE,0.10197331564138566
23-01-2026 11:05||NIFTY27JAN2626200CE,0.15249020049712264
23-01-2026 11:05||NIFTY27JAN2626500CE,0.18585009166303815
23-01-2026 11:10||NIFTY27JAN2624000PE,0.22304854382614742
23-01-2026 11:10||NIFTY27JAN2624100PE,0.21036500583246387
23-01-2026 11:10||NIFTY27JAN2625300CE,0.10222870026311985
23-01-2026 11:10||NIFTY27JAN2626300CE,0.1624896774644266
23-01-2026 11:15||NIFTY27JAN2624200PE,0.19626260069096507
23-01-2026 11:15||NIFTY27JAN2624800PE,0.12760080937572307
23-01-2026 11:15||NIFTY27JAN2624900PE,0.11979660786245117
23-01-2026 11:15||NIFTY27JAN2625300CE,0.09252145222931382
23-01-2026 11:15||NIFTY27JAN2625400CE,0.0904705697050716
23-01-2026 11:15||NIFTY27JAN2625500CE,0.09096633428275633
23-01-2026 11:15||NIFTY27JAN2625700CE,0.09819202816416607
23-01-2026 11:15||NIFTY27JAN2626300CE,0.1628966710042618
23-01-2026 11:20||NIFTY27JAN2624100PE,0.20747992069379675
23-01-2026 11:20||NIFTY27JAN2624400PE,0.1692825248905177
23-01-2026 11:20||NIFTY27JAN2624800PE,0.12325840880196372
23-01-2026 11:20||NIFTY27JAN2625100PE,0.10134162409940828
23-01-2026 11:20||NIFTY27JAN2626000CE,0.13056640741638745
23-01-2026 11:20||NIFTY27JAN2626300CE,0.1647407256420647
23-01-2026 11:25||NIFTY27JAN2623800PE,0.24663088032193087
23-01-2026 11:25||NIFTY27JAN2623900PE,0.23439304647229406
23-01-2026 11:25||NIFTY27JAN2624900PE,0.11397119461495307
23-01-2026 11:25||NIFTY27JAN2625200CE,0.10836458181668307
23-01-2026 11:25||NIFTY27JAN2625800CE,0.10724674904846324
23-01-2026 11:25||NIFTY27JAN2626400CE,0.17470212533093463
23-01-2026 11:30||NIFTY27JAN2624700PE,0.13704193569524603
23-01-2026 11:30||NIFTY27JAN2624900PE,0.11969549265874789
23-01-2026 11:30||NIFTY27JAN2625000PE,0.11333393560818733
23-01-2026 11:30||NIFTY27JAN2625500CE,0.09027140212980683
23-01-2026 11:30||NIFTY27JAN2625800CE,0.10568381067534374
23-01-2026 11:30||NIFTY27JAN2626000CE,0.12717791833368083
23-01-2026 11:30||NIFTY27JAN2626200CE,0.15121793853235677
23-01-2026 11:30||NIFTY27JAN2626400CE,0.1740121336621205
23-01-2026 11:35||NIFTY27JAN2624900PE,0.12081898656459188
23-01-2026 11:35||NIFTY27JAN2625400CE,0.091332725802981
23-01-2026 11:35||NIFTY27JAN2626000CE,0.13155770987617474
23-01-2026 11:40||NIFTY27JAN2623900PE,0.22706198678590137
23-01-2026 11:40||NIFTY27JAN2624300PE,0.1764900446096967
23-01-2026 11:40||NIFTY27JAN2624900PE,0.1154201228906102
23-01-2026 11:40||NIFTY27JAN2625500CE,0.09782862474131508
23-01-2026 11:40||NIFTY27JAN2626300CE,0.17413835002882114
23-01-2026 11:40||NIFTY27JAN2626500CE,0.19449996088839397
23-01-2026 11:45||NIFTY27JAN2625300CE,0.09694147945388695
23-01-2026 11:45||NIFTY27JAN2626100CE,0.15422144451689498
23-01-2026 11:45||NIFTY27JAN2626400CE,0.1853646186927074
23-01-2026 11:50||NIFTY27JAN2624100PE,0.19459139180512314
23-01-2026 11:50||NIFTY27JAN2624500PE,0.1465415821493205
23-01-2026 11:50||NIFTY27JAN2625400CE,0.10560278443777428
23-01-2026 11:50||NIFTY27JAN2625500CE,0.1054787699085006
23-01-2026 11:50||NIFTY27JAN2625700CE,0.11384661878353088
23-01-2026 11:55||NIFTY27JAN2624800PE,0.11966230112482477
23-01-2026 11:55||NIFTY27JAN2625100PE,0.10203592013265282
23-01-2026 11:55||NIFTY27JAN2625700CE,0.11131107609797115
23-01-2026 11:55||NIFTY27JAN2626200CE,0.16468890553673965
23-01-2026 11:55||NIFTY27JAN2626500CE,0.19690771754085257
23-01-2026 12:00||NIFTY27JAN2624000PE,0.21066843788529288
23-01-2026 12:00||NIFTY27JAN2624300PE,0.1721634744879565
23-01-2026 12:00||NIFTY27JAN2624800PE,0.11813555064718016
23-01-2026 12:00||NIFTY27JAN2625200CE,0.10900995211164195
23-01-2026 12:00||NIFTY27JAN2625800CE,0.11888571333013642
23-01-2026 12:00||NIFTY27JAN2625900CE,0.1314275334555836
23-01-2026 12:00||NIFTY27JAN2626400CE,0.18590598380924203
23-01-2026 12:05||NIFTY27JAN2624600PE,0.1386039789293114
23-01-2026 12:05||NIFTY27JAN2625300CE,0.09684480620978163
23-01-2026 12:05||NIFTY27JAN2625400CE,0.09718006703666
23-01-2026 12:05||NIFTY27JAN2626400CE,0.1865666844768241
23-01-2026 12:10||NIFTY27JAN2623900PE,0.219438608899534
23-01-2026 12:10||NIFTY27JAN2624000PE,0.20724995336952662
23-01-2026 12:10||NIFTY27JAN2625000PE,0.106924399357358
23-01-2026 12:10||NIFTY27JAN2625700CE,0.11379479435099883
23-01-2026 12:10||NIFTY27JAN2626200CE,0.16822413396210972
23-01-2026 12:10||NIFTY27JAN2626500CE,0.20053440120247407
23-01-2026 12:15||NIFTY27JAN2625500CE,0.10819756692343391
23-01-2026 12:15||NIFTY27JAN2626100CE,0.15634903121290564
23-01-2026 12:15||NIFTY27JAN2626300CE,0.17768167479161273
23-01-2026 12:20||NIFTY27JAN2624200PE,0.1856639501449437
23-01-2026 12:20||NIFTY27JAN2625200CE,0.09383006879620327
23-01-2026 12:20||NIFTY27JAN2625300CE,0.09358111698756753
23-01-2026 12:20||NIFTY27JAN2625400CE,0.0965518378009855
23-01-2026 12:20||NIFTY27JAN2625800CE,0.11848307141869163
23-01-2026 12:20||NIFTY27JAN2626100CE,0.1528464054936662
23-01-2026 12:25||NIFTY27JAN2624300PE,0.17095481422320422
23-01-2026 12:25||NIFTY27JAN2624500PE,0.14620092869377171
23-01-2026 12:25||NIFTY27JAN2624600PE,0.1342593553255795
23-01-2026 12:25||NIFTY27JAN2624900PE,0.10835354183861935
23-01-2026 12:25||NIFTY27JAN2625400CE,0.10300270858566388
23-01-2026 12:25||NIFTY27JAN2625600CE,0.10610297043917605
23-01-2026 12:25||NIFTY27JAN2626400CE,0.18732150826228253
23-01-2026 12:30||NIFTY27JAN2623800PE,0.2342158109432933
23-01-2026 12:30||NIFTY27JAN2624100PE,0.19623713150389205
23-01-2026 12:30||NIFTY27JAN2624200PE,0.18375581659627654
23-01-2026 12:30||NIFTY27JAN2624500PE,0.14538631386320827
23-01-2026 12:30||NIFTY27JAN2625900CE,0.13160331175673498
23-01-2026 12:30||NIFTY27JAN2626100CE,0.1537867166911175
23-01-2026 12:30||NIFTY27JAN2626200CE,0.16485631834541858
23-01-2026 12:35||NIFTY27JAN2624100PE,0.19683288328871013
23-01-2026 12:35||NIFTY27JAN2624400PE,0.1575160148766332
23-01-2026 12:35||NIFTY27JAN2625100PE,0.09129077830238484
23-01-2026 12:35||NIFTY27JAN2625300CE,0.1082209027433147
23-01-2026 12:35||NIFTY27JAN2626100CE,0.15384590331495945
23-01-2026 12:40||NIFTY27JAN2624500PE,0.1442160017145081
23-01-2026 12:40||NIFTY27JAN2624600PE,0.1314296110503842
23-01-2026 12:40||NIFTY27JAN2624900PE,0.10333966465350003
23-01-2026 12:40||NIFTY27JAN2625300CE,0.10914468454389475
23-01-2026 12:45||NIFTY27JAN2623800PE,0.2357642817215079
23-01-2026 12:45||NIFTY27JAN2623900PE,0.22381696250956246
23-01-2026 12:45||NIFTY27JAN2624600PE,0.13755036407931057
23-01-2026 12:45||NIFTY27JAN2625900CE,0.12369217707969594
23-01-2026 12:50||NIFTY27JAN2623800PE,0.23348428172150762
23-01-2026 12:50||NIFTY27JAN2624400PE,0.15679435389746066
23-01-2026 12:50||NIFTY27JAN2624800PE,0.11024287925599753
23-01-2026 12:50||NIFTY27JAN2625300CE,0.1108702870539015
23-01-2026 12:50||NIFTY27JAN2625600CE,0.10737154782715048
23-01-2026 12:50||NIFTY27JAN2625700CE,0.11173129660742662
23-01-2026 12:50||NIFTY27JAN2626000CE,0.1398045213118559
23-01-2026 12:50||NIFTY27JAN2626400CE,0.18571334358191424
23-01-2026 12:55||NIFTY27JAN2624200PE,0.18739704045807704
23-01-2026 12:55||NIFTY27JAN2625400CE,0.09142234902662902
23-01-2026 12:55||NIFTY27JAN2625600CE,0.09888678278413326
23-01-2026 12:55||NIFTY27JAN2625800CE,0.1144284271267959
23-01-2026 12:55||NIFTY27JAN2626400CE,0.1842321881756592
23-01-2026 13:00||NIFTY27JAN2624900PE,0.10385616742224364
23-01-2026 13:00||NIFTY27JAN2625700CE,0.11217139198825513
23-01-2026 13:00||NIFTY27JAN2626000CE,0.1441944248514348
23-01-2026 13:05||NIFTY27JAN2623800PE,0.23134362917622914
23-01-2026 13:05||NIFTY27JAN2625200CE,0.10528942023468324
23-01-2026 13:05||NIFTY27JAN2625900CE,0.13328150050601195
23-01-2026 13:10||NIFTY27JAN2623900PE,0.2204928457065917
23-01-2026 13:10||NIFTY27JAN2624000PE,0.2085871333365324
23-01-2026 13:10||NIFTY27JAN2624100PE,0.1964717780055066
23-01-2026 13:10||NIFTY27JAN2624700PE,0.12070848581359901
23-01-2026 13:10||NIFTY27JAN2625100PE,0.0915092457186326
23-01-2026 13:10||NIFTY27JAN2625800CE,0.1212813887948274
23-01-2026 13:10||NIFTY27JAN2626000CE,0.14381458486434076
23-01-2026 13:15||NIFTY27JAN2623800PE,0.22641574195617856
23-01-2026 13:15||NIFTY27JAN2624200PE,0.17979242215161087
23-01-2026 13:15||NIFTY27JAN2625300CE,0.09491235322430197
23-01-2026 13:15||NIFTY27JAN2625600CE,0.10755078036973136
23-01-2026 13:15||NIFTY27JAN2625900CE,0.13717683965580613
23-01-2026 13:15||NIFTY27JAN2626000CE,0.14925073945970616
23-01-2026 13:20||NIFTY27JAN2624700PE,0.12153298851692342
23-01-2026 13:20||NIFTY27JAN2624800PE,0.11467380314027623
23-01-2026 13:20||NIFTY27JAN2625700CE,0.121278859288942
23-01-2026 13:20||NIFTY27JAN2626200CE,0.17728906455610993
23-01-2026 13:20||NIFTY27JAN2626500CE,0.21130495105799466
23-01-2026 13:25||NIFTY27JAN2624100PE,0.18761412607470387
23-01-2026 13:25||NIFTY27JAN2624500PE,0.13845533860400427
23-01-2026 13:25||NIFTY27JAN2625000PE,0.10299441566798136
23-01-2026 13:25||NIFTY27JAN2625400CE,0.1027300544892932
23-01-2026 13:30||NIFTY27JAN2624700PE,0.1279612890602116
23-01-2026 13:30||NIFTY27JAN2624800PE,0.12258893498407226
23-01-2026 13:30||NIFTY27JAN2625000PE,0.11629181490366
23-01-2026 13:30||NIFTY27JAN2625400CE,0.10948735040315052
23-01-2026 13:30||NIFTY27JAN2625700CE,0.1316186396328963
23-01-2026 13:30||NIFTY27JAN2626000CE,0.1660092429886969
23-01-2026 13:35||NIFTY27JAN2623900PE,0.20840340646833186
23-01-2026 13:35||NIFTY27JAN2624100PE,0.18383917714894676
23-01-2026 13:35||NIFTY27JAN2624900PE,0.11068646063305336
23-01-2026 13:35||NIFTY27JAN2625600CE,0.12393978963512571
23-01-2026 13:35||NIFTY27JAN2626000CE,0.16711162007635172
23-01-2026 13:35||NIFTY27JAN2626200CE,0.18981543248664637
23-01-2026 13:35||NIFTY27JAN2626500CE,0.2226169434260963
23-01-2026 13:40||NIFTY27JAN2623900PE,0.21281197797420928
23-01-2026 13:40||NIFTY27JAN2624600PE,0.1361701375041882
23-01-2026 13:40||NIFTY27JAN2624900PE,0.12136161487027775
23-01-2026 13:40||NIFTY27JAN2625700CE,0.13303747627153498
23-01-2026 13:40||NIFTY27JAN2625800CE,0.144995090584485
23-01-2026 13:40||NIFTY27JAN2626300CE,0.20130260373672543
23-01-2026 13:45||NIFTY27JAN2623900PE,0.20604967892471024
23-01-2026 13:45||NIFTY27JAN2624000PE,0.19415119435563674
23-01-2026 13:45||NIFTY27JAN2624500PE,0.13485872912323094
23-01-2026 13:45||NIFTY27JAN2624600PE,0.12560229074191007
23-01-2026 13:45||NIFTY27JAN2625000PE,0.10159985096434983
23-01-2026 13:45||NIFTY27JAN2625300CE,0.11342384207066053
23-01-2026 13:45||NIFTY27JAN2626100CE,0.18289639288344386
23-01-2026 13:45||NIFTY27JAN2626300CE,0.20569056441524208
23-01-2026 13:50||NIFTY27JAN2624000PE,0.19462628751561137
23-01-2026 13:50||NIFTY27JAN2624500PE,0.13454684545024553
23-01-2026 13:50||NIFTY27JAN2625100PE,0.09797659154602283
23-01-2026 13:50||NIFTY27JAN2626400CE,0.2176586478545077
23-01-2026 13:55||NIFTY27JAN2625500CE,0.12222579734798356
23-01-2026 13:55||NIFTY27JAN2625700CE,0.13731135395787594
23-01-2026 13:55||NIFTY27JAN2625800CE,0.14852303951824694
23-01-2026 13:55||NIFTY27JAN2626400CE,0.2161851589509107
23-01-2026 13:55||NIFTY27JAN2626500CE,0.22682349476638808
23-01-2026 14:00||NIFTY27JAN2624200PE,0.1688205504553547
23-01-2026 14:00||NIFTY27JAN2624300PE,0.1559979239686594
23-01-2026 14:00||NIFTY27JAN2625300CE,0.11557124562140966
23-01-2026 14:00||NIFTY27JAN2625400CE,0.1184299774541377
23-01-2026 14:00||NIFTY27JAN2625500CE,0.12263074500970472
23-01-2026 14:00||NIFTY27JAN2625800CE,0.14698359984858342
23-01-2026 14:05||NIFTY27JAN2624200PE,0.1707727268855329
23-01-2026 14:05||NIFTY27JAN2624800PE,0.11157900018048829
23-01-2026 14:05||NIFTY27JAN2626300CE,0.20038290301031508
23-01-2026 14:10||NIFTY27JAN2623900PE,0.20866502512770432
23-01-2026 14:10||NIFTY27JAN2625800CE,0.14668522387745062
23-01-2026 14:10||NIFTY27JAN2626400CE,0.2133237939560729
23-01-2026 14:15||NIFTY27JAN2625000PE,0.11357129522723343
23-01-2026 14:15||NIFTY27JAN2625400CE,0.1078183079747499
23-01-2026 14:15||NIFTY27JAN2626400CE,0.2068549066041828
23-01-2026 14:20||NIFTY27JAN2624100PE,0.18512806554457253
23-01-2026 14:20||NIFTY27JAN2624800PE,0.11534822586196752
23-01-2026 14:20||NIFTY27JAN2625400CE,0.11236747466740504
23-01-2026 14:20||NIFTY27JAN2625600CE,0.12498107500668167
23-01-2026 14:20||NIFTY27JAN2625800CE,0.14425580496896567
23-01-2026 14:20||NIFTY27JAN2626400CE,0.21030503751575544
23-01-2026 14:20||NIFTY27JAN2626500CE,0.22123438420751784
23-01-2026 14:25||NIFTY27JAN2624200PE,0.1665821720983186
23-01-2026 14:25||NIFTY27JAN2624400PE,0.14154250076102184
23-01-2026 14:25||NIFTY27JAN2624500PE,0.12930728035884545
23-01-2026 14:25||NIFTY27JAN2625200CE,0.11523249877034916
23-01-2026 14:25||NIFTY27JAN2626200CE,0.18685001971165405
23-01-2026 14:25||NIFTY27JAN2626300CE,0.19837124285902027
23-01-2026 14:25||NIFTY27JAN2626400CE,0.20971254155356442
23-01-2026 14:30||NIFTY27JAN2624600PE,0.12204855253834136
23-01-2026 14:30||NIFTY27JAN2625700CE,0.1330131196601688
23-01-2026 14:35||NIFTY27JAN2623900PE,0.21074359739052073
23-01-2026 14:35||NIFTY27JAN2624500PE,0.1331563187455247
23-01-2026 14:35||NIFTY27JAN2624700PE,0.1147021873102322
23-01-2026 14:35||NIFTY27JAN2625400CE,0.11035971037558624
23-01-2026 14:35||NIFTY27JAN2625600CE,0.1210581390057687
23-01-2026 14:35||NIFTY27JAN2625800CE,0.1375687292754456
23-01-2026 14:35||NIFTY27JAN2625900CE,0.14825033801339335
23-01-2026 14:35||NIFTY27JAN2626000CE,0.16058630121936363
23-01-2026 14:35||NIFTY27JAN2626300CE,0.19414090272693826
23-01-2026 14:40||NIFTY27JAN2623900PE,0.21255389394668955
23-01-2026 14:40||NIFTY27JAN2624300PE,0.16110431192022173
23-01-2026 14:40||NIFTY27JAN2624400PE,0.14864741349000005
23-01-2026 14:40||NIFTY27JAN2625000PE,0.10060972037326762
23-01-2026 14:40||NIFTY27JAN2625100PE,0.09457223718626856
23-01-2026 14:40||NIFTY27JAN2625200CE,0.10435942023468409
23-01-2026 14:40||NIFTY27JAN2625700CE,0.13141149732848872
23-01-2026 14:40||NIFTY27JAN2625800CE,0.14202492235866726
23-01-2026 14:40||NIFTY27JAN2626400CE,0.20644994320846
23-01-2026 14:45||NIFTY27JAN2624400PE,0.1489552355245785
23-01-2026 14:45||NIFTY27JAN2624700PE,0.12050664324446246
23-01-2026 14:45||NIFTY27JAN2625100PE,0.1036700498683725
23-01-2026 14:45||NIFTY27JAN2625400CE,0.1084157928886147
23-01-2026 14:45||NIFTY27JAN2625600CE,0.12291223014717143
23-01-2026 14:45||NIFTY27JAN2626000CE,0.16323860417324842
23-01-2026 14:45||NIFTY27JAN2626200CE,0.1848999595339561
23-01-2026 14:50||NIFTY27JAN2623800PE,0.21900317951883588
23-01-2026 14:50||NIFTY27JAN2624500PE,0.13018274561995935
23-01-2026 14:50||NIFTY27JAN2624800PE,0.10280810510220213
23-01-2026 14:50||NIFTY27JAN2625200CE,0.10907458181668239
23-01-2026 14:50||NIFTY27JAN2625300CE,0.11196824976225761
23-01-2026 14:50||NIFTY27JAN2625500CE,0.12115792332892389
23-01-2026 14:55||NIFTY27JAN2623900PE,0.21062236349173644
23-01-2026 14:55||NIFTY27JAN2624400PE,0.14687366308978517
23-01-2026 14:55||NIFTY27JAN2625200CE,0.10329961111655259
23-01-2026 14:55||NIFTY27JAN2625900CE,0.14999038136916235
23-01-2026 14:55||NIFTY27JAN2626200CE,0.18310820666103306
23-01-2026 15:00||NIFTY27JAN2623900PE,0.20980608087773409
23-01-2026 15:00||NIFTY27JAN2624100PE,0.1846939232807206
23-01-2026 15:00||NIFTY27JAN2624300PE,0.15855321543275264
23-01-2026 15:00||NIFTY27JAN2624600PE,0.12483726472979716
23-01-2026 15:05||NIFTY27JAN2623900PE,0.20714680987413056
23-01-2026 15:05||NIFTY27JAN2624800PE,0.11874311616217008
23-01-2026 15:05||NIFTY27JAN2626200CE,0.19324259045989078
23-01-2026 15:10||NIFTY27JAN2623800PE,0.21828585201890455
23-01-2026 15:10||NIFTY27JAN2624000PE,0.19309308078745027
23-01-2026 15:10||NIFTY27JAN2624200PE,0.16725192744041611
23-01-2026 15:10||NIFTY27JAN2624600PE,0.1220539831205333
23-01-2026 15:10||NIFTY27JAN2625000PE,0.09963021824932905
23-01-2026 15:10||NIFTY27JAN2625300CE,0.11299650282564423
23-01-2026 15:10||NIFTY27JAN2625700CE,0.13996114284877845
23-01-2026 15:10||NIFTY27JAN2626100CE,0.18294962711242665
23-01-2026 15:10||NIFTY27JAN2626200CE,0.1945887115254048
23-01-2026 15:10||NIFTY27JAN2626300CE,0.20612887513876466
23-01-2026 15:15||NIFTY27JAN2624100PE,0.1825532421150749
23-01-2026 15:15||NIFTY27JAN2624200PE,0.16805160040356332
23-01-2026 15:15||NIFTY27JAN2625000PE,0.10394885330300607
23-01-2026 15:20||NIFTY27JAN2623800PE,0.22002668535223918
23-01-2026 15:20||NIFTY27JAN2623900PE,0.2062747816469511
23-01-2026 15:20||NIFTY27JAN2624800PE,0.10310073021533595
23-01-2026 15:20||NIFTY27JAN2625400CE,0.12079493854706069
23-01-2026 15:20||NIFTY27JAN2625500CE,0.12577314260887512
23-01-2026 15:20||NIFTY27JAN2625700CE,0.14279499047439015
23-01-2026 15:20||NIFTY27JAN2625900CE,0.16307087904644288
23-01-2026 15:20||NIFTY27JAN2626200CE,0.1964722745496052
23-01-2026 15:25||NIFTY27JAN2624500PE,0.1286303756076752
23-01-2026 15:25||NIFTY27JAN2624600PE,0.11594387498057444
23-01-2026 15:25||NIFTY27JAN2625700CE,0.1409183838013217
27-01-2026 09:15||NIFTY27JAN2626200CE,0.6667573763279729
27-01-2026 09:15||NIFTY27JAN2626400CE,0.7562964389751017
27-01-2026 09:15||NIFTY27JAN2626500CE,0.7972903769883881
27-01-2026 09:20||NIFTY27JAN2624400PE,0.4312266392792011
27-01-2026 09:20||NIFTY27JAN2624900PE,0.3994952086462635
27-01-2026 09:20||NIFTY27JAN2625100PE,0.41683891269268514
27-01-2026 09:20||NIFTY27JAN2625400CE,0.4027084034551998
27-01-2026 09:20||NIFTY27JAN2625500CE,0.43751262884754255
27-01-2026 09:20||NIFTY27JAN2625600CE,0.4754986339217329
27-01-2026 09:20||NIFTY27JAN2625700CE,0.5156081883105798
27-01-2026 09:20||NIFTY27JAN2626500CE,0.8848854221520291
27-01-2026 09:25||NIFTY27JAN2623900PE,0.652503572961175
27-01-2026 09:25||NIFTY27JAN2624600PE,0.3409821496609297
27-01-2026 09:25||NIFTY27JAN2625100PE,0.24727408120285185
27-01-2026 09:25||NIFTY27JAN2625500CE,0.4563477066475376
27-01-2026 09:25||NIFTY27JAN2625900CE,0.6342119657955905
27-01-2026 09:25||NIFTY27JAN2626500CE,0.9149520888186974
27-01-2026 09:30||NIFTY27JAN2624400PE,0.40056177485675953
27-01-2026 09:30||NIFTY27JAN2624800PE,0.27478891132903194
27-01-2026 09:30||NIFTY27JAN2624900PE,0.25883076083927076
27-01-2026 09:30||NIFTY27JAN2625400CE,0.4342060837242232
27-01-2026 09:30||NIFTY27JAN2625600CE,0.49540885771697335
27-01-2026 09:30||NIFTY27JAN2625800CE,0.5857366036292453
27-01-2026 09:30||NIFTY27JAN2626100CE,0.7397424705029232
27-01-2026 09:30||NIFTY27JAN2626400CE,0.8790283405258327
27-01-2026 09:35||NIFTY27JAN2623800PE,0.741095304970811
27-01-2026 09:35||NIFTY27JAN2624500PE,0.3947212828871547
27-01-2026 09:35||NIFTY27JAN2625700CE,0.48605290792363537
27-01-2026 09:35||NIFTY27JAN2626200CE,0.7265068060815157
27-01-2026 09:45||NIFTY27JAN2623800PE,0.8160440948293032
27-01-2026 09:45||NIFTY27JAN2624000PE,0.7255703362062301
27-01-2026 09:45||NIFTY27JAN2624500PE,0.48177379558135613
27-01-2026 09:45||NIFTY27JAN2625000PE,0.32698640142888136
27-01-2026 09:45||NIFTY27JAN2625600CE,0.3676569031342136
27-01-2026 09:45||NIFTY27JAN2626200CE,0.6410940738410443
27-01-2026 09:45||NIFTY27JAN2626300CE,0.694223149677549
27-01-2026 09:50||NIFTY27JAN2623800PE,0.8177717138769295
27-01-2026 09:50||NIFTY27JAN2624200PE,0.6311127489878583
27-01-2026 09:50||NIFTY27JAN2624800PE,0.3801469228524516
27-01-2026 09:50||NIFTY27JAN2624900PE,0.3631915532600195
27-01-2026 09:50||NIFTY27JAN2626300CE,0.6999301007447206
27-01-2026 09:55||NIFTY27JAN2624100PE,0.6799884410038202
27-01-2026 09:55||NIFTY27JAN2624700PE,0.4008151682309576
27-01-2026 09:55||NIFTY27JAN2624800PE,0.3866097459000618
27-01-2026 09:55||NIFTY27JAN2625000PE,0.35253007574497597
27-01-2026 09:55||NIFTY27JAN2625700CE,0.40631640229060423
27-01-2026 09:55||NIFTY27JAN2626000CE,0.562860653767518
27-01-2026 09:55||NIFTY27JAN2626200CE,0.6671152172384949
27-01-2026 10:00||NIFTY27JAN2624000PE,0.737705488041481
27-01-2026 10:00||NIFTY27JAN2625300CE,0.3175623907761343
27-01-2026 10:00||NIFTY27JAN2625400CE,0.3149430799385924
27-01-2026 10:00||NIFTY27JAN2625600CE,0.36053468301810304
27-01-2026 10:00||NIFTY27JAN2625800CE,0.45159560638587903
27-01-2026 10:00||NIFTY27JAN2626100CE,0.6114332521138534
27-01-2026 10:00||NIFTY27JAN2626400CE,0.7616282628610936
27-01-2026 10:00||NIFTY27JAN2626500CE,0.8006192654838885
27-01-2026 10:05||NIFTY27JAN2623800PE,0.8351750423229343
27-01-2026 10:05||NIFTY27JAN2623900PE,0.7812873190960489
27-01-2026 10:05||NIFTY27JAN2624100PE,0.6846059897593144
27-01-2026 10:05||NIFTY27JAN2626400CE,0.7658253032172774
27-01-2026 10:10||NIFTY27JAN2624200PE,0.6098163068028822
27-01-2026 10:10||NIFTY27JAN2624900PE,0.30478963741360354
27-01-2026 10:10||NIFTY27JAN2625300CE,0.374495441249424
27-01-2026 10:10||NIFTY27JAN2625600CE,0.38849366296020776
27-01-2026 10:15||NIFTY27JAN2625800CE,0.4677136930663184
27-01-2026 10:20||NIFTY27JAN2623900PE,0.826097842302698
27-01-2026 10:20||NIFTY27JAN2624500PE,0.5156863622685067
27-01-2026 10:20||NIFTY27JAN2624600PE,0.4632154708403683
27-01-2026 10:20||NIFTY27JAN2624800PE,0.38777969955258795
27-01-2026 10:20||NIFTY27JAN2625000PE,0.33485700775119415
27-01-2026 10:20||NIFTY27JAN2625400CE,0.298935916581024
27-01-2026 10:20||NIFTY27JAN2625800CE,0.4459207921600554
27-01-2026 10:25||NIFTY27JAN2624600PE,0.46484476957232423
27-01-2026 10:25||NIFTY27JAN2624900PE,0.392296963756267
27-01-2026 10:25||NIFTY27JAN2626000CE,0.5592534089965474
27-01-2026 10:25||NIFTY27JAN2626300CE,0.7148399873301796
27-01-2026 10:25||NIFTY27JAN2626400CE,0.7611367226479927
27-01-2026 10:30||NIFTY27JAN2624100PE,0.7001154830775218
27-01-2026 10:30||NIFTY27JAN2624800PE,0.36793136360717565
27-01-2026 10:30||NIFTY27JAN2625400CE,0.3242104863201497
27-01-2026 10:30||NIFTY27JAN2625600CE,0.37664699107299515
27-01-2026 10:30||NIFTY27JAN2625900CE,0.532882952835572
27-01-2026 10:30||NIFTY27JAN2626200CE,0.7004709945928821
27-01-2026 10:35||NIFTY27JAN2624300PE,0.5960734323735619
27-01-2026 10:35||NIFTY27JAN2624400PE,0.5411341470112919
27-01-2026 10:35||NIFTY27JAN2624800PE,0.3806085163311141
27-01-2026 10:35||NIFTY27JAN2625200CE,0.2679081839300843
27-01-2026 10:35||NIFTY27JAN2625300CE,0.278899527937536
27-01-2026 10:35||NIFTY27JAN2625700CE,0.4277144720464721
27-01-2026 10:40||NIFTY27JAN2624400PE,0.5148387321817942
27-01-2026 10:40||NIFTY27JAN2625200CE,0.2702913077297631
27-01-2026 10:40||NIFTY27JAN2625700CE,0.45138674672210877
27-01-2026 10:40||NIFTY27JAN2626100CE,0.6771121542988641
27-01-2026 10:40||NIFTY27JAN2626200CE,0.7294319777044822
27-01-2026 10:45||NIFTY27JAN2624000PE,0.708512358657321
27-01-2026 10:45||NIFTY27JAN2624700PE,0.3530602952312474
27-01-2026 10:45||NIFTY27JAN2624900PE,0.31268081760683786
27-01-2026 10:45||NIFTY27JAN2625500CE,0.39094623660202493
27-01-2026 10:45||NIFTY27JAN2626200CE,0.7789728769617842
27-01-2026 10:45||NIFTY27JAN2626400CE,0.868215996359917
27-01-2026 10:50||NIFTY27JAN2623900PE,0.7661883041220224
27-01-2026 10:50||NIFTY27JAN2624000PE,0.7168666344936816
27-01-2026 10:50||NIFTY27JAN2624600PE,0.3886034934115932
27-01-2026 10:50||NIFTY27JAN2625000PE,0.39178637365669233
27-01-2026 10:50||NIFTY27JAN2625200CE,0.3330067143739776
27-01-2026 10:50||NIFTY27JAN2625400CE,0.3658091427122604
27-01-2026 10:50||NIFTY27JAN2625700CE,0.525366632071569
27-01-2026 10:55||NIFTY27JAN2623900PE,0.7531771256945535
27-01-2026 10:55||NIFTY27JAN2624400PE,0.46433837252379073
27-01-2026 10:55||NIFTY27JAN2624900PE,0.3589493250238224
27-01-2026 10:55||NIFTY27JAN2625000PE,0.3717630100435546
27-01-2026 10:55||NIFTY27JAN2625300CE,0.3622032122626612
27-01-2026 10:55||NIFTY27JAN2625400CE,0.3840579680115137
27-01-2026 10:55||NIFTY27JAN2625600CE,0.48250659280634906
27-01-2026 10:55||NIFTY27JAN2626400CE,0.9183111077694749
27-01-2026 11:00||NIFTY27JAN2623800PE,0.833054369684615
27-01-2026 11:00||NIFTY27JAN2623900PE,0.7651723398275948
27-01-2026 11:00||NIFTY27JAN2624300PE,0.5138637140037322
27-01-2026 11:00||NIFTY27JAN2625200CE,0.3268460605864933
27-01-2026 11:00||NIFTY27JAN2625300CE,0.3502497922461955
27-01-2026 11:00||NIFTY27JAN2625400CE,0.3886572965875627
27-01-2026 11:00||NIFTY27JAN2626300CE,0.8897977703528822
27-01-2026 11:05||NIFTY27JAN2623800PE,0.8315434722487155
27-01-2026 11:05||NIFTY27JAN2624100PE,0.6655471144062591
27-01-2026 11:05||NIFTY27JAN2624200PE,0.5996242921036501
27-01-2026 11:05||NIFTY27JAN2624900PE,0.31752183095865555
27-01-2026 11:05||NIFTY27JAN2625300CE,0.37454180519816677
27-01-2026 11:05||NIFTY27JAN2625700CE,0.5446889782212735
27-01-2026 11:10||NIFTY27JAN2624200PE,0.6122488313401444
27-01-2026 11:10||NIFTY27JAN2624400PE,0.48845385155683435
27-01-2026 11:10||NIFTY27JAN2624900PE,0.3100662304948842
27-01-2026 11:10||NIFTY27JAN2625300CE,0.37090448415384375
27-01-2026 11:10||NIFTY27JAN2625500CE,0.4346623109259526
27-01-2026 11:10||NIFTY27JAN2625800CE,0.6027515511358907
27-01-2026 11:10||NIFTY27JAN2626500CE,0.9976513261186676
27-01-2026 11:15||NIFTY27JAN2624300PE,0.5520439069427381
27-01-2026 11:15||NIFTY27JAN2625000PE,0.2928985773495581
27-01-2026 11:15||NIFTY27JAN2625100PE,0.2596626660357196
27-01-2026 11:15||NIFTY27JAN2626400CE,0.9393109502626342
27-01-2026 11:20||NIFTY27JAN2625300CE,0.3395278326597698
27-01-2026 11:20||NIFTY27JAN2626100CE,0.7587580171076959
27-01-2026 11:25||NIFTY27JAN2623800PE,0.8631857997549868
27-01-2026 11:25||NIFTY27JAN2624000PE,0.7545928597016687
27-01-2026 11:25||NIFTY27JAN2624200PE,0.6397776361777816
27-01-2026 11:25||NIFTY27JAN2624900PE,0.29143739954564474
27-01-2026 11:25||NIFTY27JAN2625600CE,0.4729173786097977
27-01-2026 11:25||NIFTY27JAN2626500CE,0.9725678571904561
27-01-2026 11:30||NIFTY27JAN2624200PE,0.6745277671721266
27-01-2026 11:30||NIFTY27JAN2625100PE,0.33227763232352464
27-01-2026 11:30||NIFTY27JAN2625600CE,0.44302108286800496
27-01-2026 11:30||NIFTY27JAN2625900CE,0.6151246949153222
27-01-2026 11:30||NIFTY27JAN2626200CE,0.7943413176540851
27-01-2026 11:35||NIFTY27JAN2624000PE,0.7898450612452423
27-01-2026 11:35||NIFTY27JAN2624900PE,0.30620687860679496
27-01-2026 11:35||NIFTY27JAN2625200CE,0.3646577886105232
27-01-2026 11:40||NIFTY27JAN2623800PE,0.929307012502295
27-01-2026 11:40||NIFTY27JAN2624000PE,0.8111215388949562
27-01-2026 11:40||NIFTY27JAN2626000CE,0.6528214844118059
27-01-2026 11:40||NIFTY27JAN2626300CE,0.8116902403483093
27-01-2026 11:45||NIFTY27JAN2624300PE,0.669506441511896
27-01-2026 11:45||NIFTY27JAN2624400PE,0.6003940308860085
27-01-2026 11:45||NIFTY27JAN2624500PE,0.5390750320279188
27-01-2026 11:45||NIFTY27JAN2626100CE,0.67053103407882
27-01-2026 11:45||NIFTY27JAN2626400CE,0.827877670336087
27-01-2026 11:50||NIFTY27JAN2624700PE,0.4085123456836085
27-01-2026 11:50||NIFTY27JAN2624900PE,0.3718031540564556
27-01-2026 11:50||NIFTY27JAN2625700CE,0.47380087082343164
27-01-2026 11:50||NIFTY27JAN2626000CE,0.6450770073366453
27-01-2026 11:55||NIFTY27JAN2623900PE,0.880866102185798
27-01-2026 11:55||NIFTY27JAN2624000PE,0.8213677838873497
27-01-2026 11:55||NIFTY27JAN2624400PE,0.5589256337620367
27-01-2026 11:55||NIFTY27JAN2624500PE,0.48894075619009647
27-01-2026 11:55||NIFTY27JAN2624800PE,0.35807374692345445
27-01-2026 11:55||NIFTY27JAN2625200CE,0.38753195779136984
27-01-2026 11:55||NIFTY27JAN2625400CE,0.3792963390638471
27-01-2026 11:55||NIFTY27JAN2626500CE,0.9569479607576904
27-01-2026 12:00||NIFTY27JAN2624200PE,0.7068191142989102
27-01-2026 12:00||NIFTY27JAN2624300PE,0.6323349589089616
27-01-2026 12:00||NIFTY27JAN2624500PE,0.5098459478848802
27-01-2026 12:00||NIFTY27JAN2625100PE,0.2911849944592431
27-01-2026 12:00||NIFTY27JAN2625500CE,0.40303146878772117
27-01-2026 12:00||NIFTY27JAN2626100CE,0.7057646479476476
27-01-2026 12:00||NIFTY27JAN2626400CE,0.8850921897740613
27-01-2026 12:00||NIFTY27JAN2626500CE,0.9401127871244812
27-01-2026 12:05||NIFTY27JAN2624500PE,0.5291939010756117
27-01-2026 12:05||NIFTY27JAN2624700PE,0.42693197700606456
27-01-2026 12:05||NIFTY27JAN2625100PE,0.33331836115538155
27-01-2026 12:05||NIFTY27JAN2625900CE,0.5949881686435303
27-01-2026 12:05||NIFTY27JAN2626500CE,0.9394508823625705
27-01-2026 12:10||NIFTY27JAN2624400PE,0.6043564906317365
27-01-2026 12:10||NIFTY27JAN2625700CE,0.48774259524973756
27-01-2026 12:10||NIFTY27JAN2626400CE,0.9074456219583877
27-01-2026 12:15||NIFTY27JAN2624500PE,0.5533053181111965
27-01-2026 12:15||NIFTY27JAN2624600PE,0.48989808189400347
27-01-2026 12:15||NIFTY27JAN2626000CE,0.6763530363605795
27-01-2026 12:15||NIFTY27JAN2626200CE,0.7909781783359947
27-01-2026 12:20||NIFTY27JAN2624000PE,0.8855118322747332
27-01-2026 12:20||NIFTY27JAN2624200PE,0.7562353585596658
27-01-2026 12:20||NIFTY27JAN2625000PE,0.2955021041967902
27-01-2026 12:20||NIFTY27JAN2625300CE,0.3753202101374578
27-01-2026 12:20||NIFTY27JAN2625600CE,0.45118279404478073
27-01-2026 12:25||NIFTY27JAN2624100PE,0.839066962385159
27-01-2026 12:25||NIFTY27JAN2624700PE,0.46141307912400836
27-01-2026 12:25||NIFTY27JAN2625400CE,0.32577054296603564
27-01-2026 12:25||NIFTY27JAN2625900CE,0.6221173202603234
27-01-2026 12:30||NIFTY27JAN2625300CE,0.344547511268077
27-01-2026 12:35||NIFTY27JAN2624100PE,0.8473044193180915
27-01-2026 12:35||NIFTY27JAN2624400PE,0.6437859512597132
27-01-2026 12:35||NIFTY27JAN2624900PE,0.3876372557332464
27-01-2026 12:35||NIFTY27JAN2625100PE,0.34060350580904514
27-01-2026 12:35||NIFTY27JAN2625800CE,0.6025096272888166
27-01-2026 12:35||NIFTY27JAN2626100CE,0.7876789447516294
27-01-2026 12:40||NIFTY27JAN2624200PE,0.7755854640915999
27-01-2026 12:40||NIFTY27JAN2624700PE,0.4375021828039449
27-01-2026 12:40||NIFTY27JAN2624800PE,0.3992222534601785
27-01-2026 12:40||NIFTY27JAN2624900PE,0.3689330997788813
27-01-2026 12:40||NIFTY27JAN2625100PE,0.29807936106537986
27-01-2026 12:40||NIFTY27JAN2625200CE,0.37329355306060563
27-01-2026 12:40||NIFTY27JAN2625900CE,0.6858471058004095
27-01-2026 12:40||NIFTY27JAN2626000CE,0.7484689304249231
27-01-2026 12:40||NIFTY27JAN2626300CE,0.927763066594213
27-01-2026 12:45||NIFTY27JAN2625200CE,0.3233337544911684
27-01-2026 12:45||NIFTY27JAN2625700CE,0.565280394352697
27-01-2026 12:45||NIFTY27JAN2625900CE,0.7032368855861282
27-01-2026 12:45||NIFTY27JAN2626200CE,0.8874904246351061
27-01-2026 12:50||NIFTY27JAN2624600PE,0.4761099918944311
27-01-2026 12:50||NIFTY27JAN2625000PE,0.28015749331256196
27-01-2026 12:50||NIFTY27JAN2625100PE,0.22971405096382955
27-01-2026 12:50||NIFTY27JAN2625900CE,0.7306220538913216
27-01-2026 12:50||NIFTY27JAN2626200CE,0.91776169504521
27-01-2026 12:50||NIFTY27JAN2626500CE,1.0890378100178377
27-01-2026 12:55||NIFTY27JAN2623900PE,1.0284791641462767
27-01-2026 12:55||NIFTY27JAN2624000PE,0.95690028644189
27-01-2026 12:55||NIFTY27JAN2625500CE,0.44383833327447214
27-01-2026 12:55||NIFTY27JAN2625600CE,0.5163593830382639
27-01-2026 12:55||NIFTY27JAN2625800CE,0.6523486071746785
27-01-2026 12:55||NIFTY27JAN2626200CE,0.9112312878765275
27-01-2026 13:00||NIFTY27JAN2624100PE,0.8898203001693843
27-01-2026 13:00||NIFTY27JAN2624500PE,0.5877229903220306
27-01-2026 13:00||NIFTY27JAN2625400CE,0.392236181408033
27-01-2026 13:00||NIFTY27JAN2626000CE,0.7932269087119559
27-01-2026 13:05||NIFTY27JAN2623900PE,1.034428915198585
27-01-2026 13:05||NIFTY27JAN2624500PE,0.5818318130573156
27-01-2026 13:05||NIFTY27JAN2624800PE,0.3893577714386288
27-01-2026 13:10||NIFTY27JAN2624200PE,0.8240675399997659
27-01-2026 13:10||NIFTY27JAN2624500PE,0.6125024121576766
27-01-2026 13:10||NIFTY27JAN2624600PE,0.5376219033086244
27-01-2026 13:10||NIFTY27JAN2624700PE,0.4658761359565491
27-01-2026 13:15||NIFTY27JAN2624400PE,0.6932236561385795
27-01-2026 13:15||NIFTY27JAN2625000PE,0.3207999773946682
27-01-2026 13:15||NIFTY27JAN2625200CE,0.4046292934265017
27-01-2026 13:15||NIFTY27JAN2626300CE,1.053116364534828
27-01-2026 13:20||NIFTY27JAN2624000PE,1.0119460187383809
27-01-2026 13:20||NIFTY27JAN2624200PE,0.8564903437141089
27-01-2026 13:20||NIFTY27JAN2624600PE,0.5333287149603557
27-01-2026 13:20||NIFTY27JAN2624900PE,0.34637051559129606
27-01-2026 13:20||NIFTY27JAN2625700CE,0.6307694960649356
27-01-2026 13:20||NIFTY27JAN2625900CE,0.7844044662407603
27-01-2026 13:25||NIFTY27JAN2623800PE,1.1674153689989437
27-01-2026 13:25||NIFTY27JAN2625100PE,0.2588325771926008
27-01-2026 13:25||NIFTY27JAN2625700CE,0.6338989126570239
27-01-2026 13:30||NIFTY27JAN2624100PE,1.0081802091928378
27-01-2026 13:30||NIFTY27JAN2624300PE,0.8463072534558161
27-01-2026 13:30||NIFTY27JAN2625100PE,0.32785713592047294
27-01-2026 13:30||NIFTY27JAN2625400CE,0.42397614811171713
27-01-2026 13:30||NIFTY27JAN2626300CE,1.0996094931791114
27-01-2026 13:35||NIFTY27JAN2623900PE,1.1484373088125939
27-01-2026 13:35||NIFTY27JAN2624300PE,0.849626934112582
27-01-2026 13:35||NIFTY27JAN2624400PE,0.7555026613974232
27-01-2026 13:35||NIFTY27JAN2624600PE,0.6173193481491621
27-01-2026 13:35||NIFTY27JAN2624800PE,0.5347454878996115
27-01-2026 13:35||NIFTY27JAN2625300CE,0.3493423371326434
27-01-2026 13:35||NIFTY27JAN2625600CE,0.5767713792812866
27-01-2026 13:35||NIFTY27JAN2626000CE,0.9014883555778427
27-01-2026 13:35||NIFTY27JAN2626200CE,1.0584647345188554
27-01-2026 13:35||NIFTY27JAN2626300CE,1.1362106279227882
27-01-2026 13:35||NIFTY27JAN2626400CE,1.2196011502551358
27-01-2026 13:40||NIFTY27JAN2625500CE,0.5748316169950988
27-01-2026 13:40||NIFTY27JAN2626300CE,1.1969434868847153
27-01-2026 13:45||NIFTY27JAN2623800PE,1.2381210301421817
27-01-2026 13:45||NIFTY27JAN2623900PE,1.148384271563001
27-01-2026 13:45||NIFTY27JAN2624100PE,1.0003937263471272
27-01-2026 13:45||NIFTY27JAN2624700PE,0.4737837726860334
27-01-2026 13:45||NIFTY27JAN2625300CE,0.4607256082644307
27-01-2026 13:45||NIFTY27JAN2625600CE,0.6597419898768143
27-01-2026 13:45||NIFTY27JAN2625700CE,0.7385843236054755
27-01-2026 13:45||NIFTY27JAN2625800CE,0.8256361787901639
27-01-2026 13:45||NIFTY27JAN2625900CE,0.9128481128706268
27-01-2026 13:45||NIFTY27JAN2626000CE,0.9845474103889834
27-01-2026 13:45||NIFTY27JAN2626300CE,1.2122126181538222
27-01-2026 13:45||NIFTY27JAN2626400CE,1.2951588897120516
27-01-2026 13:50||NIFTY27JAN2623900PE,1.218293421224908
27-01-2026 13:50||NIFTY27JAN2624800PE,0.4417826083233543
27-01-2026 13:50||NIFTY27JAN2625000PE,0.38176776958491476
27-01-2026 13:50||NIFTY27JAN2626200CE,1.1631656135212443
27-01-2026 13:55||NIFTY27JAN2623800PE,1.3165455489248934
27-01-2026 13:55||NIFTY27JAN2624000PE,1.152812305902884
27-01-2026 13:55||NIFTY27JAN2624100PE,1.0713498688094916
27-01-2026 13:55||NIFTY27JAN2624300PE,0.8950249339151989
27-01-2026 13:55||NIFTY27JAN2624400PE,0.7789340208229644
27-01-2026 13:55||NIFTY27JAN2624600PE,0.5835068619232247
27-01-2026 13:55||NIFTY27JAN2624900PE,0.34904246455125865
27-01-2026 13:55||NIFTY27JAN2625400CE,0.5187695864148832
27-01-2026 13:55||NIFTY27JAN2625700CE,0.7964626492356834
27-01-2026 14:00||NIFTY27JAN2623800PE,1.363164834978403
27-01-2026 14:00||NIFTY27JAN2624300PE,0.9102841036110081
27-01-2026 14:00||NIFTY27JAN2624500PE,0.7089564140782774
27-01-2026 14:00||NIFTY27JAN2625000PE,0.39019625829319615
27-01-2026 14:00||NIFTY27JAN2625100PE,0.36331013310721605
27-01-2026 14:05||NIFTY27JAN2624000PE,1.2054820790959635
27-01-2026 14:05||NIFTY27JAN2624800PE,0.38751179224831067
27-01-2026 14:05||NIFTY27JAN2625400CE,0.5783176463183874
27-01-2026 14:05||NIFTY27JAN2625700CE,0.8768840844212596
27-01-2026 14:05||NIFTY27JAN2625800CE,0.9665828826025353
27-01-2026 14:05||NIFTY27JAN2626100CE,1.2544715315654822
27-01-2026 14:05||NIFTY27JAN2626200CE,1.2892712330447078
27-01-2026 14:05||NIFTY27JAN2626400CE,1.5095381198918976
27-01-2026 14:10||NIFTY27JAN2623900PE,1.2798352700697535
27-01-2026 14:10||NIFTY27JAN2624000PE,1.2458093550916995
27-01-2026 14:10||NIFTY27JAN2624600PE,0.6158181243644459
27-01-2026 14:10||NIFTY27JAN2625500CE,0.6645152317353878
27-01-2026 14:10||NIFTY27JAN2626000CE,1.1453638318086112
27-01-2026 14:10||NIFTY27JAN2626200CE,1.290691149394298
27-01-2026 14:15||NIFTY27JAN2624000PE,1.2962616857277576
27-01-2026 14:15||NIFTY27JAN2624400PE,0.8392409004421214
27-01-2026 14:15||NIFTY27JAN2624900PE,0.3540937219485254
27-01-2026 14:15||NIFTY27JAN2625600CE,0.7795825630699157
27-01-2026 14:15||NIFTY27JAN2625800CE,0.9932798345840824
27-01-2026 14:20||NIFTY27JAN2624100PE,1.1999885487707413
27-01-2026 14:20||NIFTY27JAN2625500CE,0.6934574039481524
27-01-2026 14:20||NIFTY27JAN2626000CE,1.1980729666630612
27-01-2026 14:20||NIFTY27JAN2626100CE,1.3040625839147897
27-01-2026 14:20||NIFTY27JAN2626500CE,1.7119194255901387
27-01-2026 14:25||NIFTY27JAN2623800PE,1.5768629542761277
27-01-2026 14:25||NIFTY27JAN2623900PE,1.4455409418664473
27-01-2026 14:25||NIFTY27JAN2624000PE,1.342493306285231
27-01-2026 14:25||NIFTY27JAN2624200PE,1.1261257885414382
27-01-2026 14:25||NIFTY27JAN2624300PE,0.9967179628039239
27-01-2026 14:25||NIFTY27JAN2624800PE,0.40508868640139495
27-01-2026 14:25||NIFTY27JAN2624900PE,0.31947969463695586
27-01-2026 14:25||NIFTY27JAN2625000PE,0.2423953291070198
27-01-2026 14:25||NIFTY27JAN2625700CE,0.9441474008992474
27-01-2026 14:30||NIFTY27JAN2624000PE,1.4148320738960416
27-01-2026 14:30||NIFTY27JAN2624200PE,1.212105011169283
27-01-2026 14:30||NIFTY27JAN2624600PE,0.6976728747270025
27-01-2026 14:30||NIFTY27JAN2625100PE,0.2615579841079402
27-01-2026 14:30||NIFTY27JAN2626400CE,1.7640259545648405
27-01-2026 14:35||NIFTY27JAN2624000PE,1.4641724465487351
27-01-2026 14:35||NIFTY27JAN2624200PE,1.2691272785947638
27-01-2026 14:35||NIFTY27JAN2624900PE,0.3339036487914653
27-01-2026 14:35||NIFTY27JAN2625000PE,0.26596866314387163
27-01-2026 14:35||NIFTY27JAN2626200CE,1.594945058002319
27-01-2026 14:40||NIFTY27JAN2624000PE,1.5820572647471152
27-01-2026 14:40||NIFTY27JAN2624800PE,0.5555411894941897
27-01-2026 14:40||NIFTY27JAN2626200CE,1.510640913516268
27-01-2026 14:40||NIFTY27JAN2626400CE,1.7345451871502238
27-01-2026 14:45||NIFTY27JAN2624000PE,1.639648995604257
27-01-2026 14:45||NIFTY27JAN2624200PE,1.4035838307958342
27-01-2026 14:45||NIFTY27JAN2624700PE,0.7344977177353159
27-01-2026 14:45||NIFTY27JAN2625400CE,0.5494500383721475
27-01-2026 14:45||NIFTY27JAN2626400CE,1.816218361691958
27-01-2026 14:45||NIFTY27JAN2626500CE,1.8679001914727373
27-01-2026 14:50||NIFTY27JAN2623800PE,2.0679214116212803
27-01-2026 14:50||NIFTY27JAN2624000PE,1.7691783410972206
27-01-2026 14:50||NIFTY27JAN2624200PE,1.5170010355563412
27-01-2026 14:50||NIFTY27JAN2624800PE,0.6322774711352532
27-01-2026 14:50||NIFTY27JAN2625200CE,0.32556055862787936
27-01-2026 14:50||NIFTY27JAN2625900CE,1.248833587043359
27-01-2026 14:55||NIFTY27JAN2623800PE,2.2122947449546073
27-01-2026 14:55||NIFTY27JAN2624000PE,1.9683961065420064
27-01-2026 14:55||NIFTY27JAN2624800PE,0.7508817347318348
27-01-2026 14:55||NIFTY27JAN2625500CE,0.6711070715399826
27-01-2026 14:55||NIFTY27JAN2625800CE,1.141505746325984
27-01-2026 14:55||NIFTY27JAN2626400CE,1.8721429654688975
27-01-2026 15:00||NIFTY27JAN2624100PE,1.78745952056894
27-01-2026 15:00||NIFTY27JAN2624700PE,0.8525123266065995
27-01-2026 15:00||NIFTY27JAN2625100PE,0.14025609946986403
27-01-2026 15:00||NIFTY27JAN2625400CE,0.5927665175852158
27-01-2026 15:05||NIFTY27JAN2624000PE,2.1655734283552475
27-01-2026 15:05||NIFTY27JAN2624100PE,1.9122487452757024
27-01-2026 15:05||NIFTY27JAN2624200PE,1.9306128156277973
27-01-2026 15:05||NIFTY27JAN2624500PE,1.2785391386077911
27-01-2026 15:05||NIFTY27JAN2626300CE,2.0549163668224932
27-01-2026 15:10||NIFTY27JAN2623900PE,2.4967887985769606
27-01-2026 15:10||NIFTY27JAN2624000PE,2.332073920480485
27-01-2026 15:10||NIFTY27JAN2624900PE,0.613022007153079
27-01-2026 15:10||NIFTY27JAN2625400CE,0.6460314368482308
27-01-2026 15:10||NIFTY27JAN2625600CE,0.9310894737706521
27-01-2026 15:10||NIFTY27JAN2625800CE,1.3261510198658049
27-01-2026 15:10||NIFTY27JAN2626000CE,1.72648784218689
27-01-2026 15:15||NIFTY27JAN2625000PE,0.5365705982665413
27-01-2026 15:15||NIFTY27JAN2625900CE,1.6945267578949141
27-01-2026 15:15||NIFTY27JAN2626000CE,1.983953222665992
27-01-2026 15:15||NIFTY27JAN2626400CE,2.7493709878928705
27-01-2026 15:20||NIFTY27JAN2623800PE,3.939326058306721
27-01-2026 15:20||NIFTY27JAN2623900PE,3.6468937704431266
27-01-2026 15:20||NIFTY27JAN2624900PE,0.9744946136117275
27-01-2026 15:20||NIFTY27JAN2625500CE,0.9689114818928151
27-01-2026 15:20||NIFTY27JAN2626000CE,2.3224559353808623
27-01-2026 15:20||NIFTY27JAN2626300CE,3.088221679418709
27-01-2026 15:20||NIFTY27JAN2626400CE,3.4205810246272357
27-01-2026 15:25||NIFTY27JAN2623800PE,5.798632701520076
27-01-2026 15:25||NIFTY27JAN2624900PE,1.5058475053087093
27-01-2026 15:25||NIFTY27JAN2625100PE,0.7015370529854406
27-01-2026 15:25||NIFTY27JAN2626100CE,3.459187919783393
27-01-2026 15:25||NIFTY27JAN2626300CE,4.1205260558413705
27-01-2026 15:25||NIFTY27JAN2626400CE,4.498047323601283
27-01-2026 15:25||NIFTY27JAN2626500CE,4.862934052948595
